id,title,overview,release_date,popularity,vote_count,vote_average,poster_path,backdrop_path,original_language,genres,runtime,budget,revenue,homepage,tagline,status,imdb_id,production_companies,production_countries,spoken_languages,last_updated
1279493,The Get Out,"A nightclub owner is on the verge of leaving his dangerous past behind for retirement with his girlfriend. When masked gunmen rob him and he finds himself squeezed by ruthless cartels, a mysterious newcomer arrives with an interest in buying the business. With danger closing in from all sides, he must navigate a deadly web of deception, power, and survival  -  where escape may no longer be an option.",2026-06-18,28.5692,98,6.005,/55DIb4KFbP1sxthytmWbVESs8Hg.jpg,/mDVnHFcxxUJC9TQFVeKh1TJNBzh.jpg,en,"[{""id"": 28, ""name"": ""Action""}, {""id"": 53, ""name"": ""Thriller""}]",111,0,0,"",The night life is dirty business.,Released,tt32321803,"[{""id"": 110723, ""name"": ""Nickel City Pictures"", ""logo_path"": ""/27Od860h9Xc7gDS3Pph6yRlUyBI.png"", ""origin_country"": ""US""}, {""id"": 221397, ""name"": ""A Higher Standard"", ""logo_path"": ""/aj3EiCWM5jKxDJGZh34KV6L9HcE.png"", ""origin_country"": ""US""}, {""id"": 219277, ""name"": ""G2 Dispatch"", ""logo_path"": null, ""origin_country"": ""AU""}, {""id"": 253092, ""name"": ""Life & Soul Pictures"", ""logo_path"": ""/c0IeAmYXNix7gMJbWzPGHzzsTwv.png"", ""origin_country"": ""GB""}, {""id"": 181874, ""name"": ""Fifth Season"", ""logo_path"": ""/crrgXvLhDO9c57HYrbO4H58Vxmb.png"", ""origin_country"": ""US""}]","[{""name"": ""United States of America"", ""iso_3166_1"": ""US""}, {""name"": ""Australia"", ""iso_3166_1"": ""AU""}, {""name"": ""United Kingdom"", ""iso_3166_1"": ""GB""}]","[{""name"": ""English"", ""iso_639_1"": ""en"", ""english_name"": ""English""}]",2026-09-27 09:47:05.635683
276488,Let Us Prey,"Rachel, a rookie cop, is about to begin her first night shift in a neglected police station in a Scottish, backwater town. The kind of place where the tide has gone out and stranded a motley bunch of the aimless, the forgotten, the bitter-and-twisted who all think that, really, they deserve to be somewhere else. They all think they're there by accident and that, with a little luck, life is going to get better. Wrong, on both counts. Six is about to arrive - and All Hell Will Break Loose!",2014-04-17,69.4524,379,5.73,/7X5VhHwDaSLkrDoifRbfvGZJxFP.jpg,/ewy2aJDFtqMzCrDg0wsZ3G2MOpo.jpg,en,"[{""id"": 53, ""name"": ""Thriller""}, {""id"": 27, ""name"": ""Horror""}]",92,0,0,"",Darkness Shall Rise,Released,tt3148348,"[{""id"": 47348, ""name"": ""Greenhouse Media Investment"", ""logo_path"": null, ""origin_country"": """"}, {""id"": 2446, ""name"": ""Makar Productions"", ""logo_path"": null, ""origin_country"": """"}, {""id"": 18078, ""name"": ""Fantastic Films"", ""logo_path"": ""/n9je6Az0niL6B6FuudI3FmkqP0p.png"", ""origin_country"": ""IE""}, {""id"": 1898, ""name"": ""Fís Éireann/Screen Ireland"", ""logo_path"": ""/8ix6SGlJiyuUDxLBtY8E0PY2G7w.png"", ""origin_country"": ""IE""}]","[{""name"": ""Ireland"", ""iso_3166_1"": ""IE""}, {""name"": ""United Kingdom"", ""iso_3166_1"": ""GB""}]","[{""name"": ""English"", ""iso_639_1"": ""en"", ""english_name"": ""English""}]",2026-09-27 09:47:05.635683
533514,Violet Evergarden: The Movie,"As the world moves on from the war and technological advances bring changes to her life, Violet still hopes to see her lost commanding officer again.",2020-09-18,9.8874,546,8.291,/bajajkoErDst0JxdFyBkABiF9rW.jpg,/wGwSWDG3LIQxchg2M8HV7bDqYKU.jpg,ja,"[{""id"": 16, ""name"": ""Animation""}, {""id"": 18, ""name"": ""Drama""}, {""id"": 14, ""name"": ""Fantasy""}, {""id"": 10749, ""name"": ""Romance""}]",140,0,20339624,https://www.netflix.com/title/81193214,"",Released,tt8652818,"[{""id"": 5438, ""name"": ""Kyoto Animation"", ""logo_path"": ""/leZ8GPCL0GneHHayPVnXtB3p0We.png"", ""origin_country"": ""JP""}, {""id"": 86839, ""name"": ""ABC Animation"", ""logo_path"": ""/cnOJAkVVmKZLIzmgw4fRRZ2dctT.png"", ""origin_country"": ""JP""}, {""id"": 9148, ""name"": ""Pony Canyon"", ""logo_path"": ""/rtW3NadfF4kR5mTW00ahiFxw6k7.png"", ""origin_country"": ""JP""}, {""id"": 136217, ""name"": ""Bandai Namco Arts"", ""logo_path"": ""/dBYuplhBgeOsGPQOI0LukWNbFWE.png"", ""origin_country"": ""JP""}, {""id"": 244119, ""name"": ""Rakuonsha"", ""logo_path"": null, ""origin_country"": ""JP""}]","[{""name"": ""Japan"", ""iso_3166_1"": ""JP""}]","[{""name"": ""日本語"", ""iso_639_1"": ""ja"", ""english_name"": ""Japanese""}]",2026-09-27 09:47:05.635683
3082,Modern Times,"A bumbling tramp desires to build a home with a young woman, yet is thwarted time and time again by his lack of experience and habit of being in the wrong place at the wrong time...",1936-02-05,11.5214,4203,8.281,/AthaPakkuCLROdKxtRbKWclkDBK.jpg,/kSlO1pHpwQfPQdgVPr7dJiJNtJ8.jpg,en,"[{""id"": 35, ""name"": ""Comedy""}, {""id"": 18, ""name"": ""Drama""}, {""id"": 10749, ""name"": ""Romance""}]",87,1500000,1800000,"","He stands alone as the greatest entertainer of modern times! No one on earth can make you laugh as heartily or touch your heart as deeply...the whole world laughs, cries and thrills to his priceless genius!",Released,tt0027977,"[{""id"": 1315, ""name"": ""Charles Chaplin Productions"", ""logo_path"": null, ""origin_country"": ""US""}]","[{""name"": ""United States of America"", ""iso_3166_1"": ""US""}]","[{""name"": ""No Language"", ""iso_639_1"": ""xx"", ""english_name"": ""No Language""}]",2026-09-27 09:47:05.635683
150540,Inside Out,"When 11-year-old Riley moves to a new city, her Emotions team up to help her through the transition. Joy, Fear, Anger, Disgust and Sadness work together, but when Joy and Sadness get lost, they must journey through unfamiliar places to get back home.",2015-06-17,61.8844,23931,7.905,/2H1TmgdfNtsKlU9jKdeNyYL5y8T.jpg,/jJKZaTBNenlFclQyjrnvzkRmvWE.jpg,en,"[{""id"": 16, ""name"": ""Animation""}, {""id"": 10751, ""name"": ""Family""}, {""id"": 12, ""name"": ""Adventure""}, {""id"": 18, ""name"": ""Drama""}, {""id"": 35, ""name"": ""Comedy""}]",95,175000000,857611174,http://movies.disney.com/inside-out,Meet the little voices inside your head.,Released,tt2096673,"[{""id"": 3, ""name"": ""Pixar"", ""logo_path"": ""/1TjvGVDMYsj6JBxOAkUHpPEwLf7.png"", ""origin_country"": ""US""}]","[{""name"": ""United States of America"", ""iso_3166_1"": ""US""}]","[{""name"": ""English"", ""iso_639_1"": ""en"", ""english_name"": ""English""}]",2026-09-27 09:47:05.635683
13,Forrest Gump,"A man with a low IQ has accomplished great things in his life and been present during significant historic events—in each case, far exceeding what anyone imagined he could do. But despite all he has achieved, his one true love eludes him.",1994-06-23,38.7929,30530,8.461,/Cw4hIUIAmSYfK9QfaUW5igp9La.jpg,/66Kn4XWhkuPkJxOJyPEx4U2CUfN.jpg,en,"[{""id"": 35, ""name"": ""Comedy""}, {""id"": 18, ""name"": ""Drama""}, {""id"": 10749, ""name"": ""Romance""}]",142,55000000,677387716,https://www.paramountmovies.com/movies/forrest-gump,The world will never be the same once you've seen it through the eyes of Forrest Gump.,Released,tt0109830,"[{""id"": 4, ""name"": ""Paramount Pictures"", ""logo_path"": ""/jay6WcMgagAklUt7i9Euwj1pzTF.png"", ""origin_country"": ""US""}, {""id"": 21920, ""name"": ""The Steve Tisch Company"", ""logo_path"": null, ""origin_country"": ""US""}, {""id"": 412, ""name"": ""Wendy Finerman Productions"", ""logo_path"": null, ""origin_country"": ""US""}]","[{""name"": ""United States of America"", ""iso_3166_1"": ""US""}]","[{""name"": ""English"", ""iso_639_1"": ""en"", ""english_name"": ""English""}]",2026-09-27 09:47:05.635683
299534,Avengers: Endgame,"After the devastating events of Avengers: Infinity War, the universe is in ruins due to the efforts of the Mad Titan, Thanos. With the help of remaining allies, the Avengers must assemble once more in order to undo Thanos' actions and restore order to the universe once and for all, no matter what consequences may be in store.",2019-04-24,121.8788,28803,8.245,/ulzhLuWrPK07P1YkdWQLZnQh1JL.jpg,/7RyHsO4yDXtBv1zUU3mTpHeQ0d5.jpg,en,"[{""id"": 12, ""name"": ""Adventure""}, {""id"": 878, ""name"": ""Science Fiction""}, {""id"": 28, ""name"": ""Action""}]",181,356000000,2810639100,https://www.marvel.com/movies/avengers-endgame,Avenge the fallen.,Released,tt4154796,"[{""id"": 420, ""name"": ""Marvel Studios"", ""logo_path"": ""/hUzeosd33nzE5MCNsZxCGEKTXaQ.png"", ""origin_country"": ""US""}]","[{""name"": ""United States of America"", ""iso_3166_1"": ""US""}]","[{""name"": ""English"", ""iso_639_1"": ""en"", ""english_name"": ""English""}, {""name"": ""日本語"", ""iso_639_1"": ""ja"", ""english_name"": ""Japanese""}, {""name"": """", ""iso_639_1"": ""xh"", ""english_name"": ""Xhosa""}]",2026-09-27 09:47:05.635683
1185806,PAW Patrol: The Dino Movie,"The Paw Patrol lands on a mysterious dinosaur island after a storm, where they meet Rex, a stranded pup. When Humdinger's reckless mining triggers a volcano, the team faces their biggest rescue mission yet to save the island.",2026-07-23,86.7289,141,8.089,/qnin56Syy5rbG7KCaxWY7SPuy6p.jpg,/6TSxLmwT7j1ugtKi8NyMmdzWAGj.jpg,en,"[{""id"": 16, ""name"": ""Animation""}, {""id"": 12, ""name"": ""Adventure""}, {""id"": 10751, ""name"": ""Family""}, {""id"": 14, ""name"": ""Fantasy""}, {""id"": 35, ""name"": ""Comedy""}]",88,40000000,138326933,https://www.paramountpictures.com/movies/paw-patrol-3-the-dino-movie,An adventure of prehistoric pawportions.,Released,tt29356163,"[{""id"": 71738, ""name"": ""Spin Master"", ""logo_path"": ""/9SiK63A0hOmn3FiLCEqydtE1ZQW.png"", ""origin_country"": ""CA""}, {""id"": 2348, ""name"": ""Nickelodeon Movies"", ""logo_path"": ""/m31fQvZJuUvAgxoqTiCGYFBfZYe.png"", ""origin_country"": ""US""}, {""id"": 24955, ""name"": ""Paramount Animation"", ""logo_path"": ""/bX3cYCRWdddXTgIcDEfNiVa8U4j.png"", ""origin_country"": ""US""}]","[{""name"": ""Canada"", ""iso_3166_1"": ""CA""}, {""name"": ""United States of America"", ""iso_3166_1"": ""US""}]","[{""name"": ""English"", ""iso_639_1"": ""en"", ""english_name"": ""English""}]",2026-09-27 09:47:05.635683
299536,Avengers: Infinity War,"As the Avengers and their allies have continued to protect the world from threats too large for any one hero to handle, a new danger has emerged from the cosmic shadows: Thanos. A despot of intergalactic infamy, his goal is to collect all six Infinity Stones, artifacts of unimaginable power, and use them to inflict his twisted will on all of reality. Everything the Avengers have fought for has led up to this moment - the fate of Earth and existence itself has never been more uncertain.",2018-04-25,99.9965,32987,8.243,/7WsyChQLEftFiDOVTGkv3hFpyyt.jpg,/mDfJG3LC3Dqb67AZ52x3Z0jU0uB.jpg,en,"[{""id"": 12, ""name"": ""Adventure""}, {""id"": 28, ""name"": ""Action""}, {""id"": 878, ""name"": ""Science Fiction""}]",149,300000000,2052415039,https://www.marvel.com/movies/avengers-infinity-war,An entire universe. Once and for all.,Released,tt4154756,"[{""id"": 420, ""name"": ""Marvel Studios"", ""logo_path"": ""/hUzeosd33nzE5MCNsZxCGEKTXaQ.png"", ""origin_country"": ""US""}]","[{""name"": ""United States of America"", ""iso_3166_1"": ""US""}]","[{""name"": ""English"", ""iso_639_1"": ""en"", ""english_name"": ""English""}, {""name"": """", ""iso_639_1"": ""xh"", ""english_name"": ""Xhosa""}]",2026-09-27 09:47:05.635683
11,Star Wars,Princess Leia is captured and held hostage by the evil Imperial forces in their effort to take over the galactic Empire. Venturesome Luke Skywalker and dashing captain Han Solo team together with the loveable robot duo R2-D2 and C-3PO to rescue the beautiful princess and restore peace and justice in the Empire.,1977-05-25,34.6298,22914,8.207,/fai0rspsNeJCS69wHNjOdWxcI7P.jpg,/zqkmTXzjkAgXmEWLRsY4UpTWCeo.jpg,en,"[{""id"": 12, ""name"": ""Adventure""}, {""id"": 28, ""name"": ""Action""}, {""id"": 878, ""name"": ""Science Fiction""}]",121,11000000,775398007,http://www.starwars.com/films/star-wars-episode-iv-a-new-hope,"A long time ago in a galaxy far, far away...",Released,tt0076759,"[{""id"": 1, ""name"": ""Lucasfilm Ltd."", ""logo_path"": ""/tlVSws0RvvtPBwViUyOFAO0vcQS.png"", ""origin_country"": ""US""}]","[{""name"": ""United States of America"", ""iso_3166_1"": ""US""}]","[{""name"": ""English"", ""iso_639_1"": ""en"", ""english_name"": ""English""}]",2026-09-27 09:47:05.635683
1110034,Kraken,"A marine biologist is doing research on a fish farm when she encounters several strange occurrences. Along with the brutal deaths of two teenagers, all signs point to the deep fjord; can there be more to the depths than the eye can see?",2026-02-06,46.0457,336,6.253,/snjASPpfqpkmA7lVXDo24rA8I0z.jpg,/oV472EbPedkc5QzqolGc7sCgCnn.jpg,no,"[{""id"": 27, ""name"": ""Horror""}, {""id"": 28, ""name"": ""Action""}, {""id"": 53, ""name"": ""Thriller""}]",94,1000000,14329678,https://www.handmadefilms.no/nye-prosjekter,Only 5% of the ocean has been explored for a reason…,Released,tt19838566,"[{""id"": 119141, ""name"": ""Handmade films in Norwegian Woods"", ""logo_path"": ""/bTHtOUdHmlzZdMDaCwXbERngUId.png"", ""origin_country"": ""NO""}, {""id"": 38072, ""name"": ""Nordisk Film Norway"", ""logo_path"": ""/obOynoztBEhDNfHsDXBqOuQLAZk.png"", ""origin_country"": ""NO""}]","[{""name"": ""Norway"", ""iso_3166_1"": ""NO""}]","[{""name"": ""Norsk"", ""iso_639_1"": ""no"", ""english_name"": ""Norwegian""}, {""name"": ""English"", ""iso_639_1"": ""en"", ""english_name"": ""English""}, {""name"": ""日本語"", ""iso_639_1"": ""ja"", ""english_name"": ""Japanese""}]",2026-09-27 09:47:05.635683
372754,Dou kyu sei – Classmates,"Rihito Sajo, an honor student with a perfect score on the entrance exam and Hikaru Kusakabe, in a band and popular among girls, would have never crossed paths. Until one day they started talking at the practice for their school’s upcoming chorus festival. After school, the two meet regularly, as Hikaru helps Rihito to improve his singing skills. While they listen to each other’s voice and harmonize, their hearts start to beat together.",2016-02-20,6.5942,467,8.313,/cIfRCA5wEvj9tApca4UDUagQEiM.jpg,/tLmyP7akYmxLwyfTEt2qyj2sOR3.jpg,ja,"[{""id"": 10749, ""name"": ""Romance""}, {""id"": 16, ""name"": ""Animation""}]",61,0,1397526,http://doukyuseimovie.com/,"Sincerely, Slowly, Falling in Love.",Released,tt5526028,"[{""id"": 13113, ""name"": ""A-1 Pictures"", ""logo_path"": ""/xV5tPYKZhP2Ko9dOh5A3FahuKsx.png"", ""origin_country"": ""JP""}, {""id"": 2883, ""name"": ""Aniplex"", ""logo_path"": ""/rDYExnBV61jGQnkhVVrPN4Yl7O1.png"", ""origin_country"": ""JP""}, {""id"": 249175, ""name"": ""HALF H･P STUDIO"", ""logo_path"": ""/kAsLr1tqACZk9o8A3Lj52851oVw.png"", ""origin_country"": ""JP""}]","[{""name"": ""Japan"", ""iso_3166_1"": ""JP""}]","[{""name"": ""日本語"", ""iso_639_1"": ""ja"", ""english_name"": ""Japanese""}]",2026-09-27 09:47:05.635683
568332,Taylor Swift: Reputation Stadium Tour,"Taylor Swift takes the stage in Dallas for the Reputation Stadium Tour and celebrates a monumental night of music, memories and visual magic.",2018-12-31,3.9582,437,8.199,/u6oXUTtOuJRPdUgUuPAVVJPSKCo.jpg,/4uMrZS7XEHRNKwHr5wSOxROanPF.jpg,en,"[{""id"": 10402, ""name"": ""Music""}]",125,0,0,https://www.netflix.com/title/81026251,"And in the death of her reputation, she felt truly alive.",Released,tt9426852,"[{""id"": 91410, ""name"": ""Den of Thieves"", ""logo_path"": ""/klnZXdGFzDn6fBqHgJs91PYLSUZ.png"", ""origin_country"": ""US""}, {""id"": 69922, ""name"": ""Taylor Swift Productions"", ""logo_path"": ""/afnIZUPqGAmPh9rFncRGA2vEVwx.png"", ""origin_country"": ""US""}]","[{""name"": ""United States of America"", ""iso_3166_1"": ""US""}]","[{""name"": ""English"", ""iso_639_1"": ""en"", ""english_name"": ""English""}]",2026-09-27 09:47:05.635683
977942,The Uprising,"As war and plague devastate 14th-century England, a humble peasant ignites a rebellion, uniting an army of commoners to defy the King’s might in a desperate fight for justice and survival.",2026-09-10,36.621,18,7.2,/jme7VvETwHdPQt90HPs0aL6KMln.jpg,/4YyuSadBoc5k6krj0REcYH15DXG.jpg,en,"[{""id"": 28, ""name"": ""Action""}, {""id"": 36, ""name"": ""History""}, {""id"": 18, ""name"": ""Drama""}]",128,20000000,7701314,https://www.focusfeatures.com/the-uprising,Rise or die.,Released,tt36983905,"[{""id"": 3172, ""name"": ""Blumhouse Productions"", ""logo_path"": ""/rzKluDcRkIwHZK2pHsiT667A2Kw.png"", ""origin_country"": ""US""}, {""id"": 239077, ""name"": ""Supernix"", ""logo_path"": null, ""origin_country"": ""DE""}, {""id"": 227877, ""name"": ""Thank You Pictures"", ""logo_path"": null, ""origin_country"": ""US""}, {""id"": 76907, ""name"": ""Atomic Monster"", ""logo_path"": ""/ygMQtjsKX7BZkCQhQZY82lgnCUO.png"", ""origin_country"": ""US""}, {""id"": 67260, ""name"": ""Electric Shadow Company"", ""logo_path"": ""/oV2FZfhRcEc1HReC66e1L4t2qPV.png"", ""origin_country"": ""GB""}, {""id"": 7493, ""name"": ""FilmNation Entertainment"", ""logo_path"": ""/fHitYiGUCkRafgt6VPYQlXWLkdp.png"", ""origin_country"": ""US""}]","[{""name"": ""Germany"", ""iso_3166_1"": ""DE""}, {""name"": ""United Kingdom"", ""iso_3166_1"": ""GB""}, {""name"": ""United States of America"", ""iso_3166_1"": ""US""}]","[{""name"": ""English"", ""iso_639_1"": ""en"", ""english_name"": ""English""}]",2026-09-27 09:47:05.635683
313369,La La Land,"Mia, an aspiring actress, serves lattes to movie stars in between auditions and Sebastian, a jazz musician, scrapes by playing cocktail party gigs in dingy bars, but as success mounts they are faced with decisions that begin to fray the fragile fabric of their love affair, and the dreams they worked so hard to maintain in each other threaten to rip them apart.",2016-12-01,28.4333,18520,7.895,/uDO8zWDhfWwoFdKS4fzkUJt0Rf0.jpg,/nlPCdZlHtRNcF6C9hzUH4ebmV1w.jpg,en,"[{""id"": 35, ""name"": ""Comedy""}, {""id"": 18, ""name"": ""Drama""}, {""id"": 10749, ""name"": ""Romance""}]",129,30000000,509183536,https://www.lionsgate.com/movies/la-la-land,Here's to the fools who dream.,Released,tt3783958,"[{""id"": 491, ""name"": ""Summit Entertainment"", ""logo_path"": ""/5LvDUt3KmvRnXQ4NrdWJYHeuA8J.png"", ""origin_country"": ""US""}, {""id"": 10161, ""name"": ""Gilbert Films"", ""logo_path"": null, ""origin_country"": ""US""}, {""id"": 53247, ""name"": ""Impostor Pictures"", ""logo_path"": null, ""origin_country"": ""US""}, {""id"": 2527, ""name"": ""Marc Platt Productions"", ""logo_path"": ""/mNSqvPrlkAcdQlEZ3Ttmx75Z8Xw.png"", ""origin_country"": ""US""}]","[{""name"": ""United States of America"", ""iso_3166_1"": ""US""}]","[{""name"": ""English"", ""iso_639_1"": ""en"", ""english_name"": ""English""}]",2026-09-27 09:47:05.635683
445466,Idiots,"Two rock-bottom drivers transport a wealthy teen to rehab, but their simple job spirals into a chaotic journey of drugs, danger, and crime as their passenger derails their plans.",2026-08-20,53.3469,29,6.621,/flpCqxH46pGZD1kNOdYgrVsDoTm.jpg,/lneqlgbg3XUjNaeGYk8arhgzczo.jpg,en,"[{""id"": 35, ""name"": ""Comedy""}, {""id"": 80, ""name"": ""Crime""}]",100,0,1194626,https://www.idiotsmovie.com/,They're doing their best.,Released,tt6628920,"[{""id"": 215935, ""name"": ""Gramercy Park Media"", ""logo_path"": ""/pYh0UKZbx8WGKLDZuBkq7WwvGSH.png"", ""origin_country"": ""US""}, {""id"": 233099, ""name"": ""Peachtree Media Partners"", ""logo_path"": null, ""origin_country"": ""US""}, {""id"": 20848, ""name"": ""Rough House Pictures"", ""logo_path"": ""/xfQxrdf3WumiLoaMS2F3xWO6nKF.png"", ""origin_country"": ""US""}, {""id"": 125043, ""name"": ""Bonneville Pictures"", ""logo_path"": null, ""origin_country"": ""US""}, {""id"": 304790, ""name"": ""NewStar Financing"", ""logo_path"": null, ""origin_country"": ""US""}, {""id"": 302754, ""name"": ""Cosmic Distribution"", ""logo_path"": null, ""origin_country"": ""US""}, {""id"": 20312, ""name"": ""TPC"", ""logo_path"": ""/iYmytRQt5jqlBIEaMQ0Cb6iAHh8.png"", ""origin_country"": ""US""}, {""id"": 311790, ""name"": ""William Morris Entertainment"", ""logo_path"": null, ""origin_country"": ""US""}]","[{""name"": ""United States of America"", ""iso_3166_1"": ""US""}]","[{""name"": ""English"", ""iso_639_1"": ""en"", ""english_name"": ""English""}]",2026-09-27 09:47:05.635683
19995,Avatar,"In the 22nd century, a paraplegic Marine is dispatched to the moon Pandora on a unique mission, but becomes torn between following orders and protecting an alien civilization.",2009-12-16,51.5256,34732,7.61,/gKY6q7SjCkAU6FqvqWybDYgUKIF.jpg,/vL5LR6WdxWPjLPFRLe133jXWsh5.jpg,en,"[{""id"": 878, ""name"": ""Science Fiction""}, {""id"": 28, ""name"": ""Action""}, {""id"": 12, ""name"": ""Adventure""}]",162,237000000,2923706026,https://www.avatar.com/movies/avatar,Enter the world of Pandora.,Released,tt0499549,"[{""id"": 444, ""name"": ""Dune Entertainment"", ""logo_path"": null, ""origin_country"": ""US""}, {""id"": 574, ""name"": ""Lightstorm Entertainment"", ""logo_path"": ""/8wdmrfGcDx3TJxYiiDksLzAW4pB.png"", ""origin_country"": ""US""}, {""id"": 25, ""name"": ""20th Century Fox"", ""logo_path"": ""/nM2MfoMqzJQRiSynsDabOtFKetD.png"", ""origin_country"": ""US""}, {""id"": 133789, ""name"": ""Ingenious Film Partners"", ""logo_path"": ""/bJdeIb1ET3BkyodAASVDq1x3mls.png"", ""origin_country"": ""GB""}]","[{""name"": ""United States of America"", ""iso_3166_1"": ""US""}, {""name"": ""United Kingdom"", ""iso_3166_1"": ""GB""}]","[{""name"": ""English"", ""iso_639_1"": ""en"", ""english_name"": ""English""}, {""name"": ""Español"", ""iso_639_1"": ""es"", ""english_name"": ""Spanish""}]",2026-09-27 09:47:05.635683
539,Psycho,"When larcenous real estate clerk Marion Crane goes on the lam with a wad of cash and hopes of starting a new life, she ends up at the notorious Bates Motel, where manager Norman Bates cares for his housebound mother.",1960-06-22,21.3327,11279,8.4,/yz4QVqPx3h1hD1DfqqQkCq3rmxW.jpg,/mufF1aYvwdpKerhq5R1YrVcbJLY.jpg,en,"[{""id"": 27, ""name"": ""Horror""}, {""id"": 53, ""name"": ""Thriller""}, {""id"": 9648, ""name"": ""Mystery""}]",109,806947,50000000,"",A new and altogether different screen excitement!,Released,tt0054215,"[{""id"": 10717, ""name"": ""Shamley Productions"", ""logo_path"": null, ""origin_country"": ""US""}]","[{""name"": ""United States of America"", ""iso_3166_1"": ""US""}]","[{""name"": ""English"", ""iso_639_1"": ""en"", ""english_name"": ""English""}]",2026-09-27 09:47:05.635683
77338,The Intouchables,A true story of two men who should never have met – a quadriplegic aristocrat who was injured in a paragliding accident and a young man from the projects.,2011-11-02,27.8026,18857,8.3,/1QU7HKgsQbGpzsJbJK4pAVQV9F5.jpg,/q6OGlZ1KMEb14AC8KbPCxyNOal6.jpg,fr,"[{""id"": 18, ""name"": ""Drama""}, {""id"": 35, ""name"": ""Comedy""}]",113,13000000,426590315,"",Sometimes you have to reach into someone else's world to find out what's missing in your own.,Released,tt1675434,"[{""id"": 9, ""name"": ""Gaumont"", ""logo_path"": ""/h4zSRszvKHr1tjqEp8voJVahuza.png"", ""origin_country"": ""FR""}, {""id"": 7038, ""name"": ""Quad Productions"", ""logo_path"": ""/9YDo78sKAy6xxqBwVBT2Vi9FSZl.png"", ""origin_country"": ""FR""}, {""id"": 7766, ""name"": ""Chaocorp"", ""logo_path"": ""/rwBbDJAlUC0mAVnO02APsy0O80T.png"", ""origin_country"": ""FR""}, {""id"": 8018, ""name"": ""Ten Films"", ""logo_path"": null, ""origin_country"": ""FR""}, {""id"": 356, ""name"": ""TF1 Films Production"", ""logo_path"": ""/9tW5wZEGotn1Ei5pErA88m47XiD.png"", ""origin_country"": ""FR""}]","[{""name"": ""France"", ""iso_3166_1"": ""FR""}]","[{""name"": ""English"", ""iso_639_1"": ""en"", ""english_name"": ""English""}, {""name"": ""Français"", ""iso_639_1"": ""fr"", ""english_name"": ""French""}]",2026-09-27 09:47:05.635683
28,Apocalypse Now,"At the height of the Vietnam war, Captain Benjamin Willard is sent on a dangerous mission that, officially, ""does not exist, nor will it ever exist."" His goal is to locate - and eliminate - a mysterious Green Beret Colonel named Walter Kurtz, who has been leading his personal army on illegal guerrilla missions into enemy territory.",1979-05-19,26.0791,9403,8.261,/gQB8Y5RCMkv2zwzFHbUJX3kAhvA.jpg,/49fzLedFVKgGgFChLMuulDJBY1c.jpg,en,"[{""id"": 18, ""name"": ""Drama""}, {""id"": 10752, ""name"": ""War""}]",147,31500000,150000000,http://www.apocalypsenow.com,This is the end...,Released,tt0078788,"[{""id"": 70, ""name"": ""American Zoetrope"", ""logo_path"": ""/ueaENQkPcy8rlr5fGZVBXKOhlBh.png"", ""origin_country"": ""US""}]","[{""name"": ""United States of America"", ""iso_3166_1"": ""US""}]","[{""name"": """", ""iso_639_1"": ""km"", ""english_name"": ""Khmer""}, {""name"": ""English"", ""iso_639_1"": ""en"", ""english_name"": ""English""}, {""name"": ""Français"", ""iso_639_1"": ""fr"", ""english_name"": ""French""}, {""name"": ""Tiếng Việt"", ""iso_639_1"": ""vi"", ""english_name"": ""Vietnamese""}]",2026-09-27 09:47:05.635683
533535,Deadpool & Wolverine,"A listless Wade Wilson toils away in civilian life with his days as the morally flexible mercenary, Deadpool, behind him. But when his homeworld faces an existential threat, Wade must reluctantly suit-up again with an even more reluctant Wolverine.",2024-07-24,58.4084,9506,7.588,/8cdWjvZQUExUUTzyp4t6EDMubfO.jpg,/by8z9Fe8y7p4jo2YlW2SZDnptyT.jpg,en,"[{""id"": 28, ""name"": ""Action""}, {""id"": 35, ""name"": ""Comedy""}, {""id"": 878, ""name"": ""Science Fiction""}]",128,200000000,1338073645,https://www.marvel.com/movies/deadpool-and-wolverine,Come together.,Released,tt6263850,"[{""id"": 420, ""name"": ""Marvel Studios"", ""logo_path"": ""/hUzeosd33nzE5MCNsZxCGEKTXaQ.png"", ""origin_country"": ""US""}, {""id"": 104228, ""name"": ""Maximum Effort"", ""logo_path"": ""/hx0C1XcSxGgat8N62GpxoJGTkCk.png"", ""origin_country"": ""US""}, {""id"": 2575, ""name"": ""21 Laps Entertainment"", ""logo_path"": ""/9YJrHYlcfHtwtulkFMAies3aFEl.png"", ""origin_country"": ""US""}, {""id"": 127928, ""name"": ""20th Century Studios"", ""logo_path"": ""/h0rjX5vjW5r8yEnUBStFarjcLT4.png"", ""origin_country"": ""US""}, {""id"": 176762, ""name"": ""Kevin Feige Productions"", ""logo_path"": null, ""origin_country"": ""US""}, {""id"": 22213, ""name"": ""TSG Entertainment"", ""logo_path"": ""/qx9K6bFWJupwde0xQDwOvXkOaL8.png"", ""origin_country"": ""US""}]","[{""name"": ""United States of America"", ""iso_3166_1"": ""US""}]","[{""name"": ""English"", ""iso_639_1"": ""en"", ""english_name"": ""English""}]",2026-09-27 09:47:05.635683
82976,The Novices,"Sister Agnès runs away from her convent in Brittany and seeks refuge in Paris with prostitute Mona Lisa. With absolutely no qualifications, the young novice has a hard job finding work, so Mona Lisa tries to teach her the ropes of the oldest profession of them all!",1970-04-01,102.374,13,4.8,/a2SnSbRxMB4vktOxZapaspY2fTC.jpg,/yhGCxn4pYIQhK52g6JjM4bL9fVX.jpg,fr,"[{""id"": 35, ""name"": ""Comedy""}, {""id"": 18, ""name"": ""Drama""}]",91,0,0,"","",Released,tt0066164,"[{""id"": 18477, ""name"": ""Les Films La Boétie"", ""logo_path"": null, ""origin_country"": ""FR""}, {""id"": 1131, ""name"": ""Rizzoli Film"", ""logo_path"": null, ""origin_country"": ""IT""}]","[{""name"": ""France"", ""iso_3166_1"": ""FR""}, {""name"": ""Italy"", ""iso_3166_1"": ""IT""}]","[{""name"": ""Français"", ""iso_639_1"": ""fr"", ""english_name"": ""French""}]",2026-09-27 09:47:05.635683
675871,Super Troopers 3,"When Farva’s wildly over-the-top Indian engagement to Thorny’s sister spirals into chaos, the Super Troopers must navigate Thorny’s schemes to break up the relationship, while trying to crack a pernicious new drug ring  — all to save the day and maybe the wedding itself.",2026-08-06,52.4976,28,6.7,/ecTxAyfx4fdTMy2N288oZMMn3Ey.jpg,/mqO2Q8BeCuESJUVZgwyWRDa9Ux9.jpg,en,"[{""id"": 35, ""name"": ""Comedy""}, {""id"": 80, ""name"": ""Crime""}, {""id"": 9648, ""name"": ""Mystery""}]",104,20000000,6858200,https://www.searchlightpictures.com/super-troopers-3,"The mustache rides, again. Again.",Released,tt8820258,"[{""id"": 2773, ""name"": ""Broken Lizard Industries"", ""logo_path"": ""/ubyU2v6XcREGwyeieqdcxvZzvKc.png"", ""origin_country"": ""US""}, {""id"": 127929, ""name"": ""Searchlight Pictures"", ""logo_path"": ""/7DLKyL15ETI9645XSr9JcbMV79c.png"", ""origin_country"": ""US""}, {""id"": 52948, ""name"": ""Cataland Films"", ""logo_path"": null, ""origin_country"": ""US""}, {""id"": 22213, ""name"": ""TSG Entertainment"", ""logo_path"": ""/qx9K6bFWJupwde0xQDwOvXkOaL8.png"", ""origin_country"": ""US""}]","[{""name"": ""United States of America"", ""iso_3166_1"": ""US""}]","[{""name"": ""English"", ""iso_639_1"": ""en"", ""english_name"": ""English""}]",2026-09-27 09:47:05.635683
508965,Klaus,"A selfish postman and a reclusive toymaker form an unlikely friendship, delivering joy to a cold, dark town that desperately needs it.",2019-11-08,10.9811,4839,8.216,/q125RHUDgR4gjwh1QkfYuJLYkL.jpg,/cYQvXNPZLow73lhspVQ7CYlT3Mi.jpg,en,"[{""id"": 16, ""name"": ""Animation""}, {""id"": 10751, ""name"": ""Family""}, {""id"": 35, ""name"": ""Comedy""}]",97,0,0,https://www.netflix.com/title/80183187,A true selfless act always sparks another.,Released,tt4729430,"[{""id"": 29566, ""name"": ""Atresmedia"", ""logo_path"": ""/wHbtRtUnXGNzX0riQIpq1fcgueq.png"", ""origin_country"": ""ES""}, {""id"": 101644, ""name"": ""The SPA Studios"", ""logo_path"": null, ""origin_country"": ""ES""}]","[{""name"": ""Spain"", ""iso_3166_1"": ""ES""}]","[{""name"": ""English"", ""iso_639_1"": ""en"", ""english_name"": ""English""}, {""name"": """", ""iso_639_1"": ""se"", ""english_name"": ""Northern Sami""}]",2026-09-27 09:47:05.635683
1228834,The Fix,"Disillusioned by the end of the war in Afghanistan, a group of disgraced, war-torn ex-CIA operatives set out to Tehran to take down a life-changing score.",2026-09-10,207.7148,31,6.984,/yopXjun3ICFfJci2ukcEzceZjUs.jpg,/dJTWIecL2vxsCRl5G0lRhPsfrhc.jpg,en,"[{""id"": 28, ""name"": ""Action""}, {""id"": 53, ""name"": ""Thriller""}]",142,32000000,0,"",Settle the score.,Released,tt9601292,"[{""id"": 217982, ""name"": ""Astral Future"", ""logo_path"": null, ""origin_country"": ""US""}, {""id"": 208153, ""name"": ""Dreamtime Entertainment"", ""logo_path"": null, ""origin_country"": """"}, {""id"": 124504, ""name"": ""Oakhurst Entertainment"", ""logo_path"": ""/2lNM3d3KUlDk3phoFpTkrIS8jKU.png"", ""origin_country"": ""US""}, {""id"": 121204, ""name"": ""BondIt Media Capital"", ""logo_path"": ""/vbtvY4IxgUZk713rkmoTO4MHIac.png"", ""origin_country"": ""US""}, {""id"": 198605, ""name"": ""Latigo Films"", ""logo_path"": null, ""origin_country"": """"}, {""id"": 2623, ""name"": ""Blue Rider Pictures"", ""logo_path"": ""/7Bkm1yUF0y8x6jw8dHRfzS3B6dq.png"", ""origin_country"": ""US""}, {""id"": 229487, ""name"": ""Rabbits Black"", ""logo_path"": ""/vF5HUjsJU0jFtlhpUdcodrECXBk.png"", ""origin_country"": ""US""}, {""id"": 179981, ""name"": ""Thomasville Pictures"", ""logo_path"": ""/vbI6QgAC9s3BilQ5Oa7juyrf59N.png"", ""origin_country"": ""US""}, {""id"": 185588, ""name"": ""Eyevox Entertainment"", ""logo_path"": null, ""origin_country"": """"}]","[{""name"": ""United States of America"", ""iso_3166_1"": ""US""}]","[{""name"": ""العربية"", ""iso_639_1"": ""ar"", ""english_name"": ""Arabic""}, {""name"": ""English"", ""iso_639_1"": ""en"", ""english_name"": ""English""}]",2026-09-27 09:47:05.635683
1594914,Lucky Strike,"A wounded American soldier fights to survive behind enemy lines during WWII's Battle of the Bulge against the Germans, relying on his instinct, spy craft and a hand-radio to evade capture and find his way back to his unit.",2026-06-26,43.8444,48,6.8,/7AEBdyGYXumXWmMFeynE8227KeZ.jpg,/1ebY06Gc1eUZcCoO7IoD4tWCFxm.jpg,en,"[{""id"": 28, ""name"": ""Action""}, {""id"": 10752, ""name"": ""War""}]",102,10000000,803112,https://empire-ent.africa/movie/lucky-strike/,One man's fight to survive.,Released,tt19035928,"[{""id"": 137004, ""name"": ""Perfection Hunter Productions"", ""logo_path"": null, ""origin_country"": ""US""}, {""id"": 1020, ""name"": ""Millennium Media"", ""logo_path"": ""/kuUIHNwMec4dwOLghDhhZJzHZTd.png"", ""origin_country"": ""US""}, {""id"": 121204, ""name"": ""BondIt Media Capital"", ""logo_path"": ""/vbtvY4IxgUZk713rkmoTO4MHIac.png"", ""origin_country"": ""US""}]","[{""name"": ""United States of America"", ""iso_3166_1"": ""US""}]","[{""name"": ""English"", ""iso_639_1"": ""en"", ""english_name"": ""English""}]",2026-09-27 09:47:05.635683
614945,Voicemails for Isabelle,"A young woman's hilariously confessional voicemails to her late sister are unknowingly redirected to a stranger, who begins to fall in love from afar.",2026-06-20,19.8652,933,8.317,/canZTWSxACSnAluir3dCtMxKpA1.jpg,/2WU6Y6aonzD6uAaCmNnEFlesxxJ.jpg,en,"[{""id"": 10749, ""name"": ""Romance""}, {""id"": 35, ""name"": ""Comedy""}, {""id"": 18, ""name"": ""Drama""}]",119,0,0,https://www.netflix.com/title/81716219,Sometimes the universe leaves you a message.,Released,tt10375624,"[{""id"": 1423, ""name"": ""Escape Artists"", ""logo_path"": ""/gzvsPHV9WqcQMrvI8pq5hbuvEZ5.png"", ""origin_country"": ""US""}, {""id"": 34, ""name"": ""Sony Pictures"", ""logo_path"": ""/xAb1o9HrSvKBo9mnXC8fJKDNu00.png"", ""origin_country"": ""US""}]","[{""name"": ""United States of America"", ""iso_3166_1"": ""US""}]","[{""name"": ""English"", ""iso_639_1"": ""en"", ""english_name"": ""English""}]",2026-09-27 09:47:05.635683
652837,"Josee, the Tiger and the Fish","With dreams of diving abroad, Tsuneo gets a job assisting Josee, an artist whose imagination takes her far beyond her wheelchair. But when the tide turns against them, they push each other to places they never thought possible, and inspire a love fit for a storybook.",2020-12-25,5.4718,629,8.25,/z1D8xi9x4uEhyFruo7uEHXUMD4K.jpg,/521koHpCyK6ZeNpEAvPAuC75cJ5.jpg,ja,"[{""id"": 16, ""name"": ""Animation""}, {""id"": 18, ""name"": ""Drama""}, {""id"": 10749, ""name"": ""Romance""}]",98,0,0,"",Together they can fly.,Released,tt12879624,"[{""id"": 2849, ""name"": ""BONES"", ""logo_path"": ""/cN3JNIKawjOMtfk0GBVIbsx69bg.png"", ""origin_country"": ""JP""}, {""id"": 2073, ""name"": ""KADOKAWA"", ""logo_path"": ""/tWxRSaKmRJNTcmtlXsmn5R4KOSU.png"", ""origin_country"": ""JP""}, {""id"": 192, ""name"": ""Shochiku"", ""logo_path"": ""/93eAKlnQecDdMtucfOprzcjMw9V.png"", ""origin_country"": ""JP""}, {""id"": 8157, ""name"": ""jeki"", ""logo_path"": ""/pEqcMX1aG3JvtDgfh2wNZJLCcb4.png"", ""origin_country"": ""JP""}, {""id"": 139842, ""name"": ""TOY'S FACTORY"", ""logo_path"": ""/uBixtDwl2hxsugqSOTzEP90kxa0.png"", ""origin_country"": ""JP""}, {""id"": 11848, ""name"": ""KDDI"", ""logo_path"": ""/A3abKfh7dXwPdXJc3A551q8XnOC.png"", ""origin_country"": ""JP""}, {""id"": 170125, ""name"": ""Movie Walker"", ""logo_path"": ""/aQ07cYAVuJCmfuCeiaDnmmhdibk.png"", ""origin_country"": ""JP""}, {""id"": 91253, ""name"": ""TBS Radio"", ""logo_path"": ""/aD91ywW7l93wk9N0fNX8URMgQSC.png"", ""origin_country"": ""JP""}]","[{""name"": ""Japan"", ""iso_3166_1"": ""JP""}]","[{""name"": ""日本語"", ""iso_639_1"": ""ja"", ""english_name"": ""Japanese""}]",2026-09-27 09:47:05.635683
550,Fight Club,"A ticking-time-bomb insomniac and a slippery soap salesman channel primal male aggression into a shocking new form of therapy. Their concept catches on, with underground ""fight clubs"" forming in every town, until an eccentric gets in the way and ignites an out-of-control spiral toward oblivion.",1999-10-15,46.8587,32924,8.437,/jSziioSwPVrOy9Yow3XhWIBDjq1.jpg,/c6OLXfKAk5BKeR6broC8pYiCquX.jpg,en,"[{""id"": 18, ""name"": ""Drama""}, {""id"": 53, ""name"": ""Thriller""}]",139,63000000,100853753,https://www.20thcenturystudios.com/movies/fight-club,Mischief. Mayhem. Soap.,Released,tt0137523,"[{""id"": 711, ""name"": ""Fox 2000 Pictures"", ""logo_path"": ""/tEiIH5QesdheJmDAqQwvtN60727.png"", ""origin_country"": ""US""}, {""id"": 508, ""name"": ""Regency Enterprises"", ""logo_path"": ""/4sGWXoboEkWPphI6es6rTmqkCBh.png"", ""origin_country"": ""US""}, {""id"": 4700, ""name"": ""Linson Entertainment"", ""logo_path"": ""/A32wmjrs9Psf4zw0uaixF0GXfxq.png"", ""origin_country"": ""US""}, {""id"": 25, ""name"": ""20th Century Fox"", ""logo_path"": ""/nM2MfoMqzJQRiSynsDabOtFKetD.png"", ""origin_country"": ""US""}, {""id"": 20555, ""name"": ""Taurus Film"", ""logo_path"": ""/hD8yEGUBlHOcfHYbujp71vD8gZp.png"", ""origin_country"": ""DE""}]","[{""name"": ""Germany"", ""iso_3166_1"": ""DE""}, {""name"": ""United States of America"", ""iso_3166_1"": ""US""}]","[{""name"": ""English"", ""iso_639_1"": ""en"", ""english_name"": ""English""}]",2026-09-27 09:47:05.635683
557,Spider-Man,"After being bitten by a genetically altered spider at Oscorp, nerdy but endearing high school student Peter Parker is endowed with amazing powers to become the superhero known as Spider-Man.",2002-05-01,43.9845,21481,7.356,/or6XJBVpcEbIkma0V9zshnbEtx4.jpg,/zQ8AxTPiCiS5nnwXpwTBPBHSaa5.jpg,en,"[{""id"": 28, ""name"": ""Action""}, {""id"": 878, ""name"": ""Science Fiction""}]",121,139000000,821708551,https://www.sonypictures.com/movies/spiderman,Go for the ultimate spin.,Released,tt0145487,"[{""id"": 19551, ""name"": ""Marvel Enterprises"", ""logo_path"": ""/2WpWp9b108hizjHKdA107hFmvQ5.png"", ""origin_country"": ""US""}, {""id"": 326, ""name"": ""Laura Ziskin Productions"", ""logo_path"": null, ""origin_country"": ""US""}, {""id"": 5, ""name"": ""Columbia Pictures"", ""logo_path"": ""/71BqEFAF4V3qjjMPCpLuyJFB9A.png"", ""origin_country"": ""US""}]","[{""name"": ""United States of America"", ""iso_3166_1"": ""US""}]","[{""name"": ""English"", ""iso_639_1"": ""en"", ""english_name"": ""English""}]",2026-09-27 09:47:05.635683
131631,The Hunger Games: Mockingjay - Part 1,"After surviving the Quarter Quell, Katniss finds herself in the hidden stronghold of District 13, where the rebellion against the Capitol is gaining momentum. Struggling with the weight of becoming the symbol of resistance, she must navigate fragile alliances while trying to protect those she loves. As propaganda battles rage and Panem moves closer to full-scale war, Katniss is forced to confront the true cost of revolution.",2014-11-19,41.6341,17037,6.814,/4FAA18ZIja70d1Tu5hr5cj2q1sB.jpg,/lV1P1Q5gLDXVG1ZYCxZHStkcQC3.jpg,en,"[{""id"": 878, ""name"": ""Science Fiction""}, {""id"": 12, ""name"": ""Adventure""}, {""id"": 53, ""name"": ""Thriller""}]",123,125000000,755356711,http://www.thehungergames.movie/,Fire burns brighter in the darkness.,Released,tt1951265,"[{""id"": 1632, ""name"": ""Lionsgate"", ""logo_path"": ""/cisLn1YAUuptXVBa0xjq7ST9cH0.png"", ""origin_country"": ""US""}, {""id"": 5420, ""name"": ""Color Force"", ""logo_path"": ""/dlW4Kh5dNieKNURnymsu57y6fMf.png"", ""origin_country"": ""US""}]","[{""name"": ""United States of America"", ""iso_3166_1"": ""US""}]","[{""name"": ""English"", ""iso_639_1"": ""en"", ""english_name"": ""English""}]",2026-09-27 09:47:05.635683
1621552,Facing El Chapo,Two Mexican officers must survive the final hours of their shift after crossing a ruthless cartel boss.,2026-08-21,80.8496,814,8.791,/alpf5v4UqSFawPmG9RX03Or4BDk.jpg,/c4U96GrPRfnNrS01mBtqnocvlLJ.jpg,es,"[{""id"": 80, ""name"": ""Crime""}, {""id"": 28, ""name"": ""Action""}, {""id"": 53, ""name"": ""Thriller""}]",91,0,0,https://www.netflix.com/title/82048151,"",Released,tt39390497,"[{""id"": 84651, ""name"": ""Draco Films"", ""logo_path"": ""/o7gUREdtNzQ3Alrck13tlvcNKvv.png"", ""origin_country"": ""MX""}]","[{""name"": ""Mexico"", ""iso_3166_1"": ""MX""}]","[{""name"": ""Português"", ""iso_639_1"": ""pt"", ""english_name"": ""Portuguese""}, {""name"": ""Español"", ""iso_639_1"": ""es"", ""english_name"": ""Spanish""}]",2026-09-27 09:47:05.635683
1585,It's a Wonderful Life,"George Bailey has spent his entire life giving to the people of Bedford Falls.  All that prevents rich skinflint Mr. Potter from taking over the entire town is George's modest building and loan company.  But on Christmas Eve the business's $8,000 is lost and George's troubles begin.",1946-12-20,17.7623,5074,8.278,/bSqt9rhDZx1Q7UZ86dBPKdNomp2.jpg,/3q35nBLCIdEbxYfsr7D5ocYQXKz.jpg,en,"[{""id"": 18, ""name"": ""Drama""}, {""id"": 10751, ""name"": ""Family""}, {""id"": 14, ""name"": ""Fantasy""}]",131,3180000,9644124,"",It's a wonderful laugh! It's a wonderful love!,Released,tt0038650,"[{""id"": 11770, ""name"": ""Liberty Films"", ""logo_path"": null, ""origin_country"": ""US""}]","[{""name"": ""United States of America"", ""iso_3166_1"": ""US""}]","[{""name"": ""English"", ""iso_639_1"": ""en"", ""english_name"": ""English""}]",2026-09-27 09:47:05.635683
244786,Whiplash,"Under the direction of a ruthless instructor, a talented young drummer begins to pursue perfection at any cost, even his humanity.",2014-10-10,37.7153,17129,8.4,/7fn624j5lj3xTme2SgiLCeuedmO.jpg,/fRGxZuo7jJUWQsVg9PREb98Aclp.jpg,en,"[{""id"": 18, ""name"": ""Drama""}, {""id"": 10402, ""name"": ""Music""}, {""id"": 53, ""name"": ""Thriller""}]",107,3300000,50307484,https://www.sonyclassics.com//film//whiplash#,"Do your best, he said…",Released,tt2582802,"[{""id"": 2266, ""name"": ""Bold Films"", ""logo_path"": ""/owzVs2mguyyJ3vIn7EbgowpUPnk.png"", ""origin_country"": ""US""}, {""id"": 3172, ""name"": ""Blumhouse Productions"", ""logo_path"": ""/rzKluDcRkIwHZK2pHsiT667A2Kw.png"", ""origin_country"": ""US""}, {""id"": 32157, ""name"": ""Right of Way Films"", ""logo_path"": ""/4hOCk25Ce8s242NItnwtV7aKRWY.png"", ""origin_country"": ""US""}]","[{""name"": ""United States of America"", ""iso_3166_1"": ""US""}]","[{""name"": ""English"", ""iso_639_1"": ""en"", ""english_name"": ""English""}]",2026-09-27 09:47:05.635683
131634,The Hunger Games: Mockingjay - Part 2,"As the war between the Capitol and the districts reaches its peak, Katniss Everdeen embarks on a perilous mission to liberate Panem and confront President Snow. Joined by a team of trusted allies, she navigates deadly traps, shifting loyalties, and the heavy cost of rebellion, determined to bring freedom to her people and end the Hunger Games once and for all.",2015-11-18,26.9565,13612,6.897,/lImKHDfExAulp16grYm8zD5eONE.jpg,/qVgLMRVNB5bHU0inmRa0ueShacN.jpg,en,"[{""id"": 28, ""name"": ""Action""}, {""id"": 12, ""name"": ""Adventure""}, {""id"": 878, ""name"": ""Science Fiction""}]",137,160000000,653428261,http://www.thehungergames.movie/,The fire will burn forever.,Released,tt1951266,"[{""id"": 1632, ""name"": ""Lionsgate"", ""logo_path"": ""/cisLn1YAUuptXVBa0xjq7ST9cH0.png"", ""origin_country"": ""US""}, {""id"": 5420, ""name"": ""Color Force"", ""logo_path"": ""/dlW4Kh5dNieKNURnymsu57y6fMf.png"", ""origin_country"": ""US""}, {""id"": 264, ""name"": ""Studio Babelsberg"", ""logo_path"": ""/fA90qwUKgPhMONqtwY60GaHRyrW.png"", ""origin_country"": ""DE""}]","[{""name"": ""Germany"", ""iso_3166_1"": ""DE""}, {""name"": ""United States of America"", ""iso_3166_1"": ""US""}]","[{""name"": ""English"", ""iso_639_1"": ""en"", ""english_name"": ""English""}]",2026-09-27 09:47:05.635683
1421903,Werwulf,"A harrowing tale of devotion, damnation and the devil within.",2026-12-25,13.1487,0,0,/imnkSt4PSQpxIuyiRpJCiLk3SZz.jpg,/jmW9NkzbpI9vhyxJU2x644Nj7VU.jpg,en,"[{""id"": 27, ""name"": ""Horror""}]",0,0,0,https://www.focusfeatures.com/werwulf,Devoureth all mankynde.,Post Production,tt35514120,"[{""id"": 10163, ""name"": ""Working Title"", ""logo_path"": ""/16KWBMmfPX0aJzDExDrPxSLj0Pg.png"", ""origin_country"": ""GB""}, {""id"": 41641, ""name"": ""Maiden Voyage Pictures"", ""logo_path"": ""/rBlfMlCcxulmS25zTQwmXDHZmnB.png"", ""origin_country"": ""US""}, {""id"": 10146, ""name"": ""Focus Features"", ""logo_path"": ""/xnFIOeq5cKw09kCWqV7foWDe4AA.png"", ""origin_country"": ""US""}]","[{""name"": ""United Kingdom"", ""iso_3166_1"": ""GB""}, {""name"": ""United States of America"", ""iso_3166_1"": ""US""}]","[{""name"": ""English"", ""iso_639_1"": ""en"", ""english_name"": ""English""}]",2026-09-27 09:47:05.635683
76341,Mad Max: Fury Road,"An apocalyptic story set in the furthest reaches of our planet, in a stark desert landscape where humanity is broken, and most everyone is crazed fighting for the necessities of life. Within this world exist two rebels on the run who just might be able to restore order.",2015-05-13,51.4648,24670,7.639,/ulcAi4dKpAjHwYGS08vNyx9H6I9.jpg,/gqrnQA6Xppdl8vIb2eJc58VC1tW.jpg,en,"[{""id"": 28, ""name"": ""Action""}, {""id"": 12, ""name"": ""Adventure""}, {""id"": 878, ""name"": ""Science Fiction""}]",121,150000000,378858340,https://www.warnerbros.com/movies/mad-max-fury-road,The future belongs to the mad.,Released,tt1392190,"[{""id"": 174, ""name"": ""Warner Bros. Pictures"", ""logo_path"": ""/zhD3hhtKB5qyv7ZeL4uLpNxgMVU.png"", ""origin_country"": ""US""}, {""id"": 79, ""name"": ""Village Roadshow Pictures"", ""logo_path"": ""/at4uYdwAAgNRKhZuuFX8ShKSybw.png"", ""origin_country"": ""US""}, {""id"": 28382, ""name"": ""Kennedy Miller Mitchell"", ""logo_path"": ""/eaQ9IuuaSNBeSdocdtGLvhXAHfg.png"", ""origin_country"": ""AU""}, {""id"": 41624, ""name"": ""RatPac Entertainment"", ""logo_path"": ""/wzKxIeQKlMP0y5CaAw25MD6EQmf.png"", ""origin_country"": ""US""}]","[{""name"": ""Australia"", ""iso_3166_1"": ""AU""}, {""name"": ""United States of America"", ""iso_3166_1"": ""US""}]","[{""name"": ""English"", ""iso_639_1"": ""en"", ""english_name"": ""English""}]",2026-09-27 09:47:05.635683
696374,Gabriel's Inferno,"An intriguing and sinful exploration of seduction, forbidden love, and redemption, Gabriel's Inferno is a captivating and wildly passionate tale of one man's escape from his own personal hell as he tries to earn the impossible--forgiveness and love.",2020-05-29,4.5757,2482,8.38,/oyG9TL7FcRP4EZ9Vid6uKzwdndz.jpg,/nIkcTtuhmkl1GZO2LfZi7SwFz7F.jpg,en,"[{""id"": 10749, ""name"": ""Romance""}, {""id"": 18, ""name"": ""Drama""}]",122,0,0,https://watch.passionflix.com/watch/fc15dc25-cf48-4d4f-aa8e-9afb032233cc,"",Released,tt11316854,"[{""id"": 92153, ""name"": ""PassionFlix"", ""logo_path"": ""/psjvYkjjgAPtS8utnFYDM8t8yi7.png"", ""origin_country"": ""US""}]","[{""name"": ""United States of America"", ""iso_3166_1"": ""US""}]","[{""name"": ""English"", ""iso_639_1"": ""en"", ""english_name"": ""English""}]",2026-09-27 09:47:05.635683
567,Rear Window,A wheelchair-bound photographer spies on his neighbors from his apartment window and becomes convinced one of them has committed murder.,1954-08-01,19.9815,7383,8.335,/ILVF0eJxHMddjxeQhswFtpMtqx.jpg,/zGs5tZOlvc9cprdcU6kDOVNpujf.jpg,en,"[{""id"": 53, ""name"": ""Thriller""}, {""id"": 9648, ""name"": ""Mystery""}, {""id"": 18, ""name"": ""Drama""}]",113,1000000,37042336,"",It only takes one witness to spoil the perfect crime.,Released,tt0047396,"[{""id"": 10715, ""name"": ""Alfred J. Hitchcock Productions"", ""logo_path"": null, ""origin_country"": ""US""}]","[{""name"": ""United States of America"", ""iso_3166_1"": ""US""}]","[{""name"": ""English"", ""iso_639_1"": ""en"", ""english_name"": ""English""}]",2026-09-27 09:47:05.635683
687163,Project Hail Mary,"Science teacher Ryland Grace wakes up on a spaceship light years from home with no recollection of who he is or how he got there. As his memory returns, he begins to uncover his mission: solve the riddle of the mysterious substance causing the sun to die out. He must call on his scientific knowledge and unorthodox ideas to save everything on Earth from extinction.",2026-03-15,101.9608,7986,8.641,/yihdXomYb5kTeSivtFndMy5iDmf.jpg,/8Tfys3mDZVp4tNoH2ktm06a0Tau.jpg,en,"[{""id"": 878, ""name"": ""Science Fiction""}, {""id"": 12, ""name"": ""Adventure""}]",157,200000000,684234722,https://www.amazon.com/salp/projecthailmary?hhf,Believe in the Hail Mary.,Released,tt12042730,"[{""id"": 77973, ""name"": ""Lord Miller"", ""logo_path"": ""/fAajboa3w8LNvweN0hNZ4K0z03L.png"", ""origin_country"": ""US""}, {""id"": 210099, ""name"": ""Amazon MGM Studios"", ""logo_path"": ""/g5oRCNCi8kNVb8gEoSoIcqkhjmR.png"", ""origin_country"": ""US""}, {""id"": 84041, ""name"": ""Pascal Pictures"", ""logo_path"": ""/nw4kyc29QRpNtFbdsBHkRSFavvt.png"", ""origin_country"": ""US""}, {""id"": 232193, ""name"": ""Open Invite Entertainment"", ""logo_path"": ""/87yLRX32cLqxEhNy1fWkDrPL72v.png"", ""origin_country"": ""US""}, {""id"": 22842, ""name"": ""Waypoint Entertainment"", ""logo_path"": ""/buyfiDYTfPVTHxvYZ4yHu69zFPs.png"", ""origin_country"": ""US""}]","[{""name"": ""United States of America"", ""iso_3166_1"": ""US""}]","[{""name"": ""普通话"", ""iso_639_1"": ""zh"", ""english_name"": ""Mandarin""}, {""name"": ""English"", ""iso_639_1"": ""en"", ""english_name"": ""English""}, {""name"": ""日本語"", ""iso_639_1"": ""ja"", ""english_name"": ""Japanese""}, {""name"": ""Pусский"", ""iso_639_1"": ""ru"", ""english_name"": ""Russian""}, {""name"": ""Español"", ""iso_639_1"": ""es"", ""english_name"": ""Spanish""}]",2026-09-27 09:47:05.635683
18491,Neon Genesis Evangelion: The End of Evangelion,"SEELE orders an all-out attack on NERV, aiming to destroy the Evas before Gendo can advance his own plans for the Human Instrumentality Project. Shinji is pushed to the limits of his sanity as he is forced to decide the fate of humanity.",1997-07-19,14.8288,1965,8.3,/j6G24dqI4WgUtChhWjfnI4lnmiK.jpg,/AfyuI3glMCBDFmNPj9PY6DwbgGp.jpg,ja,"[{""id"": 16, ""name"": ""Animation""}, {""id"": 878, ""name"": ""Science Fiction""}, {""id"": 18, ""name"": ""Drama""}, {""id"": 14, ""name"": ""Fantasy""}, {""id"": 28, ""name"": ""Action""}]",87,7500000,26000000,https://gkids.com/films/end-of-evangelion,The fate of destruction is also the joy of rebirth.,Released,tt0169858,"[{""id"": 3041, ""name"": ""GAINAX"", ""logo_path"": ""/j9VqEdiNqIkMJKku1UTGMAvmuRr.png"", ""origin_country"": ""JP""}, {""id"": 3466, ""name"": ""movic"", ""logo_path"": ""/lmCg0zarmM52wrmsZRUY0QlPKLh.png"", ""origin_country"": ""JP""}, {""id"": 21504, ""name"": ""Star Child Recording"", ""logo_path"": null, ""origin_country"": """"}, {""id"": 3034, ""name"": ""TV Tokyo"", ""logo_path"": ""/jnuO8pZNEBLEq5YaOP1f5OkmG91.png"", ""origin_country"": ""JP""}, {""id"": 529, ""name"": ""Production I.G"", ""logo_path"": ""/rwB6w2aPENQbx756pBWSw44Ouk.png"", ""origin_country"": ""JP""}, {""id"": 1194, ""name"": ""KADOKAWA Shoten"", ""logo_path"": ""/dwkHaFLgtA7CUNbgKK0wB6bospu.png"", ""origin_country"": ""JP""}, {""id"": 5822, ""name"": ""Toei Company"", ""logo_path"": ""/qyTbRgCyU9NLKvKaiQVbadtr7RY.png"", ""origin_country"": ""JP""}, {""id"": 113750, ""name"": ""SEGA"", ""logo_path"": ""/A3QVZ9Ah0yI2d2GiXUFpdlbTgyr.png"", ""origin_country"": ""JP""}]","[{""name"": ""Japan"", ""iso_3166_1"": ""JP""}]","[{""name"": ""日本語"", ""iso_639_1"": ""ja"", ""english_name"": ""Japanese""}]",2026-09-27 09:47:05.635683
92321,Hotarubi no Mori e,"One hot summer day a little girl gets lost in an enchanted forest of the mountain god where spirits reside. A young boy appears before her, but she cannot touch him for fear of making him disappear. And so a wondrous adventure awaits...",2011-09-17,0.0066,1249,8.258,/mDqzHV8UXWWNpZkoAbKmKX1ZxEE.jpg,/qknxyRgP6UTmwJ4B9tDAmzHMq7u.jpg,ja,"[{""id"": 10749, ""name"": ""Romance""}, {""id"": 16, ""name"": ""Animation""}, {""id"": 14, ""name"": ""Fantasy""}]",45,0,0,"","",Released,tt2061702,"[{""id"": 22602, ""name"": ""Brain's Base"", ""logo_path"": ""/8IYhcuLMK8cdzlh3sugyOrWYGKJ.png"", ""origin_country"": ""JP""}]","[{""name"": ""Japan"", ""iso_3166_1"": ""JP""}]","[{""name"": ""日本語"", ""iso_639_1"": ""ja"", ""english_name"": ""Japanese""}]",2026-09-27 09:47:05.635683
11324,Shutter Island,"World War II soldier-turned-U.S. Marshal Teddy Daniels investigates the disappearance of a patient from a hospital for the criminally insane, but his efforts are compromised by troubling visions and a mysterious doctor.",2010-02-14,33.0012,26482,8.196,/nrmXQ0zcZUL8jFLrakWc90IR8z9.jpg,/rbZvGN1A1QyZuoKzhCw8QPmf2q0.jpg,en,"[{""id"": 18, ""name"": ""Drama""}, {""id"": 53, ""name"": ""Thriller""}, {""id"": 9648, ""name"": ""Mystery""}]",138,80000000,294804195,http://www.shutterisland.com/,Someone is missing.,Released,tt1130884,"[{""id"": 4, ""name"": ""Paramount Pictures"", ""logo_path"": ""/jay6WcMgagAklUt7i9Euwj1pzTF.png"", ""origin_country"": ""US""}, {""id"": 11317, ""name"": ""Phoenix Pictures"", ""logo_path"": ""/hMboqqmeILXFeOJjuCsn3FvCIT3.png"", ""origin_country"": ""US""}, {""id"": 23243, ""name"": ""Sikelia Productions"", ""logo_path"": ""/cBPyrhXhGKzxUdL4Fkg801HZ4W.png"", ""origin_country"": ""US""}, {""id"": 562, ""name"": ""Appian Way"", ""logo_path"": ""/azANEzu3H3Kztzt63sdjvlzxhuB.png"", ""origin_country"": ""US""}]","[{""name"": ""United States of America"", ""iso_3166_1"": ""US""}]","[{""name"": ""English"", ""iso_639_1"": ""en"", ""english_name"": ""English""}, {""name"": ""Deutsch"", ""iso_639_1"": ""de"", ""english_name"": ""German""}]",2026-09-27 09:47:05.635683
1248832,Digger,The most powerful man in the world embarks on a frantic mission to prove he is humanity's savior before the disaster he's unleashed destroys everything.,2026-09-30,61.7038,6,7.8,/1ATXKrIPJyKNwnJ6lcG088Sa6zi.jpg,/u3EtxdmZeiliW98c5Oegk5LIGZa.jpg,en,"[{""id"": 35, ""name"": ""Comedy""}]",129,130000000,0,https://www.diggermovie.com,A man. A plan. A meltdown.,Released,tt31450459,"[{""id"": 174, ""name"": ""Warner Bros. Pictures"", ""logo_path"": ""/zhD3hhtKB5qyv7ZeL4uLpNxgMVU.png"", ""origin_country"": ""US""}, {""id"": 923, ""name"": ""Legendary Pictures"", ""logo_path"": ""/5UQsZrfbfG2dYJbx8DxfoTr2Bvu.png"", ""origin_country"": ""US""}, {""id"": 21777, ""name"": ""TC Productions"", ""logo_path"": null, ""origin_country"": ""US""}, {""id"": 52660, ""name"": ""M Productions"", ""logo_path"": null, ""origin_country"": ""US""}, {""id"": 216687, ""name"": ""Domain Entertainment"", ""logo_path"": ""/kKVYqekveOvLK1IgqdJojLjQvtu.png"", ""origin_country"": ""US""}]","[{""name"": ""United States of America"", ""iso_3166_1"": ""US""}]","[{""name"": ""English"", ""iso_639_1"": ""en"", ""english_name"": ""English""}]",2026-09-27 09:47:05.635683
1232449,Young Hearts,"14-year-old Elias increasingly feels like an outsider in his village. When he meets his new neighbour of the same age, Alexander, Elias is confronted with his burgeoning sexuality.",2024-10-26,17.517,318,8.591,/iGCtYxfuvXfy0BD5m6p7vKuPOxS.jpg,/3HaqAPZ0C8n6Hd5T86U53yJlBAN.jpg,nl,"[{""id"": 18, ""name"": ""Drama""}, {""id"": 10749, ""name"": ""Romance""}]",99,0,136344,https://www.polar-bear.tv/young-hearts,"",Released,tt15245268,"[{""id"": 87096, ""name"": ""Polar Bear Films"", ""logo_path"": ""/sqt7ajp5cVUueF0UveIKvDjOiUd.png"", ""origin_country"": ""BE""}, {""id"": 26389, ""name"": ""Family Affair Films"", ""logo_path"": ""/eZG7nmYHpVpp6jsOytILEmITHNf.png"", ""origin_country"": ""NL""}, {""id"": 104097, ""name"": ""Kwassa Films"", ""logo_path"": ""/tzhYtZqLNn0TFEQ27dmT8qFTEA1.png"", ""origin_country"": ""BE""}]","[{""name"": ""Belgium"", ""iso_3166_1"": ""BE""}, {""name"": ""Netherlands"", ""iso_3166_1"": ""NL""}]","[{""name"": ""Français"", ""iso_639_1"": ""fr"", ""english_name"": ""French""}, {""name"": ""Nederlands"", ""iso_639_1"": ""nl"", ""english_name"": ""Dutch""}]",2026-09-27 09:47:05.635683
1380417,By Any Means,"In 1960s Mississippi, a young Black FBI agent is forced to partner with a notorious mafia hitman to investigate a wave of brutal civil rights murders.",2026-09-02,31.4808,23,7.6,/f4hdIed8vh10O8TkQ1CkHS8MQ3G.jpg,/eAouIDoMDhLetm6CtmDKIGEaaCi.jpg,en,"[{""id"": 36, ""name"": ""History""}, {""id"": 80, ""name"": ""Crime""}, {""id"": 18, ""name"": ""Drama""}]",107,30000000,14002888,https://www.byanymeansmovie.com,The FBI couldn't crack it. So they called in the mob.,Released,tt34379051,"[{""id"": 106754, ""name"": ""Hammerstone Studios"", ""logo_path"": ""/1H4YyGx74OTzPtPIcuF3iAEjzz6.png"", ""origin_country"": ""US""}, {""id"": 3528, ""name"": ""Thunder Road"", ""logo_path"": ""/cCzCClIzIh81Fa79hpW5nXoUsHK.png"", ""origin_country"": ""US""}, {""id"": 158453, ""name"": ""Freedom Principle"", ""logo_path"": null, ""origin_country"": ""US""}, {""id"": 169668, ""name"": ""Municipal Pictures"", ""logo_path"": ""/iGEtQO0W5H2PAgqjL0yubcbSgr4.png"", ""origin_country"": ""US""}, {""id"": 220749, ""name"": ""North.Five.Six."", ""logo_path"": null, ""origin_country"": ""US""}, {""id"": 274643, ""name"": ""Script 2 Screen"", ""logo_path"": null, ""origin_country"": ""US""}, {""id"": 125231, ""name"": ""Wonder Street"", ""logo_path"": ""/snGfhwT46aqKWhP8izedkL48aZY.png"", ""origin_country"": ""US""}, {""id"": 96310, ""name"": ""LB Entertainment"", ""logo_path"": ""/tBxSNuzARadiaBpIJ3qmdPG5BCz.png"", ""origin_country"": ""US""}, {""id"": 52738, ""name"": ""Jeff Rice Films"", ""logo_path"": null, ""origin_country"": ""US""}, {""id"": 307380, ""name"": ""Siena Film Foundation"", ""logo_path"": ""/5lGBronz7VwFDEZS7KPlavOOz9W.png"", ""origin_country"": ""US""}, {""id"": 307381, ""name"": ""Harbor Fund"", ""logo_path"": null, ""origin_country"": ""US""}, {""id"": 278364, ""name"": ""Ballpoint Productions"", ""logo_path"": null, ""origin_country"": ""US""}, {""id"": 249889, ""name"": ""Fieldhouse Productions"", ""logo_path"": ""/xnpCKW4QJnWMDEBo2c5mSoGhbjr.png"", ""origin_country"": ""US""}, {""id"": 209819, ""name"": ""Bright White Light"", ""logo_path"": ""/lvqsgXsWHX4r5jBOuvbNCpZCnBf.png"", ""origin_country"": ""GB""}, {""id"": 309655, ""name"": ""International Media Funds Management"", ""logo_path"": ""/9IYQkwgJlOzBiWANI6krDsE3QvR.png"", ""origin_country"": ""AU""}]","[{""name"": ""United States of America"", ""iso_3166_1"": ""US""}, {""name"": ""Australia"", ""iso_3166_1"": ""AU""}, {""name"": ""United Kingdom"", ""iso_3166_1"": ""GB""}]","[{""name"": ""English"", ""iso_639_1"": ""en"", ""english_name"": ""English""}]",2026-09-27 09:47:05.635683
1384514,The Vvaan,"A rational urban man defies his ancestral forbidden forest and awakens a divine goddess, only to realise that not only do some powers exist beyond logic but he must rise as the village’s only saviour to protect his people from annihilation.",2026-09-25,64.3896,8,9.4,/fygsmzrKBGV3O4ky6l26wKF8QBA.jpg,/rlOz3ZMwtIyvZB9O4btHASVJjI1.jpg,hi,"[{""id"": 28, ""name"": ""Action""}, {""id"": 12, ""name"": ""Adventure""}, {""id"": 53, ""name"": ""Thriller""}]",136,0,0,"",Force of the Forrest,Released,tt34498564,"[{""id"": 244938, ""name"": ""TVF Motion Pictures"", ""logo_path"": null, ""origin_country"": ""IN""}, {""id"": 87484, ""name"": ""Balaji Telefilms"", ""logo_path"": ""/mr29A83cH7ok59YnuVW2In5PlKi.png"", ""origin_country"": ""IN""}, {""id"": 79875, ""name"": ""11:11 Productions"", ""logo_path"": null, ""origin_country"": ""IN""}]","[{""name"": ""India"", ""iso_3166_1"": ""IN""}]","[{""name"": ""हिन्दी"", ""iso_639_1"": ""hi"", ""english_name"": ""Hindi""}]",2026-09-27 09:47:05.635683
27205,Inception,"Cobb, a skilled thief who commits corporate espionage by infiltrating the subconscious of his targets is offered a chance to regain his old life as payment for a task considered to be impossible: ""inception"", the implantation of another person's idea into a target's subconscious.",2010-07-15,57.4822,40276,8.374,/xlaY2zyzMfkhk0HSC5VUwzoZPU1.jpg,/8ZTVqvKDQ8emSGUEMjsS4yHAwrp.jpg,en,"[{""id"": 28, ""name"": ""Action""}, {""id"": 878, ""name"": ""Science Fiction""}, {""id"": 12, ""name"": ""Adventure""}]",148,160000000,839030630,https://www.warnerbros.com/movies/inception,Your mind is the scene of the crime.,Released,tt1375666,"[{""id"": 174, ""name"": ""Warner Bros. Pictures"", ""logo_path"": ""/zhD3hhtKB5qyv7ZeL4uLpNxgMVU.png"", ""origin_country"": ""US""}]","[{""name"": ""United Kingdom"", ""iso_3166_1"": ""GB""}, {""name"": ""United States of America"", ""iso_3166_1"": ""US""}]","[{""name"": ""English"", ""iso_639_1"": ""en"", ""english_name"": ""English""}, {""name"": ""Français"", ""iso_639_1"": ""fr"", ""english_name"": ""French""}, {""name"": ""日本語"", ""iso_639_1"": ""ja"", ""english_name"": ""Japanese""}, {""name"": ""Kiswahili"", ""iso_639_1"": ""sw"", ""english_name"": ""Swahili""}]",2026-09-27 09:47:05.635683
911430,F1,Racing legend Sonny Hayes is coaxed out of retirement to lead a struggling Formula 1 team—and mentor a young hotshot driver—while chasing one more chance at glory.,2025-06-25,41.6551,4721,7.828,/9PXZIUsSDh4alB80jheWX4fhZmy.jpg,/lkDYN0whyE82mcM20rwtwjbniKF.jpg,en,"[{""id"": 28, ""name"": ""Action""}, {""id"": 18, ""name"": ""Drama""}]",156,300000000,634142436,https://www.f1themovie.com,Let's ride.,Released,tt16311594,"[{""id"": 81, ""name"": ""Plan B Entertainment"", ""logo_path"": ""/8wOfUhA7vwU2gbPjQy7Vv3EiF0o.png"", ""origin_country"": ""US""}, {""id"": 130, ""name"": ""Jerry Bruckheimer Films"", ""logo_path"": ""/c9dVHPOL3cqCr2593Ahk0nEKTEM.png"", ""origin_country"": ""US""}, {""id"": 199632, ""name"": ""Dawn Apollo Films"", ""logo_path"": null, ""origin_country"": ""US""}, {""id"": 194232, ""name"": ""Apple Studios"", ""logo_path"": ""/oE7H93u8sy5vvW5EH3fpCp68vvB.png"", ""origin_country"": ""US""}, {""id"": 19647, ""name"": ""Monolith Pictures"", ""logo_path"": null, ""origin_country"": ""US""}]","[{""name"": ""United States of America"", ""iso_3166_1"": ""US""}]","[{""name"": ""Dansk"", ""iso_639_1"": ""da"", ""english_name"": ""Danish""}, {""name"": ""English"", ""iso_639_1"": ""en"", ""english_name"": ""English""}, {""name"": ""Deutsch"", ""iso_639_1"": ""de"", ""english_name"": ""German""}, {""name"": ""Español"", ""iso_639_1"": ""es"", ""english_name"": ""Spanish""}]",2026-09-27 09:47:05.635683
1101383,The End of Oak Street,"After a mysterious cosmic event rips Oak Street from suburbia and transports their neighborhood to someplace unknown, the Platt family soon discovers that their very survival depends on them sticking together as they navigate their now unrecognizable surroundings.",2026-08-12,384.7322,1590,7.036,/fYXqpgPmHMphSF2W30GbTeJVIa5.jpg,/b9q9VmbXDvJmTziRqkwdEmFdwhr.jpg,en,"[{""id"": 878, ""name"": ""Science Fiction""}, {""id"": 9648, ""name"": ""Mystery""}, {""id"": 53, ""name"": ""Thriller""}]",100,80000000,120363694,https://www.endofoakstreet.com,Where goes the neighborhood.,Released,tt27165187,"[{""id"": 174, ""name"": ""Warner Bros. Pictures"", ""logo_path"": ""/zhD3hhtKB5qyv7ZeL4uLpNxgMVU.png"", ""origin_country"": ""US""}, {""id"": 216687, ""name"": ""Domain Entertainment"", ""logo_path"": ""/kKVYqekveOvLK1IgqdJojLjQvtu.png"", ""origin_country"": ""US""}, {""id"": 11461, ""name"": ""Bad Robot"", ""logo_path"": ""/p9FoEt5shEKRWRKVIlvFaEmRnun.png"", ""origin_country"": ""US""}, {""id"": 171235, ""name"": ""Jackson Pictures"", ""logo_path"": null, ""origin_country"": ""US""}]","[{""name"": ""United States of America"", ""iso_3166_1"": ""US""}]","[{""name"": ""English"", ""iso_639_1"": ""en"", ""english_name"": ""English""}]",2026-09-27 09:47:05.635683
73,American History X,"Derek Vineyard is paroled after serving 3 years in prison for killing two African-American men. Through his brother, Danny Vineyard's narration, we learn that before going to prison, Derek was a skinhead and the leader of a violent white supremacist gang that committed acts of racial crime throughout L.A. and his actions greatly influenced Danny. Reformed and fresh out of prison, Derek severs contact with the gang and becomes determined to keep Danny from going down the same violent path as he did.",1998-07-01,19.9755,12947,8.323,/x2drgoXYZ8484lqyDj7L1CEVR4T.jpg,/6qHI1IYj7QlLSCwHRzkL62X175s.jpg,en,"[{""id"": 18, ""name"": ""Drama""}]",119,20000000,23900000,"",Some legacies must end.,Released,tt0120586,"[{""id"": 12, ""name"": ""New Line Cinema"", ""logo_path"": ""/2ycs64eqV5rqKYHyQK0GVoKGvfX.png"", ""origin_country"": ""US""}, {""id"": 11308, ""name"": ""Savoy Pictures"", ""logo_path"": ""/txpvD9MPdBfC7B1Z9qn0MHfzyLV.png"", ""origin_country"": ""US""}, {""id"": 924, ""name"": ""The Turman-Morrissey Company"", ""logo_path"": null, ""origin_country"": """"}]","[{""name"": ""United States of America"", ""iso_3166_1"": ""US""}]","[{""name"": ""English"", ""iso_639_1"": ""en"", ""english_name"": ""English""}]",2026-09-27 09:47:05.635683
29259,Le Trou,"Four prison inmates have been hatching a plan to literally dig out of jail when another prisoner, Claude Gaspard, is moved into their cell. They take a risk and share their plan with the newcomer. Over the course of three days, the prisoners and friends break through the concrete floor using a bed post and begin to make their way through the sewer system – yet their escape is anything but assured.",1960-03-18,4.8108,601,8.244,/xyZhiOz5NHVBUKlpioxjwajy7pm.jpg,/f72GEQF2lKsdmEULSI9bWCbQylH.jpg,fr,"[{""id"": 18, ""name"": ""Drama""}, {""id"": 53, ""name"": ""Thriller""}, {""id"": 80, ""name"": ""Crime""}]",132,0,33187,"",Poor Gaspard...,Released,tt0054407,"[{""id"": 534, ""name"": ""Filmsonor"", ""logo_path"": null, ""origin_country"": ""FR""}, {""id"": 1826, ""name"": ""Play Art"", ""logo_path"": null, ""origin_country"": ""FR""}, {""id"": 641, ""name"": ""Titanus"", ""logo_path"": ""/w8flpSJntsxVCMkIU1qeg1kJcJh.png"", ""origin_country"": ""IT""}]","[{""name"": ""France"", ""iso_3166_1"": ""FR""}, {""name"": ""Italy"", ""iso_3166_1"": ""IT""}]","[{""name"": ""Français"", ""iso_639_1"": ""fr"", ""english_name"": ""French""}]",2026-09-27 09:47:05.635683
1003596,Avengers: Doomsday,Beloved heroes from three distinct universes are set on a deadly collision course and face an existential threat unlike anything they've ever encountered.,2026-12-16,73.1407,0,0,/jzPwsojjFStf5lR5Nm07w2hH56G.jpg,/s4v0UX1anfXm0UvloLsTTJ4v222.jpg,en,"[{""id"": 878, ""name"": ""Science Fiction""}, {""id"": 28, ""name"": ""Action""}, {""id"": 12, ""name"": ""Adventure""}]",165,0,0,https://www.marvel.com/movies/avengers-doomsday,"",Post Production,tt21357150,"[{""id"": 420, ""name"": ""Marvel Studios"", ""logo_path"": ""/hUzeosd33nzE5MCNsZxCGEKTXaQ.png"", ""origin_country"": ""US""}, {""id"": 176762, ""name"": ""Kevin Feige Productions"", ""logo_path"": null, ""origin_country"": ""US""}, {""id"": 106544, ""name"": ""AGBO"", ""logo_path"": ""/psd84iF7PTGrKf4yFOStKj8JbAh.png"", ""origin_country"": ""US""}]","[{""name"": ""United States of America"", ""iso_3166_1"": ""US""}]","[{""name"": ""English"", ""iso_639_1"": ""en"", ""english_name"": ""English""}]",2026-09-27 09:47:05.635683
83533,Avatar: Fire and Ash,"In the wake of the devastating war against the RDA and the loss of their eldest son, Jake Sully and Neytiri face a new threat on Pandora: the Ash People, a violent and power-hungry Na'vi tribe led by the ruthless Varang. Jake's family must fight for their survival and the future of Pandora in a conflict that pushes them to their emotional and physical limits.",2025-12-17,75.6257,4389,7.644,/bRBeSHfGHwkEpImlhxPmOcUsaeg.jpg,/iN41Ccw4DctL8npfmYg1j5Tr1eb.jpg,en,"[{""id"": 878, ""name"": ""Science Fiction""}, {""id"": 12, ""name"": ""Adventure""}, {""id"": 14, ""name"": ""Fantasy""}]",198,350000000,1485999890,https://www.avatar.com/movies/avatar-fire-and-ash,The world of Pandora will change forever.,Released,tt1757678,"[{""id"": 127928, ""name"": ""20th Century Studios"", ""logo_path"": ""/h0rjX5vjW5r8yEnUBStFarjcLT4.png"", ""origin_country"": ""US""}, {""id"": 574, ""name"": ""Lightstorm Entertainment"", ""logo_path"": ""/8wdmrfGcDx3TJxYiiDksLzAW4pB.png"", ""origin_country"": ""US""}, {""id"": 22213, ""name"": ""TSG Entertainment"", ""logo_path"": ""/qx9K6bFWJupwde0xQDwOvXkOaL8.png"", ""origin_country"": ""US""}]","[{""name"": ""United States of America"", ""iso_3166_1"": ""US""}]","[{""name"": ""English"", ""iso_639_1"": ""en"", ""english_name"": ""English""}]",2026-09-27 09:47:05.635683
1477712,Ice Cream Man,An idyllic summer town descends into madness when an ice cream man serves kids sweet delights with horrifying results.,2026-08-03,117.7174,85,4.667,/lNBxToxHWrzmkqeFnf1XADUTxQq.jpg,/hjF1rzTDR7YvnJUcH2SfP48w492.jpg,en,"[{""id"": 35, ""name"": ""Comedy""}, {""id"": 27, ""name"": ""Horror""}, {""id"": 53, ""name"": ""Thriller""}]",86,5500000,7788193,https://www.iconicreleasing.com/events/ice-cream-man/,We all scream.,Released,tt36893729,"[{""id"": 258079, ""name"": ""The Horror Section"", ""logo_path"": ""/2cvSE4rsBLKXqK13tWtAJe7afAS.png"", ""origin_country"": ""US""}, {""id"": 221429, ""name"": ""Media Capital Technologies"", ""logo_path"": ""/rWqW00ts1tZ0efwyacZlGnVd6PB.png"", ""origin_country"": ""US""}, {""id"": 5056, ""name"": ""Head Gear Films"", ""logo_path"": ""/ok7CQyn0RPEuI0upznPoo93YE6H.png"", ""origin_country"": ""GB""}, {""id"": 62657, ""name"": ""Mass Appeal"", ""logo_path"": ""/lrjP8bqSziFpahMsE13qImlWLBQ.png"", ""origin_country"": ""US""}, {""id"": 25954, ""name"": ""Metrol Technology"", ""logo_path"": ""/oga9DS7GZGbZ0iZ4JFuVTBMBv1C.png"", ""origin_country"": ""GB""}, {""id"": 1778, ""name"": ""dentsu"", ""logo_path"": ""/b5rT6VbYza3LyfltCmz1OcqzWJM.png"", ""origin_country"": ""JP""}, {""id"": 252730, ""name"": ""Sixth Dimension"", ""logo_path"": ""/4mXx4PAP9ivHVZ0WAjvyKTI8hGK.png"", ""origin_country"": ""FR""}]","[{""name"": ""United States of America"", ""iso_3166_1"": ""US""}, {""name"": ""United Kingdom"", ""iso_3166_1"": ""GB""}, {""name"": ""France"", ""iso_3166_1"": ""FR""}, {""name"": ""Japan"", ""iso_3166_1"": ""JP""}]","[{""name"": ""English"", ""iso_639_1"": ""en"", ""english_name"": ""English""}]",2026-09-27 09:47:05.635683
598,City of God,"In the poverty-stricken favelas of Rio de Janeiro in the 1970s, two young men choose different paths. Rocket is a budding photographer who documents the increasing drug-related violence of his neighborhood, while José “Zé” Pequeno is an ambitious drug dealer diving into a dangerous life of crime.",2002-08-30,22.7847,8475,8.4,/k7eYdWvhYQyRQoU2TB2A2Xu2TfD.jpg,/uvitbjFU4JqvMwIkMWHp69bmUzG.jpg,pt,"[{""id"": 18, ""name"": ""Drama""}, {""id"": 80, ""name"": ""Crime""}]",129,3300000,30641770,http://cidadededeus.globo.com/,"If you run, the beast catches you; if you stay, the beast eats you.",Released,tt0317248,"[{""id"": 345, ""name"": ""O2 Filmes"", ""logo_path"": ""/hj2nqoG2F9COm16fqvM0YpY3jL4.png"", ""origin_country"": ""BR""}, {""id"": 346, ""name"": ""VideoFilmes"", ""logo_path"": ""/ymwuRMQkrQojx55MeMO861Rdecz.png"", ""origin_country"": ""BR""}, {""id"": 856, ""name"": ""Wild Bunch"", ""logo_path"": ""/3tfzS2CrX6Ntbu927XzHXEPDA6y.png"", ""origin_country"": ""FR""}, {""id"": 11445, ""name"": ""Hank Levine Film & Music"", ""logo_path"": null, ""origin_country"": ""DE""}, {""id"": 13969, ""name"": ""Globo Filmes"", ""logo_path"": ""/pFh6R6D4wpztG5aSblu14TtrR57.png"", ""origin_country"": ""BR""}, {""id"": 274216, ""name"": ""Lumière"", ""logo_path"": ""/ydSyng1Q80Hungi3p634pJRhDG6.png"", ""origin_country"": ""BR""}]","[{""name"": ""Brazil"", ""iso_3166_1"": ""BR""}, {""name"": ""France"", ""iso_3166_1"": ""FR""}, {""name"": ""Germany"", ""iso_3166_1"": ""DE""}]","[{""name"": ""Português"", ""iso_639_1"": ""pt"", ""english_name"": ""Portuguese""}]",2026-09-27 09:47:05.635683
599,Sunset Boulevard,A hack screenwriter writes a screenplay for a former silent film star who has faded into Hollywood obscurity.,1950-08-10,12.4208,3036,8.272,/zt8aQ6ksqK6p1AopC5zVTDS9pKT.jpg,/p47ihFj4A7EpBjmPHdTj4ipyq1S.jpg,en,"[{""id"": 18, ""name"": ""Drama""}]",110,1752000,5000000,"",A Hollywood Story: Sensational...Daring...Unforgettable...Sunset Blvd,Released,tt0043014,"[{""id"": 4, ""name"": ""Paramount Pictures"", ""logo_path"": ""/jay6WcMgagAklUt7i9Euwj1pzTF.png"", ""origin_country"": ""US""}]","[{""name"": ""United States of America"", ""iso_3166_1"": ""US""}]","[{""name"": ""English"", ""iso_639_1"": ""en"", ""english_name"": ""English""}]",2026-09-27 09:47:05.635683
1777750,Detective Conan: The Counterfeit Case of Ultra 30,"As a new 10,000-yen banknote featuring the Touto Tower design is issued and the nation is swept up in excitement, Conan and the Junior Detective League, accompanied by Professor Agasa, Ran, and Sonoko, visit the Nagano factory of the Japan Banknote Printing Bureau. Meanwhile, counterfeit money is discovered at the scene of a murder in Tokyo, prompting the Metropolitan Police Department to establish an investigation headquarters. As the unprecedented circulation of counterfeit new banknotes throws the public into confusion, Conan and Heiji head to Osaka, where the counterfeit money is believed to have been printed.",2026-11-06,3.7342,0,0,/pT9RIHf4K9OyOB3eqYj97E5h0YA.jpg,/v0T74v8LPZBSL247oGeTOp06tnm.jpg,ja,"[{""id"": 16, ""name"": ""Animation""}, {""id"": 28, ""name"": ""Action""}, {""id"": 9648, ""name"": ""Mystery""}, {""id"": 80, ""name"": ""Crime""}]",93,0,0,https://www.ytv.co.jp/conan/30go/,"",Released,tt46656123,"[{""id"": 7164, ""name"": ""TMS Entertainment"", ""logo_path"": ""/vHsaqTkQ2ZTbdqrCA272YahoVlg.png"", ""origin_country"": ""JP""}]","[{""name"": ""Japan"", ""iso_3166_1"": ""JP""}]","[{""name"": ""日本語"", ""iso_639_1"": ""ja"", ""english_name"": ""Japanese""}]",2026-09-27 09:47:05.635683
1284186,Sacrifice,"During a star-studded charity gala brimming with celebrities, billionaires and empty speeches, a movie star in the midst of an existential crisis is taken hostage by a radical warrior and her devoted followers. As the night descends into chaos, both an inward journey and an outward adventure ensue, where the line between performance and belief, salvation and sacrifice, begins to blur.",2026-04-09,35.3353,22,5.364,/SGH7mlgfDyGgRCi2At62Ljg3zV.jpg,/oAUf1pvGlafCZVlEuPt1JyONHR1.jpg,en,"[{""id"": 12, ""name"": ""Adventure""}, {""id"": 35, ""name"": ""Comedy""}, {""id"": 28, ""name"": ""Action""}]",103,0,0,"","",Released,tt32268992,"[{""id"": 227077, ""name"": ""Mid March Media"", ""logo_path"": ""/9pSCW1pXlXsJ0B3fBiyHyzRSylD.png"", ""origin_country"": ""CY""}, {""id"": 76888, ""name"": ""Heretic"", ""logo_path"": ""/eQzzrPMtHbgAxKgQysFH73mHaHF.png"", ""origin_country"": ""GR""}, {""id"": 246220, ""name"": ""Lady Killer Productions"", ""logo_path"": null, ""origin_country"": ""US""}, {""id"": 78780, ""name"": ""Iconoclast"", ""logo_path"": ""/3niMKWcBpqOh4C1PHAG4FSubsgp.png"", ""origin_country"": ""FR""}, {""id"": 6705, ""name"": ""Film4 Productions"", ""logo_path"": ""/iNB1FCwT4XjO6wkN3PnpPnwr9GX.png"", ""origin_country"": ""GB""}, {""id"": 118570, ""name"": ""GUCCI"", ""logo_path"": ""/2LFzslIbEtan1ZazEilxJaPCBOs.png"", ""origin_country"": ""US""}, {""id"": 5056, ""name"": ""Head Gear Films"", ""logo_path"": ""/ok7CQyn0RPEuI0upznPoo93YE6H.png"", ""origin_country"": ""GB""}, {""id"": 25954, ""name"": ""Metrol Technology"", ""logo_path"": ""/oga9DS7GZGbZ0iZ4JFuVTBMBv1C.png"", ""origin_country"": ""GB""}]","[{""name"": ""France"", ""iso_3166_1"": ""FR""}, {""name"": ""Greece"", ""iso_3166_1"": ""GR""}, {""name"": ""United States of America"", ""iso_3166_1"": ""US""}, {""name"": ""Cyprus"", ""iso_3166_1"": ""CY""}, {""name"": ""United Kingdom"", ""iso_3166_1"": ""GB""}]","[{""name"": ""English"", ""iso_639_1"": ""en"", ""english_name"": ""English""}]",2026-09-27 09:47:05.635683
603,The Matrix,"Set in the 22nd century, The Matrix tells the story of a computer hacker who joins a group of underground insurgents fighting the vast and powerful computers who now rule the earth.",1999-03-31,50.9712,28811,8.259,/dXNAPwY7VrqMAo51EKhhCJfaGb5.jpg,/tlm8UkiQsitc8rSuIAscQDCnP8d.jpg,en,"[{""id"": 28, ""name"": ""Action""}, {""id"": 878, ""name"": ""Science Fiction""}]",136,63000000,463517383,http://www.warnerbros.com/matrix,Believe the unbelievable.,Released,tt0133093,"[{""id"": 79, ""name"": ""Village Roadshow Pictures"", ""logo_path"": ""/at4uYdwAAgNRKhZuuFX8ShKSybw.png"", ""origin_country"": ""US""}, {""id"": 372, ""name"": ""Groucho II Film Partnership"", ""logo_path"": null, ""origin_country"": """"}, {""id"": 1885, ""name"": ""Silver Pictures"", ""logo_path"": ""/xlvoOZr4s1PygosrwZyolIFe5xs.png"", ""origin_country"": ""US""}, {""id"": 174, ""name"": ""Warner Bros. Pictures"", ""logo_path"": ""/zhD3hhtKB5qyv7ZeL4uLpNxgMVU.png"", ""origin_country"": ""US""}]","[{""name"": ""United States of America"", ""iso_3166_1"": ""US""}]","[{""name"": ""English"", ""iso_639_1"": ""en"", ""english_name"": ""English""}]",2026-09-27 09:47:05.635683
354912,Coco,"Despite his family’s baffling generations-old ban on music, Miguel dreams of becoming an accomplished musician like his idol, Ernesto de la Cruz. Desperate to prove his talent, Miguel finds himself in the stunning and colorful Land of the Dead following a mysterious chain of events. Along the way, he meets charming trickster Hector, and together, they set off on an extraordinary journey to unlock the real story behind Miguel's family history.",2017-10-27,42.7179,21442,8.197,/6Ryitt95xrO8KXuqRGm1fUuNwqF.jpg,/g7CHF8gTLGooTbP4GznIGwaqAGL.jpg,en,"[{""id"": 10751, ""name"": ""Family""}, {""id"": 16, ""name"": ""Animation""}, {""id"": 10402, ""name"": ""Music""}, {""id"": 12, ""name"": ""Adventure""}]",105,175000000,814641172,https://www.pixar.com/feature-films/coco,The celebration of a lifetime.,Released,tt2380307,"[{""id"": 3, ""name"": ""Pixar"", ""logo_path"": ""/1TjvGVDMYsj6JBxOAkUHpPEwLf7.png"", ""origin_country"": ""US""}]","[{""name"": ""United States of America"", ""iso_3166_1"": ""US""}]","[{""name"": ""English"", ""iso_639_1"": ""en"", ""english_name"": ""English""}, {""name"": ""Español"", ""iso_639_1"": ""es"", ""english_name"": ""Spanish""}]",2026-09-27 09:47:05.635683
1061474,Superman,"Superman, a journalist in Metropolis, embarks on a journey to reconcile his Kryptonian heritage with his human upbringing as Clark Kent.",2025-07-09,43.0213,5508,7.323,/ldyfo0BKmz5rWtJJKCvwaNS4cJT.jpg,/yRBc6WY3r1Fz5Cjd6DhSvzqunED.jpg,en,"[{""id"": 878, ""name"": ""Science Fiction""}, {""id"": 12, ""name"": ""Adventure""}, {""id"": 28, ""name"": ""Action""}]",130,225000000,618723803,https://www.superman.com,Look up.,Released,tt5950044,"[{""id"": 94218, ""name"": ""Troll Court Entertainment"", ""logo_path"": ""/kxuhS8wyKtVprOn5nckdHyNuSg1.png"", ""origin_country"": ""US""}, {""id"": 11565, ""name"": ""The Safran Company"", ""logo_path"": ""/odU3l6csuBmXUrzFm6araUgEUHQ.png"", ""origin_country"": ""US""}, {""id"": 184898, ""name"": ""DC Studios"", ""logo_path"": ""/iNTsbEgntSUwHmsZ9whiLhm60WB.png"", ""origin_country"": ""US""}, {""id"": 216687, ""name"": ""Domain Entertainment"", ""logo_path"": ""/kKVYqekveOvLK1IgqdJojLjQvtu.png"", ""origin_country"": ""US""}]","[{""name"": ""United States of America"", ""iso_3166_1"": ""US""}]","[{""name"": ""English"", ""iso_639_1"": ""en"", ""english_name"": ""English""}, {""name"": ""Español"", ""iso_639_1"": ""es"", ""english_name"": ""Spanish""}, {""name"": ""Hrvatski"", ""iso_639_1"": ""hr"", ""english_name"": ""Croatian""}]",2026-09-27 09:47:05.635683
98,Gladiator,"After the death of Emperor Marcus Aurelius, his devious son takes power and demotes Maximus, one of Rome's most capable generals who Marcus preferred. Eventually, Maximus is forced to become a gladiator and battle to the death against other men for the amusement of paying audiences.",2000-05-04,39.0221,21551,8.23,/wN2xWp1eIwCKOD0BHTcErTBv1Uq.jpg,/Ar7QuJ7sJEiC0oP3I8fKBKIQD9u.jpg,en,"[{""id"": 28, ""name"": ""Action""}, {""id"": 18, ""name"": ""Drama""}, {""id"": 12, ""name"": ""Adventure""}]",155,103000000,465516248,"",What we do in life echoes in eternity.,Released,tt0172495,"[{""id"": 33, ""name"": ""Universal Pictures"", ""logo_path"": ""/8lvHyhjr8oUKOOy2dKXoALWKdp0.png"", ""origin_country"": ""US""}, {""id"": 1645, ""name"": ""Scott Free Productions"", ""logo_path"": ""/6Ry6uNBaa0IbbSs1XYIgX5DkA9r.png"", ""origin_country"": ""GB""}, {""id"": 14440, ""name"": ""Red Wagon Entertainment"", ""logo_path"": ""/gk9zllyMFnaVBWTdZpm7VcfQrHC.png"", ""origin_country"": ""US""}, {""id"": 21904, ""name"": ""Mill Film"", ""logo_path"": null, ""origin_country"": ""GB""}, {""id"": 7, ""name"": ""DreamWorks Pictures"", ""logo_path"": ""/zcKhWbxFJ4CohZ9dLBMxmOArTVn.png"", ""origin_country"": ""US""}]","[{""name"": ""United Kingdom"", ""iso_3166_1"": ""GB""}, {""name"": ""United States of America"", ""iso_3166_1"": ""US""}]","[{""name"": ""English"", ""iso_639_1"": ""en"", ""english_name"": ""English""}]",2026-09-27 09:47:05.635683
1101412,Fall 2: Deadpoint,"On a perilous climb across Thailand's Mount Kwan, two climbers become trapped thousands of feet above the ground, where vertigo-inducing heights, sheer exposure, and impossible odds turn every moment into a fight for survival.",2026-09-01,68.0551,49,6.2,/fgSm5ylwiXbIHn8UbUXDjk9RRu4.jpg,/yBDxqDB29kpH9VojTytjGWBgmdJ.jpg,en,"[{""id"": 53, ""name"": ""Thriller""}]",98,3000000,9256541,https://www.fall.movie/,Are you down?,Released,tt31192372,"[{""id"": 155758, ""name"": ""Tea Shop Productions"", ""logo_path"": ""/iZi0zd9ijrcWR9zlEUUthG8d600.png"", ""origin_country"": ""GB""}, {""id"": 154063, ""name"": ""Capstone Pictures"", ""logo_path"": ""/r4anaxYa8OL5KaUbU35VkrIe88L.png"", ""origin_country"": ""US""}, {""id"": 61975, ""name"": ""Flawless Production"", ""logo_path"": null, ""origin_country"": ""GB""}, {""id"": 303075, ""name"": ""Cousin Jones"", ""logo_path"": null, ""origin_country"": ""US""}]","[{""name"": ""United Kingdom"", ""iso_3166_1"": ""GB""}, {""name"": ""United States of America"", ""iso_3166_1"": ""US""}]","[{""name"": ""English"", ""iso_639_1"": ""en"", ""english_name"": ""English""}]",2026-09-27 09:47:05.635683
101,Léon: The Professional,"Léon, the top hit man in New York, has earned a rep as an effective ""cleaner"". But when his next-door neighbors are wiped out by a loose-cannon DEA agent, he becomes the unwilling custodian of 12-year-old Mathilda. Before long, Mathilda's thoughts turn to revenge, and she considers following in Léon's footsteps.",1994-09-14,26.0245,16562,8.29,/bxB2q91nKYp8JNzqE7t7TWBVupB.jpg,/fj0hwDJEOOHllRim2BMt5L7tbjf.jpg,fr,"[{""id"": 80, ""name"": ""Crime""}, {""id"": 18, ""name"": ""Drama""}, {""id"": 28, ""name"": ""Action""}]",111,16000000,20330788,"","If you want the job done right, hire a professional.",Released,tt0110413,"[{""id"": 9, ""name"": ""Gaumont"", ""logo_path"": ""/h4zSRszvKHr1tjqEp8voJVahuza.png"", ""origin_country"": ""FR""}, {""id"": 66743, ""name"": ""Les Films du Dauphin"", ""logo_path"": null, ""origin_country"": ""FR""}]","[{""name"": ""France"", ""iso_3166_1"": ""FR""}]","[{""name"": ""English"", ""iso_639_1"": ""en"", ""english_name"": ""English""}, {""name"": ""Français"", ""iso_639_1"": ""fr"", ""english_name"": ""French""}, {""name"": ""Italiano"", ""iso_639_1"": ""it"", ""english_name"": ""Italian""}]",2026-09-27 09:47:05.635683
1124,The Prestige,"A mysterious story of two magicians whose intense rivalry leads them on a life-long battle for supremacy -- full of obsession, deceit and jealousy with dangerous and deadly consequences.",2006-10-19,28.1081,18176,8.211,/Ag2B2KHKQPukjH7WutmgnnSNurZ.jpg,/yaExZh6qE2cfyK3o4kAMEq0mkgy.jpg,en,"[{""id"": 18, ""name"": ""Drama""}, {""id"": 9648, ""name"": ""Mystery""}, {""id"": 878, ""name"": ""Science Fiction""}]",130,40000000,109676311,http://wwws.warnerbros.de/theprestige/,Are you watching closely?,Released,tt0482571,"[{""id"": 174, ""name"": ""Warner Bros. Pictures"", ""logo_path"": ""/zhD3hhtKB5qyv7ZeL4uLpNxgMVU.png"", ""origin_country"": ""US""}, {""id"": 9195, ""name"": ""Touchstone Pictures"", ""logo_path"": ""/geK5QOBsXIPGHutKwXtYjMUyYSG.png"", ""origin_country"": ""US""}, {""id"": 28, ""name"": ""Newmarket Films"", ""logo_path"": ""/7tRG0ZsmtptmzPMKupd1FZkjtnn.png"", ""origin_country"": ""US""}, {""id"": 9996, ""name"": ""Syncopy"", ""logo_path"": ""/3tvBqYsBhxWeHlu62SIJ1el93O7.png"", ""origin_country"": ""GB""}]","[{""name"": ""United Kingdom"", ""iso_3166_1"": ""GB""}, {""name"": ""United States of America"", ""iso_3166_1"": ""US""}]","[{""name"": ""English"", ""iso_639_1"": ""en"", ""english_name"": ""English""}]",2026-09-27 09:47:05.635683
105,Back to the Future,"Eighties teenager Marty McFly is accidentally sent back in time to 1955, inadvertently disrupting his parents' first meeting and attracting his mother's romantic interest. Marty must repair the damage to history by rekindling his parents' romance and - with the help of his eccentric inventor friend Doc Brown - return to 1985.",1985-07-03,38.3735,22457,8.33,/vN5B5WgYscRGcQpVhHl6p9DDTP0.jpg,/5bzPWQ2dFUl2aZKkp7ILJVVkRed.jpg,en,"[{""id"": 12, ""name"": ""Adventure""}, {""id"": 35, ""name"": ""Comedy""}, {""id"": 878, ""name"": ""Science Fiction""}]",116,19000000,391546852,http://www.backtothefuture.com/movies/backtothefuture1,He was never in time for his classes... He wasn't in time for his dinner... Then one day... he wasn't in his time at all.,Released,tt0088763,"[{""id"": 33, ""name"": ""Universal Pictures"", ""logo_path"": ""/8lvHyhjr8oUKOOy2dKXoALWKdp0.png"", ""origin_country"": ""US""}, {""id"": 56, ""name"": ""Amblin Entertainment"", ""logo_path"": ""/cEaxANEisCqeEoRvODv2dO1I0iI.png"", ""origin_country"": ""US""}]","[{""name"": ""United States of America"", ""iso_3166_1"": ""US""}]","[{""name"": ""English"", ""iso_639_1"": ""en"", ""english_name"": ""English""}]",2026-09-27 09:47:05.635683
1641580,The Last Assassins,"After her father is murdered, a young warrior known as “The Kid” and her guardian cross a violent dystopian future in search of the aunt she has never met. The world is trapped in permanent winter and shrouded in deadly fog, and Nobel is bound by an oath to protect the few remaining members of her family. Their journey leads them to an abandoned laboratory, where holograms reveal secrets from the family’s past. But as the boundary between the digital and physical worlds begins to collapse, the young woman may hold the key to what comes next.",2026-07-21,45.6853,6,6,/dCEvwyR3XlTos78iHZzPa8a3urg.jpg,/gRh0ZzVpjVW03AnOQNsO5aSYN9b.jpg,en,"[{""id"": 878, ""name"": ""Science Fiction""}, {""id"": 12, ""name"": ""Adventure""}, {""id"": 53, ""name"": ""Thriller""}, {""id"": 28, ""name"": ""Action""}]",84,0,0,https://otheranimal.ca/production/,"In a post-apocalyptic future, revenge is survival.",Released,tt28370319,"[{""id"": 251926, ""name"": ""Other Animal Entertainment"", ""logo_path"": null, ""origin_country"": """"}]","[{""name"": ""Canada"", ""iso_3166_1"": ""CA""}]","[{""name"": ""English"", ""iso_639_1"": ""en"", ""english_name"": ""English""}]",2026-09-27 09:47:05.635683
770156,Lucy Shimmers and the Prince of Peace,Second chances start when a hardened criminal crosses paths with a precocious little girl who is helped by an angel to change hearts during the holiday season.,2020-10-19,7.6271,380,8.404,/yfnJ5qIYx7q33fY4jqv9Pu95RSg.jpg,/7jS69IM8bK7ooOWGFmM9G6JcenO.jpg,en,"[{""id"": 18, ""name"": ""Drama""}, {""id"": 10751, ""name"": ""Family""}]",87,0,0,"","",Released,tt11916254,"[{""id"": 176675, ""name"": ""Rob Diamond Films"", ""logo_path"": null, ""origin_country"": ""US""}, {""id"": 176674, ""name"": ""Future Movie Productions"", ""logo_path"": ""/60DG5vScQorCVJPUp2EowKWFatC.png"", ""origin_country"": ""US""}]","[{""name"": ""United States of America"", ""iso_3166_1"": ""US""}]","[{""name"": ""English"", ""iso_639_1"": ""en"", ""english_name"": ""English""}]",2026-09-27 09:47:05.635683
68718,Django Unchained,"With the help of a German bounty hunter, a freed slave sets out to rescue his wife from a brutal Mississippi plantation owner.",2012-12-25,41.2318,28657,8.193,/7oWY8VDWW7thTzWh3OKYRkWUlD5.jpg,/2oZklIzUbvZXXzIFzv7Hi68d6xf.jpg,en,"[{""id"": 18, ""name"": ""Drama""}, {""id"": 37, ""name"": ""Western""}]",165,100000000,425368238,http://www.unchainedmovie.com,"Life, liberty, and the pursuit of vengeance.",Released,tt1853728,"[{""id"": 308, ""name"": ""The Weinstein Company"", ""logo_path"": ""/e8F3mQM7DkJ5SfYYDp8FYzPBOGX.png"", ""origin_country"": ""US""}, {""id"": 5, ""name"": ""Columbia Pictures"", ""logo_path"": ""/71BqEFAF4V3qjjMPCpLuyJFB9A.png"", ""origin_country"": ""US""}]","[{""name"": ""United States of America"", ""iso_3166_1"": ""US""}]","[{""name"": ""English"", ""iso_639_1"": ""en"", ""english_name"": ""English""}, {""name"": ""Français"", ""iso_639_1"": ""fr"", ""english_name"": ""French""}, {""name"": ""Deutsch"", ""iso_639_1"": ""de"", ""english_name"": ""German""}]",2026-09-27 09:47:05.635683
1226863,The Super Mario Galaxy Movie,"Having thwarted Bowser's previous plot to marry Princess Peach, Mario and Luigi now face a fresh threat in Bowser Jr., who is determined to liberate his father from captivity and restore the family legacy. Alongside companions new and old, the brothers travel across the stars to stop the young heir's crusade.",2026-04-01,55.7221,3730,8.222,/eJGWx219ZcEMVQJhAgMiqo8tYY.jpg,/kxQiIJ4gVcD3K6o14MJ72p5yRcE.jpg,en,"[{""id"": 10751, ""name"": ""Family""}, {""id"": 35, ""name"": ""Comedy""}, {""id"": 12, ""name"": ""Adventure""}, {""id"": 14, ""name"": ""Fantasy""}, {""id"": 16, ""name"": ""Animation""}]",98,110000000,1012203331,https://www.thesupermariogalaxymovie.com,The galaxy awaits.,Released,tt28650488,"[{""id"": 6704, ""name"": ""Illumination"", ""logo_path"": ""/fOG2oY4m1YuYTQh4bMqqZkmgOAI.png"", ""origin_country"": ""US""}, {""id"": 33, ""name"": ""Universal Pictures"", ""logo_path"": ""/8lvHyhjr8oUKOOy2dKXoALWKdp0.png"", ""origin_country"": ""US""}, {""id"": 12288, ""name"": ""Nintendo"", ""logo_path"": ""/e4dQAqZD374H5EuM0W1ljEBWTKy.png"", ""origin_country"": ""JP""}]","[{""name"": ""Japan"", ""iso_3166_1"": ""JP""}, {""name"": ""United States of America"", ""iso_3166_1"": ""US""}]","[{""name"": ""English"", ""iso_639_1"": ""en"", ""english_name"": ""English""}]",2026-09-27 09:47:05.635683
335984,Blade Runner 2049,"Thirty years after the events of the first film, a new blade runner, LAPD Officer K, unearths a long-buried secret that has the potential to plunge what's left of society into chaos. K's discovery leads him on a quest to find Rick Deckard, a former LAPD blade runner who has been missing for 30 years.",2017-10-04,85.983,15732,7.607,/gajva2L0rPYkEWjzgFlBXCAVBE5.jpg,/gNdLJU9TxrpGx4dkZidjys3fyy0.jpg,en,"[{""id"": 878, ""name"": ""Science Fiction""}, {""id"": 18, ""name"": ""Drama""}]",164,150000000,259239658,http://bladerunnermovie.com/,The key to the future is finally unearthed.,Released,tt1856101,"[{""id"": 1088, ""name"": ""Alcon Entertainment"", ""logo_path"": ""/9WOE5AQUXbOtLU6GTwfjS8OMF0v.png"", ""origin_country"": ""US""}, {""id"": 5, ""name"": ""Columbia Pictures"", ""logo_path"": ""/71BqEFAF4V3qjjMPCpLuyJFB9A.png"", ""origin_country"": ""US""}, {""id"": 1645, ""name"": ""Scott Free Productions"", ""logo_path"": ""/6Ry6uNBaa0IbbSs1XYIgX5DkA9r.png"", ""origin_country"": ""GB""}, {""id"": 57043, ""name"": ""Bud Yorkin Productions"", ""logo_path"": null, ""origin_country"": ""US""}, {""id"": 79529, ""name"": ""Torridon Films"", ""logo_path"": ""/gVN3k8emmKy4iV4KREWcCtxusZK.png"", ""origin_country"": ""US""}, {""id"": 101829, ""name"": ""16:14 Entertainment"", ""logo_path"": ""/8IOjCvgjq0zTrtP91cWD3kL2jMK.png"", ""origin_country"": ""US""}]","[{""name"": ""Canada"", ""iso_3166_1"": ""CA""}, {""name"": ""United Kingdom"", ""iso_3166_1"": ""GB""}, {""name"": ""United States of America"", ""iso_3166_1"": ""US""}]","[{""name"": ""English"", ""iso_639_1"": ""en"", ""english_name"": ""English""}, {""name"": ""suomi"", ""iso_639_1"": ""fi"", ""english_name"": ""Finnish""}, {""name"": ""Magyar"", ""iso_639_1"": ""hu"", ""english_name"": ""Hungarian""}, {""name"": ""日本語"", ""iso_639_1"": ""ja"", ""english_name"": ""Japanese""}, {""name"": ""Pусский"", ""iso_639_1"": ""ru"", ""english_name"": ""Russian""}, {""name"": ""Somali"", ""iso_639_1"": ""so"", ""english_name"": ""Somali""}, {""name"": ""Español"", ""iso_639_1"": ""es"", ""english_name"": ""Spanish""}]",2026-09-27 09:47:05.635683
1400940,Clayface,"Matt Hagen's meteoric rise from Gotham street kid to Hollywood leading man is tragically cut short when a local crime boss's actions leave him horribly disfigured. Abandoned by his team and with nothing left, Matt seeks out a cutting edge treatment that miraculously returns him to his former self… but also unexpectedly affects his grip on reality, spiraling him down a destructive path of all-consuming revenge.",2026-10-21,18.1543,0,0,/5jCpQnWPikggmQZoDp1eAi6BI6w.jpg,/pwWR1DRjoFxwdH0jI2elBdXTF1F.jpg,en,"[{""id"": 27, ""name"": ""Horror""}, {""id"": 53, ""name"": ""Thriller""}, {""id"": 878, ""name"": ""Science Fiction""}]",108,40000000,0,https://www.clayfacemovie.com,Look fear in the face.,Post Production,tt34890576,"[{""id"": 184898, ""name"": ""DC Studios"", ""logo_path"": ""/iNTsbEgntSUwHmsZ9whiLhm60WB.png"", ""origin_country"": ""US""}, {""id"": 216687, ""name"": ""Domain Entertainment"", ""logo_path"": ""/kKVYqekveOvLK1IgqdJojLjQvtu.png"", ""origin_country"": ""US""}, {""id"": 101405, ""name"": ""6th & Idaho Motion Picture Company"", ""logo_path"": ""/iusVPF9AJD1DiHEWbZEXgn1hpOf.png"", ""origin_country"": ""US""}, {""id"": 94218, ""name"": ""Troll Court Entertainment"", ""logo_path"": ""/kxuhS8wyKtVprOn5nckdHyNuSg1.png"", ""origin_country"": ""US""}, {""id"": 11565, ""name"": ""The Safran Company"", ""logo_path"": ""/odU3l6csuBmXUrzFm6araUgEUHQ.png"", ""origin_country"": ""US""}]","[{""name"": ""United States of America"", ""iso_3166_1"": ""US""}]","[{""name"": ""English"", ""iso_639_1"": ""en"", ""english_name"": ""English""}]",2026-09-27 09:47:05.635683
496243,Parasite,"All unemployed, Ki-taek's family takes peculiar interest in the wealthy and glamorous Parks for their livelihood until they get entangled in an unexpected incident.",2019-05-30,38.221,21375,8.49,/7IiTTgloJzvGI1TAYymCfbfl3vT.jpg,/hiKmpZMGZsrkA3cdce8a7Dpos1j.jpg,ko,"[{""id"": 35, ""name"": ""Comedy""}, {""id"": 53, ""name"": ""Thriller""}, {""id"": 18, ""name"": ""Drama""}]",133,11363000,257591776,https://www.parasite-movie.com/,Act like you own the place.,Released,tt6751668,"[{""id"": 4399, ""name"": ""Barunson E&A"", ""logo_path"": ""/rk3kE5QX2dQtH0pPwCHV12qfebg.png"", ""origin_country"": ""KR""}]","[{""name"": ""South Korea"", ""iso_3166_1"": ""KR""}]","[{""name"": ""English"", ""iso_639_1"": ""en"", ""english_name"": ""English""}, {""name"": ""Deutsch"", ""iso_639_1"": ""de"", ""english_name"": ""German""}, {""name"": ""한국어/조선말"", ""iso_639_1"": ""ko"", ""english_name"": ""Korean""}]",2026-09-27 09:47:05.635683
120,The Lord of the Rings: The Fellowship of the Ring,"Young hobbit Frodo Baggins, after inheriting a mysterious ring from his uncle Bilbo, must leave his home in order to keep it from falling into the hands of its evil creator. Along the way, a fellowship is formed to protect the ringbearer and make sure that the ring arrives at its final destination: Mt. Doom, the only place where it can be destroyed.",2001-12-18,53.546,28427,8.445,/6oom5QYQ2yQTMJIbnvbkBL9cHo6.jpg,/oiwc338EoBgS4sEI2ixAny4KQKg.jpg,en,"[{""id"": 12, ""name"": ""Adventure""}, {""id"": 14, ""name"": ""Fantasy""}, {""id"": 28, ""name"": ""Action""}]",179,93000000,871368364,http://www.lordoftherings.net/,One ring to rule them all.,Released,tt0120737,"[{""id"": 12, ""name"": ""New Line Cinema"", ""logo_path"": ""/2ycs64eqV5rqKYHyQK0GVoKGvfX.png"", ""origin_country"": ""US""}, {""id"": 11, ""name"": ""WingNut Films"", ""logo_path"": ""/6FAuASQHybRkZUk08p9PzSs9ezM.png"", ""origin_country"": ""NZ""}, {""id"": 5237, ""name"": ""The Saul Zaentz Company"", ""logo_path"": ""/mlnr7vsBHvLye8oEb5A76C0t8x9.png"", ""origin_country"": ""US""}]","[{""name"": ""New Zealand"", ""iso_3166_1"": ""NZ""}, {""name"": ""United States of America"", ""iso_3166_1"": ""US""}]","[{""name"": ""English"", ""iso_639_1"": ""en"", ""english_name"": ""English""}]",2026-09-27 09:47:05.635683
1058424,Hope,"In the remote South Korean village of Hope Harbor, police chief Bum-seok and officer Sung-ae are called to investigate a mysterious creature wreaking havoc on the community. But all is not as it seems, and perceptions can be misleading. What begins as ignorance plants the seed of disaster, escalating through human conflict into a tragedy of cosmic proportions.",2026-07-15,47.6172,91,7.302,/1n37BJchWHLiSYQkuFxe5KjB951.jpg,/hrCTKrc3Tz2wbPOt5rcrlAhqF11.jpg,ko,"[{""id"": 878, ""name"": ""Science Fiction""}, {""id"": 9648, ""name"": ""Mystery""}, {""id"": 28, ""name"": ""Action""}]",157,46000000,41212538,https://www.neonrated.com/film/hope,Is this how it ends?,Released,tt27369017,"[{""id"": 196800, ""name"": ""Forged Films"", ""logo_path"": ""/gmh5oiXNSKI2WoEnyz8dqV9ikwr.png"", ""origin_country"": ""KR""}, {""id"": 91505, ""name"": ""Plus M Entertainment"", ""logo_path"": ""/c6ggS6OO4tyEcgBQ7sHs67LDfES.png"", ""origin_country"": ""KR""}, {""id"": 168283, ""name"": ""Westworld Story"", ""logo_path"": ""/tkoix7ykf4WORjI3PNo5P4an67B.png"", ""origin_country"": ""KR""}]","[{""name"": ""South Korea"", ""iso_3166_1"": ""KR""}]","[{""name"": ""한국어/조선말"", ""iso_639_1"": ""ko"", ""english_name"": ""Korean""}]",2026-09-27 09:47:05.635683
122,The Lord of the Rings: The Return of the King,"As armies mass for a final battle that will decide the fate of the world--and powerful, ancient forces of Light and Dark compete to determine the outcome--one member of the Fellowship of the Ring is revealed as the noble heir to the throne of the Kings of Men. Yet, the sole hope for triumph over evil lies with a brave hobbit, Frodo, who, accompanied by his loyal friend Sam and the hideous, wretched Gollum, ventures deep into the very dark heart of Mordor on his seemingly impossible quest to destroy the Ring of Power.​",2003-12-17,49.6711,27427,8.506,/rCzpDGLbOoPwLjy3OAm5NUPOTrC.jpg,/ctiw6FZK4N36LmkjSklWEbuvlq9.jpg,en,"[{""id"": 12, ""name"": ""Adventure""}, {""id"": 14, ""name"": ""Fantasy""}, {""id"": 28, ""name"": ""Action""}]",201,94000000,1118888979,http://www.lordoftherings.net,There can be no triumph without loss. No victory without suffering. No freedom without sacrifice.,Released,tt0167260,"[{""id"": 12, ""name"": ""New Line Cinema"", ""logo_path"": ""/2ycs64eqV5rqKYHyQK0GVoKGvfX.png"", ""origin_country"": ""US""}, {""id"": 11, ""name"": ""WingNut Films"", ""logo_path"": ""/6FAuASQHybRkZUk08p9PzSs9ezM.png"", ""origin_country"": ""NZ""}, {""id"": 5237, ""name"": ""The Saul Zaentz Company"", ""logo_path"": ""/mlnr7vsBHvLye8oEb5A76C0t8x9.png"", ""origin_country"": ""US""}]","[{""name"": ""New Zealand"", ""iso_3166_1"": ""NZ""}, {""name"": ""United States of America"", ""iso_3166_1"": ""US""}]","[{""name"": ""English"", ""iso_639_1"": ""en"", ""english_name"": ""English""}]",2026-09-27 09:47:05.635683
121,The Lord of the Rings: The Two Towers,"Frodo Baggins and the other members of the Fellowship continue on their sacred quest to destroy the One Ring--but on separate paths. Their destinies lie at two towers--Orthanc Tower in Isengard, where the corrupt wizard Saruman awaits, and Sauron's fortress at Barad-dur, deep within the dark lands of Mordor.",2002-12-18,42.4314,24635,8.429,/5VTN0pR8gcqV3EPUHHfMGnJYN9L.jpg,/6G73mNyooWAEQTpckPSnFxFoNmc.jpg,en,"[{""id"": 12, ""name"": ""Adventure""}, {""id"": 14, ""name"": ""Fantasy""}, {""id"": 28, ""name"": ""Action""}]",179,79000000,926287400,http://www.lordoftherings.net/,The journey continues.,Released,tt0167261,"[{""id"": 12, ""name"": ""New Line Cinema"", ""logo_path"": ""/2ycs64eqV5rqKYHyQK0GVoKGvfX.png"", ""origin_country"": ""US""}, {""id"": 11, ""name"": ""WingNut Films"", ""logo_path"": ""/6FAuASQHybRkZUk08p9PzSs9ezM.png"", ""origin_country"": ""NZ""}, {""id"": 5237, ""name"": ""The Saul Zaentz Company"", ""logo_path"": ""/mlnr7vsBHvLye8oEb5A76C0t8x9.png"", ""origin_country"": ""US""}]","[{""name"": ""New Zealand"", ""iso_3166_1"": ""NZ""}, {""name"": ""United States of America"", ""iso_3166_1"": ""US""}]","[{""name"": ""English"", ""iso_639_1"": ""en"", ""english_name"": ""English""}]",2026-09-27 09:47:05.635683
667257,Impossible Things,"After the death of her abusive husband, Matilde finds her new best friend in Miguel, her young, insecure, and disoriented neighbor.",2021-06-17,4.8196,436,8.428,/t2Ew8NZ8Ci2kqmoecZUNQUFDJnQ.jpg,/bxSBOAD8AuMHYMdW3jso9npAkgt.jpg,es,"[{""id"": 10751, ""name"": ""Family""}, {""id"": 18, ""name"": ""Drama""}]",88,0,0,"",There are encounters that change your life,Released,tt10032342,"[{""id"": 96929, ""name"": ""Agencia SHA"", ""logo_path"": null, ""origin_country"": ""MX""}, {""id"": 12487, ""name"": ""Alebrije Producciones"", ""logo_path"": ""/wUKVwhE1CWpgwNcL5x88zcWjJMI.png"", ""origin_country"": ""MX""}, {""id"": 7570, ""name"": ""Videocine"", ""logo_path"": ""/gW8dfVtl1JsGIiLnvglea1OHHVr.png"", ""origin_country"": ""MX""}, {""id"": 5153, ""name"": ""Estudios Churubusco Azteca"", ""logo_path"": ""/d4BySWBlcGBBY58FG78DWMi9nrs.png"", ""origin_country"": ""MX""}]","[{""name"": ""Mexico"", ""iso_3166_1"": ""MX""}]","[{""name"": ""Español"", ""iso_639_1"": ""es"", ""english_name"": ""Spanish""}]",2026-09-27 09:47:05.635683
637,Life Is Beautiful,A touching story of an Italian book seller of Jewish ancestry who lives in his own little fairy tale. His creative and happy life would come to an abrupt halt when his entire family is deported to a concentration camp during World War II. While locked up he tries to convince his son that the whole thing is just a game.,1997-12-20,23.8078,14268,8.436,/74hLDKjD5aGYOotO6esUVaeISa2.jpg,/6aNKD81RHR1DqUUa8kOZ1TBY1Lp.jpg,it,"[{""id"": 35, ""name"": ""Comedy""}, {""id"": 18, ""name"": ""Drama""}]",116,20000000,230098753,"","An unforgettable fable that proves love, family and imagination conquer all.",Released,tt0118799,"[{""id"": 22117, ""name"": ""Mario e Vittorio Cecchi Gori - C.E.I.A.D."", ""logo_path"": ""/dF264wYYLmCwqawuTXor5xsEcCc.png"", ""origin_country"": ""IT""}, {""id"": 370, ""name"": ""Melampo Cinematografica"", ""logo_path"": null, ""origin_country"": ""IT""}]","[{""name"": ""Italy"", ""iso_3166_1"": ""IT""}]",[],2026-09-27 09:47:05.635683
724089,Gabriel's Inferno: Part II,"Professor Gabriel Emerson finally learns the truth about Julia Mitchell's identity, but his realization comes a moment too late. Julia is done waiting for the well-respected Dante specialist to remember her and wants nothing more to do with him. Can Gabriel win back her heart before she finds love in another's arms?",2020-07-31,2.7748,1563,8.3,/x5o8cLZfEXMoZczTYWLrUo1P7UJ.jpg,/jtAI6OJIWLWiRItNSZoWjrsUtmi.jpg,en,"[{""id"": 10749, ""name"": ""Romance""}, {""id"": 18, ""name"": ""Drama""}]",106,0,0,https://watch.passionflix.com/watch/f299fa17-5a2b-4fee-b53a-a4651747431b,"",Released,tt13535454,"[{""id"": 92153, ""name"": ""PassionFlix"", ""logo_path"": ""/psjvYkjjgAPtS8utnFYDM8t8yi7.png"", ""origin_country"": ""US""}]",[],"[{""name"": ""English"", ""iso_639_1"": ""en"", ""english_name"": ""English""}]",2026-09-27 09:47:05.635683
24188,Il Sorpasso,"Roberto, a shy law student in Rome, meets Bruno, a forty-year-old exuberant, capricious man, who takes him for a drive through the Roman and Tuscany countries in the summer. When their journey starts to blend into their daily lives though, the pair’s newfound friendship is tested.",1962-12-05,3.8799,870,8.232,/4h1ckrJQVcQYjeOkqS8i9BqZ9MI.jpg,/uUrV5KSjnZx47Dq7e6STr73iN4N.jpg,it,"[{""id"": 18, ""name"": ""Drama""}, {""id"": 35, ""name"": ""Comedy""}, {""id"": 12, ""name"": ""Adventure""}]",105,0,1892298,"","",Released,tt0056512,"[{""id"": 1399, ""name"": ""Fair Film"", ""logo_path"": null, ""origin_country"": ""IT""}, {""id"": 12473, ""name"": ""Incei Film"", ""logo_path"": null, ""origin_country"": ""IT""}, {""id"": 12989, ""name"": ""Sancro Film"", ""logo_path"": null, ""origin_country"": ""IT""}]","[{""name"": ""Italy"", ""iso_3166_1"": ""IT""}]","[{""name"": ""Deutsch"", ""iso_639_1"": ""de"", ""english_name"": ""German""}, {""name"": ""Italiano"", ""iso_639_1"": ""it"", ""english_name"": ""Italian""}, {""name"": ""Latin"", ""iso_639_1"": ""la"", ""english_name"": ""Latin""}]",2026-09-27 09:47:05.635683
128,Princess Mononoke,"Ashitaka, a prince of the disappearing Emishi people, is cursed by a demonized boar god and must journey to the west to find a cure. Along the way, he encounters San, a young human woman fighting to protect the forest, and Lady Eboshi, who is trying to destroy it. Ashitaka must find a way to bring balance to this conflict.",1997-07-12,22.0994,9317,8.321,/cMYCDADoLKLbB83g4WnJegaZimC.jpg,/gl0jzn4BupSbL2qMVeqrjKkF9Js.jpg,ja,"[{""id"": 12, ""name"": ""Adventure""}, {""id"": 14, ""name"": ""Fantasy""}, {""id"": 16, ""name"": ""Animation""}]",134,20000000,231379818,https://gkids.com/films/princess-mononoke,The fate of the world rests on the courage of one warrior.,Released,tt0119698,"[{""id"": 10342, ""name"": ""Studio Ghibli"", ""logo_path"": ""/uFuxPEZRUcBTEiYIxjHJq62Vr77.png"", ""origin_country"": ""JP""}, {""id"": 1778, ""name"": ""dentsu"", ""logo_path"": ""/b5rT6VbYza3LyfltCmz1OcqzWJM.png"", ""origin_country"": ""JP""}, {""id"": 1779, ""name"": ""Tokuma Shoten"", ""logo_path"": ""/41nGzTdCnORYZIZzaGZtfsBwQCl.png"", ""origin_country"": ""JP""}, {""id"": 6755, ""name"": ""Nippon Television Network Corporation"", ""logo_path"": ""/bWiM2iY82B32NGmPCOFatgfekIR.png"", ""origin_country"": ""JP""}]","[{""name"": ""Japan"", ""iso_3166_1"": ""JP""}]","[{""name"": ""日本語"", ""iso_639_1"": ""ja"", ""english_name"": ""Japanese""}]",2026-09-27 09:47:05.635683
129,Spirited Away,"A young girl, Chihiro, becomes trapped in a strange new world of spirits. When her parents undergo a mysterious transformation, she must call upon the courage she never knew she had to free her family.",2001-07-20,40.0203,18944,8.5,/39wmItIWsg5sZMyRUHLkWBcuVCM.jpg,/6oaL4DP75yABrd5EbC4H2zq5ghc.jpg,ja,"[{""id"": 16, ""name"": ""Animation""}, {""id"": 10751, ""name"": ""Family""}, {""id"": 14, ""name"": ""Fantasy""}]",125,19000000,274925095,https://gkids.com/films/spirited-away,Beyond the tunnel was a mysterious town.,Released,tt0245429,"[{""id"": 10342, ""name"": ""Studio Ghibli"", ""logo_path"": ""/uFuxPEZRUcBTEiYIxjHJq62Vr77.png"", ""origin_country"": ""JP""}, {""id"": 1779, ""name"": ""Tokuma Shoten"", ""logo_path"": ""/41nGzTdCnORYZIZzaGZtfsBwQCl.png"", ""origin_country"": ""JP""}, {""id"": 6755, ""name"": ""Nippon Television Network Corporation"", ""logo_path"": ""/bWiM2iY82B32NGmPCOFatgfekIR.png"", ""origin_country"": ""JP""}, {""id"": 11847, ""name"": ""Mitsubishi"", ""logo_path"": ""/gW5RN3ylzsAwQ1uGHBpezUZ0vXF.png"", ""origin_country"": ""JP""}, {""id"": 1778, ""name"": ""dentsu"", ""logo_path"": ""/b5rT6VbYza3LyfltCmz1OcqzWJM.png"", ""origin_country"": ""JP""}, {""id"": 1780, ""name"": ""TFC"", ""logo_path"": ""/4Qzhr7FxVtaMwmsh7118G3yvOhO.png"", ""origin_country"": ""JP""}, {""id"": 164892, ""name"": ""The Walt Disney Company (Japan)"", ""logo_path"": ""/2wH2cZCfpQvMsWZCZbHFEJx0R86.png"", ""origin_country"": ""JP""}]","[{""name"": ""Japan"", ""iso_3166_1"": ""JP""}]","[{""name"": ""日本語"", ""iso_639_1"": ""ja"", ""english_name"": ""Japanese""}]",2026-09-27 09:47:05.635683
10376,The Legend of 1900,"Musician Max Tooney goes to sell his prized Conn trumpet to a music shop, where he plays the instrument one last time. The shopkeeper recognises the song as one on a record matrix he found and asks who the piece is by. Tooney tells the story of an infant found abandoned in the first class dining room of the four-stacker ocean-liner SS Virginian on 1 January 1900. Danny Boodman, a coal-man from the boiler room, names the boy Danny Boodman T. D. Lemon 1900, after himself, the fruit crate the boy was found in, and the year, and raises him as his own.",1998-10-28,8.2806,2496,8.233,/iOcbJ5pxokOPDRgieVDbsFMrCc6.jpg,/muSeX7fnNw0pv4zHK7RSwZln6Hk.jpg,it,"[{""id"": 18, ""name"": ""Drama""}, {""id"": 10402, ""name"": ""Music""}]",170,9000000,21057208,"",An epic story of a man who could do anything... except be ordinary,Released,tt0120731,"[{""id"": 6246, ""name"": ""Medusa Film"", ""logo_path"": ""/7X6pfxldTiOD7MLo2EQqUQlmOUw.png"", ""origin_country"": ""IT""}, {""id"": 27597, ""name"": ""Sciarlò"", ""logo_path"": null, ""origin_country"": ""IT""}]","[{""name"": ""Italy"", ""iso_3166_1"": ""IT""}]","[{""name"": ""English"", ""iso_639_1"": ""en"", ""english_name"": ""English""}, {""name"": ""Italiano"", ""iso_639_1"": ""it"", ""english_name"": ""Italian""}, {""name"": ""Français"", ""iso_639_1"": ""fr"", ""english_name"": ""French""}]",2026-09-27 09:47:05.635683
872585,Oppenheimer,The story of J. Robert Oppenheimer's role in the development of the atomic bomb during World War II.,2023-07-19,44.7034,12557,8.023,/8Gxv8gSFCU0XGDykEGv7zR1n2ua.jpg,/neeNHeXjMF5fXoCJRsOmkNGC7q.jpg,en,"[{""id"": 18, ""name"": ""Drama""}, {""id"": 36, ""name"": ""History""}]",181,100000000,952000000,https://www.universalpictures.com/movies/oppenheimer,The world forever changes.,Released,tt15398776,"[{""id"": 9996, ""name"": ""Syncopy"", ""logo_path"": ""/3tvBqYsBhxWeHlu62SIJ1el93O7.png"", ""origin_country"": ""GB""}, {""id"": 33, ""name"": ""Universal Pictures"", ""logo_path"": ""/8lvHyhjr8oUKOOy2dKXoALWKdp0.png"", ""origin_country"": ""US""}, {""id"": 507, ""name"": ""Atlas Entertainment"", ""logo_path"": ""/aRmHe6GWxYMRCQljF75rn2B9Gv8.png"", ""origin_country"": ""US""}, {""id"": 15123, ""name"": ""Breakheart Films"", ""logo_path"": null, ""origin_country"": ""US""}, {""id"": 239215, ""name"": ""Peters Creek Entertainment"", ""logo_path"": null, ""origin_country"": ""US""}]","[{""name"": ""United Kingdom"", ""iso_3166_1"": ""GB""}, {""name"": ""United States of America"", ""iso_3166_1"": ""US""}]","[{""name"": ""Nederlands"", ""iso_639_1"": ""nl"", ""english_name"": ""Dutch""}, {""name"": ""English"", ""iso_639_1"": ""en"", ""english_name"": ""English""}]",2026-09-27 09:47:05.635683
936075,Michael,"The story of Michael Jackson, one of the most influential artists the world has ever known, and his life beyond the music. His journey from the discovery of his extraordinary talent as the lead of the Jackson Five, to the visionary artist whose creative ambition fueled a relentless pursuit to become the biggest entertainer in the world, highlighting both his life off-stage and some of the most iconic performances from his early solo career.",2026-04-22,52.0036,4411,8.629,/dueFqKLvjftnELZaGYwY7xinfaI.jpg,/ufSwlnECLoUbBjPrFqEQcWBzHwc.jpg,en,"[{""id"": 10402, ""name"": ""Music""}, {""id"": 18, ""name"": ""Drama""}]",128,250000000,1042616139,https://michael.movie,Discover the making of a king.,Released,tt11378946,"[{""id"": 1632, ""name"": ""Lionsgate"", ""logo_path"": ""/cisLn1YAUuptXVBa0xjq7ST9cH0.png"", ""origin_country"": ""US""}, {""id"": 3281, ""name"": ""GK Films"", ""logo_path"": ""/8tMybAieh64uzvm8knSjXOFX8Qc.png"", ""origin_country"": ""US""}, {""id"": 19222, ""name"": ""Optimum Productions"", ""logo_path"": ""/aQrYO4ziZbm24huYBahFKG4TfrJ.png"", ""origin_country"": ""US""}]","[{""name"": ""United States of America"", ""iso_3166_1"": ""US""}]","[{""name"": ""English"", ""iso_639_1"": ""en"", ""english_name"": ""English""}]",2026-09-27 09:47:05.635683
1007757,Swapped,"A small woodland creature and a majestic bird, two natural sworn enemies of the Valley, magically trade places and set off on an adventure of a lifetime to switch back. Their journey soon uncovers a greater threat—one that could endanger not only their species, but the entire valley they call home.",2026-05-01,38.737,2205,8.868,/tHhxWxge06goXU6ZQH1hj7vK8Hd.jpg,/zMwhWailP1WY7sb6AoE6b8ugoy.jpg,en,"[{""id"": 12, ""name"": ""Adventure""}, {""id"": 16, ""name"": ""Animation""}, {""id"": 10751, ""name"": ""Family""}, {""id"": 14, ""name"": ""Fantasy""}]",102,7,7,https://www.netflix.com/title/81749852,Transform your destiny.,Released,tt29552248,"[{""id"": 115416, ""name"": ""Skydance Animation"", ""logo_path"": ""/eP0uhxcvAl91Xfw5SBSGuCY6GVU.png"", ""origin_country"": ""US""}, {""id"": 179999, ""name"": ""Skydance Animation"", ""logo_path"": ""/eP0uhxcvAl91Xfw5SBSGuCY6GVU.png"", ""origin_country"": ""ES""}]","[{""name"": ""United States of America"", ""iso_3166_1"": ""US""}, {""name"": ""Spain"", ""iso_3166_1"": ""ES""}]","[{""name"": ""English"", ""iso_639_1"": ""en"", ""english_name"": ""English""}]",2026-09-27 09:47:05.635683
1419406,The Shadow's Edge,Macau Police brings the tracking expert police officer out of retirement to help catch a dangerous group of professional thieves.,2025-08-16,72.509,1465,8.293,/cHKo3m8N1fwvEy2ZEr0xGmmMODV.jpg,/4BtL2vvEufDXDP4u6xQjjQ1Y2aT.jpg,zh,"[{""id"": 28, ""name"": ""Action""}, {""id"": 80, ""name"": ""Crime""}, {""id"": 18, ""name"": ""Drama""}, {""id"": 53, ""name"": ""Thriller""}]",142,0,174400000,"",He's training a new generation of law enforcers for a dangerous mission to save the world from ruthless criminals.,Released,tt34610311,"[{""id"": 122699, ""name"": ""iQIYI Pictures （重复 同 iQiyi Motion Pictures）"", ""logo_path"": ""/rNuZaO3S54yNb2inykTHBg8meCe.png"", ""origin_country"": ""CN""}, {""id"": 197030, ""name"": ""Tao Piao Piao 淘票票"", ""logo_path"": ""/z9xtT1e3HunOnZUm3uGYb59eL7v.png"", ""origin_country"": ""CN""}, {""id"": 25657, ""name"": ""Hairun Pictures Company"", ""logo_path"": ""/nR1OM1kwQ1ZrtbUb6sSfV0Ldynk.png"", ""origin_country"": ""CN""}, {""id"": 250765, ""name"": ""Dong Fang Chen Xiang"", ""logo_path"": ""/pl14N2WxiYBDNUrPaFBhzyKoO8Z.png"", ""origin_country"": ""CN""}]","[{""name"": ""China"", ""iso_3166_1"": ""CN""}, {""name"": ""Hong Kong"", ""iso_3166_1"": ""HK""}]","[{""name"": ""普通话"", ""iso_639_1"": ""zh"", ""english_name"": ""Mandarin""}]",2026-09-27 09:47:05.635683
490132,Green Book,"Tony Lip, a bouncer in 1962, is hired to drive pianist Don Shirley on a tour through the Deep South in the days when African Americans, forced to find alternate accommodations and services due to segregation laws below the Mason-Dixon Line, relied on a guide called The Negro Motorist Green Book.",2018-11-16,24.1124,13285,8.224,/7BsvSuDQuoqhWmU2fL7W2GOcZHU.jpg,/5En0fmDagt3Pk8d7P3uTwfeQceg.jpg,en,"[{""id"": 18, ""name"": ""Drama""}, {""id"": 35, ""name"": ""Comedy""}, {""id"": 36, ""name"": ""History""}]",130,23000000,321752656,http://GreenBookFilm.com,Inspired by a True Friendship.,Released,tt6966692,"[{""id"": 6735, ""name"": ""Participant"", ""logo_path"": ""/pAQW38WU8ychBvYU2aGPTEbynEN.png"", ""origin_country"": ""US""}, {""id"": 7, ""name"": ""DreamWorks Pictures"", ""logo_path"": ""/zcKhWbxFJ4CohZ9dLBMxmOArTVn.png"", ""origin_country"": ""US""}, {""id"": 88582, ""name"": ""Cinetic Media"", ""logo_path"": ""/zf2Akd6JvRZlnd1OacHYaN5dj0k.png"", ""origin_country"": ""US""}, {""id"": 181849, ""name"": ""Innisfree Pictures"", ""logo_path"": null, ""origin_country"": ""US""}]","[{""name"": ""United States of America"", ""iso_3166_1"": ""US""}]","[{""name"": ""English"", ""iso_639_1"": ""en"", ""english_name"": ""English""}, {""name"": ""Italiano"", ""iso_639_1"": ""it"", ""english_name"": ""Italian""}, {""name"": ""Pусский"", ""iso_639_1"": ""ru"", ""english_name"": ""Russian""}]",2026-09-27 09:47:05.635683
1751701,After Impact,"After losing his father, Ethan Nichols inherits one of the largest greenhouses in the country, just as the world faces a devastating threat from an approaching asteroid. As society begins to unravel, Ethan grapples with personal betrayal, overwhelming loneliness, and the growing fear that survival may come at the cost of his humanity. Seeking refuge in his family’s bunker, Ethan endures the harsh aftermath of the impact, wrestling with physical injury and emotional despair. When a faint voice crackles over his radio, Ethan discovers he's not as alone as he believed.",2026-09-15,214.5733,9,5.722,/yzDuAQCY2n6zzOlBkn6JzhLhY3k.jpg,/k22XyPbce7zvzzf5OnT4uaY8ZD1.jpg,en,"[{""id"": 878, ""name"": ""Science Fiction""}, {""id"": 18, ""name"": ""Drama""}, {""id"": 53, ""name"": ""Thriller""}]",95,100000,0,https://michielrensen.com/catalogue/after-impact,"",Released,tt36809539,"[{""id"": 307908, ""name"": ""PWA Media Ltd"", ""logo_path"": null, ""origin_country"": """"}]","[{""name"": ""New Zealand"", ""iso_3166_1"": ""NZ""}]",[],2026-09-27 09:47:05.635683
1184918,The Wild Robot,"After a shipwreck, an intelligent robot called Roz is stranded on an uninhabited island. To survive the harsh environment, Roz bonds with the island's animals and cares for an orphaned baby goose.",2024-09-12,57.3736,6644,8.309,/wTnV3PCVW5O92JMrFvvrRcV39RU.jpg,/1pmXyN3sKeYoUhu5VBZiDU4BX21.jpg,en,"[{""id"": 10751, ""name"": ""Family""}, {""id"": 16, ""name"": ""Animation""}, {""id"": 878, ""name"": ""Science Fiction""}, {""id"": 12, ""name"": ""Adventure""}]",102,78000000,331982078,https://www.thewildrobotmovie.com,Discover your true nature.,Released,tt29623480,"[{""id"": 521, ""name"": ""DreamWorks Animation"", ""logo_path"": ""/3BPX5VGBov8SDqTV7wC1L1xShAS.png"", ""origin_country"": ""US""}]","[{""name"": ""United States of America"", ""iso_3166_1"": ""US""}]","[{""name"": ""English"", ""iso_639_1"": ""en"", ""english_name"": ""English""}]",2026-09-27 09:47:05.635683
157336,Interstellar,The adventures of a group of explorers who make use of a newly discovered wormhole to surpass the limitations on human space travel and conquer the vast distances involved in an interstellar voyage.,2014-11-05,73.4799,41275,8.488,/yQvGrMoipbRoddT0ZR8tPoR7NfX.jpg,/8sNiAPPYU14PUepFNeSNGUTiHW.jpg,en,"[{""id"": 12, ""name"": ""Adventure""}, {""id"": 18, ""name"": ""Drama""}, {""id"": 878, ""name"": ""Science Fiction""}]",169,165000000,746606706,http://www.interstellarmovie.net/,Mankind was born on Earth. It was never meant to die here.,Released,tt0816692,"[{""id"": 923, ""name"": ""Legendary Pictures"", ""logo_path"": ""/5UQsZrfbfG2dYJbx8DxfoTr2Bvu.png"", ""origin_country"": ""US""}, {""id"": 9996, ""name"": ""Syncopy"", ""logo_path"": ""/3tvBqYsBhxWeHlu62SIJ1el93O7.png"", ""origin_country"": ""GB""}, {""id"": 13769, ""name"": ""Lynda Obst Productions"", ""logo_path"": null, ""origin_country"": ""US""}]","[{""name"": ""United Kingdom"", ""iso_3166_1"": ""GB""}, {""name"": ""United States of America"", ""iso_3166_1"": ""US""}]","[{""name"": ""English"", ""iso_639_1"": ""en"", ""english_name"": ""English""}]",2026-09-27 09:47:05.635683
1516698,The Last Sunrise,"Ry, a college student with a chronic illness, escapes to Mallorca for the summer with her mother, where she unexpectedly falls for a local and begins to embrace living in the moment. But as her condition worsens and long-hidden family secrets come to light, everything she has found before summer's end is threatened.",2026-08-26,72.3592,197,6.827,/3PWJqDfygN0YNNjWsDUOXclCp3h.jpg,/zFCWfU2ViMIm38G1W8UsnSpqmWn.jpg,en,"[{""id"": 10749, ""name"": ""Romance""}, {""id"": 18, ""name"": ""Drama""}]",107,0,0,https://www.amazon.com/dp/B0H8Q1DKGJ,One summer to feel everything.,Released,tt37654096,"[{""id"": 210099, ""name"": ""Amazon MGM Studios"", ""logo_path"": ""/g5oRCNCi8kNVb8gEoSoIcqkhjmR.png"", ""origin_country"": ""US""}, {""id"": 158529, ""name"": ""Ethea Entertainment"", ""logo_path"": null, ""origin_country"": ""US""}, {""id"": 220517, ""name"": ""Luber-Roklin Entertainment"", ""logo_path"": null, ""origin_country"": ""US""}, {""id"": 202263, ""name"": ""Pitt Street Productions"", ""logo_path"": null, ""origin_country"": ""US""}, {""id"": 308708, ""name"": ""Aquarius Films"", ""logo_path"": null, ""origin_country"": ""ES""}, {""id"": 308732, ""name"": ""The Last Sunrise"", ""logo_path"": null, ""origin_country"": ""US""}]","[{""name"": ""United States of America"", ""iso_3166_1"": ""US""}, {""name"": ""Spain"", ""iso_3166_1"": ""ES""}]","[{""name"": ""English"", ""iso_639_1"": ""en"", ""english_name"": ""English""}]",2026-09-27 09:47:05.635683
155,The Dark Knight,"Batman raises the stakes in his war on crime. With the help of Lt. Jim Gordon and District Attorney Harvey Dent, Batman sets out to dismantle the remaining criminal organizations that plague the streets. The partnership proves to be effective, but they soon find themselves prey to a reign of chaos unleashed by a rising criminal mastermind known to the terrified citizens of Gotham as the Joker.",2008-07-16,63.6572,36816,8.536,/qJ2tW6WMUDux911r6m7haRef0WH.jpg,/9FE5eD92WfVCiivM9Pq9GVSrlWk.jpg,en,"[{""id"": 28, ""name"": ""Action""}, {""id"": 53, ""name"": ""Thriller""}, {""id"": 80, ""name"": ""Crime""}]",152,185000000,1004558444,https://www.warnerbros.com/movies/dark-knight/,Some men just want to watch the world burn.,Released,tt0468569,"[{""id"": 174, ""name"": ""Warner Bros. Pictures"", ""logo_path"": ""/zhD3hhtKB5qyv7ZeL4uLpNxgMVU.png"", ""origin_country"": ""US""}, {""id"": 923, ""name"": ""Legendary Pictures"", ""logo_path"": ""/5UQsZrfbfG2dYJbx8DxfoTr2Bvu.png"", ""origin_country"": ""US""}, {""id"": 9996, ""name"": ""Syncopy"", ""logo_path"": ""/3tvBqYsBhxWeHlu62SIJ1el93O7.png"", ""origin_country"": ""GB""}, {""id"": 429, ""name"": ""DC"", ""logo_path"": ""/4Y00XuSMuP1gimd0jP6JT57QbCI.png"", ""origin_country"": ""US""}]","[{""name"": ""United Kingdom"", ""iso_3166_1"": ""GB""}, {""name"": ""United States of America"", ""iso_3166_1"": ""US""}]","[{""name"": ""English"", ""iso_639_1"": ""en"", ""english_name"": ""English""}, {""name"": ""普通话"", ""iso_639_1"": ""zh"", ""english_name"": ""Mandarin""}]",2026-09-27 09:47:05.635683
45722,Don't Look Down,A sexy Spanish siren named Elvira schools a young man in tantric lovemaking.,2008-10-18,52.1809,71,5.739,/s7igxMxtKQKHdnDxnSAJej7RTGp.jpg,/wH2RtKsUjGc3ycRvxqOSbzov0av.jpg,es,"[{""id"": 18, ""name"": ""Drama""}, {""id"": 10749, ""name"": ""Romance""}]",80,0,0,"",When sexual fantasies come true.,Released,tt1233487,"[{""id"": 2588, ""name"": ""Ministère des Affaires Étrangères"", ""logo_path"": null, ""origin_country"": ""FR""}, {""id"": 22625, ""name"": ""Fonds Sud Cinéma"", ""logo_path"": null, ""origin_country"": ""FR""}, {""id"": 29266, ""name"": ""PENSA & ROCCA CINE"", ""logo_path"": ""/zKmROsq6MBfTis4CWBzajRSJNAN.png"", ""origin_country"": ""AR""}, {""id"": 29269, ""name"": ""Orgon Films"", ""logo_path"": null, ""origin_country"": """"}, {""id"": 310, ""name"": ""CNC"", ""logo_path"": ""/4Gp5A4YdjPBfsHT47ngHMaXWmb9.png"", ""origin_country"": ""FR""}]","[{""name"": ""Argentina"", ""iso_3166_1"": ""AR""}, {""name"": ""France"", ""iso_3166_1"": ""FR""}]","[{""name"": ""Español"", ""iso_639_1"": ""es"", ""english_name"": ""Spanish""}]",2026-09-27 09:47:05.635683
1641629,You+Me - Against the World,"Alma Lancaster, 18, appears to lead a perfect life within a wealthy family who believes she is studying law. In secret, she pursues her true dream: filmmaking. On campus, she meets Vadim Arcadi, 20, a magnetic and solitary rebel with a troubled past. Forced to collaborate on a student film, they clash, grow closer and fall in love — despite themselves. But someone is watching them, determined to tear them apart and expose secrets that could destroy both Alma and Vadim.",2026-09-18,97.3457,48,5.5,/bAbBNVplg7h79sm94OyHeKk8Phz.jpg,/nkEhDomjmPHJSA4Tx8pxv0NlKEy.jpg,fr,"[{""id"": 10749, ""name"": ""Romance""}, {""id"": 18, ""name"": ""Drama""}]",94,0,0,https://www.amazon.com/gp/video/detail/B0HHQMLC42,He runs from everything. Except her.,Released,tt43617372,"[{""id"": 208281, ""name"": ""Amazon Studios France"", ""logo_path"": ""/hYREaYiVyoGVP26CbDpAWD3wDRD.png"", ""origin_country"": ""FR""}, {""id"": 303782, ""name"": ""Originals by Trésor"", ""logo_path"": null, ""origin_country"": """"}, {""id"": 120768, ""name"": ""Trésor Films"", ""logo_path"": ""/ccHWgGgU03FvvhPNgGmdzddNLTN.png"", ""origin_country"": ""FR""}, {""id"": 210099, ""name"": ""Amazon MGM Studios"", ""logo_path"": ""/g5oRCNCi8kNVb8gEoSoIcqkhjmR.png"", ""origin_country"": ""US""}]","[{""name"": ""France"", ""iso_3166_1"": ""FR""}, {""name"": ""United States of America"", ""iso_3166_1"": ""US""}]","[{""name"": ""Français"", ""iso_639_1"": ""fr"", ""english_name"": ""French""}]",2026-09-27 09:47:05.635683
1580190,The Scavenger,"When his aspiring-celebrity sister becomes trapped in a criminal scheme within an entertainment company, a devoted brother teams up with local police to uncover the truth and take down the powerful underworld behind it.",2026-09-23,94.8105,1,2,/oaZbbcJUKgw95EGIT7VTPLEzuB3.jpg,/yiUUnJ1vIFGWITzolQioaRVII7m.jpg,zh,"[{""id"": 18, ""name"": ""Drama""}, {""id"": 80, ""name"": ""Crime""}]",90,0,0,"","",Released,,"[{""id"": 172414, ""name"": ""iQIYI"", ""logo_path"": ""/fNxBFqWr7eWEgNeBDvvCxsSItXx.png"", ""origin_country"": ""CN""}]","[{""name"": ""China"", ""iso_3166_1"": ""CN""}]","[{""name"": ""普通话"", ""iso_639_1"": ""zh"", ""english_name"": ""Mandarin""}]",2026-09-27 09:47:05.635683
1032863,The Love Hypothesis,"Olive Smith, a biology PhD candidate, and Dr. Adam Carlsen, a hotshot professor and well-known tyrant, enter into a fake relationship, seeing each of their carefully calculated theories on love get thrown into chaos.",2026-09-23,312.6731,257,8.243,/vfZxVHextAGC70zrNhS8lsROqP1.jpg,/o7Oy9Gbx1CCyaweL8xUhtMW4Puq.jpg,en,"[{""id"": 10749, ""name"": ""Romance""}, {""id"": 35, ""name"": ""Comedy""}]",112,0,0,https://www.amazon.com/dp/B0H4WZS7VX,Fake dating. Real chemistry.,Released,tt22526100,"[{""id"": 2531, ""name"": ""MRC"", ""logo_path"": ""/9MfCJ2G6Nrf9yyRj4tAgPmMiDcn.png"", ""origin_country"": ""US""}, {""id"": 210099, ""name"": ""Amazon MGM Studios"", ""logo_path"": ""/g5oRCNCi8kNVb8gEoSoIcqkhjmR.png"", ""origin_country"": ""US""}, {""id"": 71170, ""name"": ""The Cantillon Company"", ""logo_path"": null, ""origin_country"": ""US""}]","[{""name"": ""United States of America"", ""iso_3166_1"": ""US""}]","[{""name"": ""English"", ""iso_639_1"": ""en"", ""english_name"": ""English""}]",2026-09-27 09:47:05.635683
671,Harry Potter and the Philosopher's Stone,"Harry Potter has lived under the stairs at his aunt and uncle's house his whole life. But on his 11th birthday, he learns he's a powerful wizard—with a place waiting for him at the Hogwarts School of Witchcraft and Wizardry. As he learns to harness his newfound powers with the help of the school's kindly headmaster, Harry uncovers the truth about his parents' deaths—and about the villain who's to blame.",2001-11-16,56.0778,30288,7.903,/wuMc08IPKEatf9rnMNXvIDxqP4W.jpg,/lvOLivVeX3DVVcwfVkxKf0R22D8.jpg,en,"[{""id"": 12, ""name"": ""Adventure""}, {""id"": 14, ""name"": ""Fantasy""}]",152,125000000,1029374615,https://www.warnerbros.com/movies/harry-potter-and-sorcerers-stone,Let the magic begin.,Released,tt0241527,"[{""id"": 174, ""name"": ""Warner Bros. Pictures"", ""logo_path"": ""/zhD3hhtKB5qyv7ZeL4uLpNxgMVU.png"", ""origin_country"": ""US""}, {""id"": 437, ""name"": ""Heyday Films"", ""logo_path"": ""/nu20mtwbEIhUNnQ5NXVhHsNknZj.png"", ""origin_country"": ""GB""}, {""id"": 436, ""name"": ""1492 Pictures"", ""logo_path"": ""/A7WCkG3F0NFvjGCwUnclpGdIu9E.png"", ""origin_country"": ""US""}]","[{""name"": ""United Kingdom"", ""iso_3166_1"": ""GB""}, {""name"": ""United States of America"", ""iso_3166_1"": ""US""}]","[{""name"": ""English"", ""iso_639_1"": ""en"", ""english_name"": ""English""}]",2026-09-27 09:47:05.635683
672,Harry Potter and the Chamber of Secrets,"Cars fly, trees fight back, and a mysterious house-elf comes to warn Harry Potter at the start of his second year at Hogwarts. Adventure and danger await when bloody writing on a wall announces: The Chamber Of Secrets Has Been Opened. To save Hogwarts will require all of Harry, Ron and Hermione's magical abilities and courage.",2002-11-13,45.4295,24119,7.708,/sdEOH0992YZ0QSxgXNIGLq1ToUi.jpg,/zuYEvft5fuzBDOeq4ClYpiu9LlO.jpg,en,"[{""id"": 12, ""name"": ""Adventure""}, {""id"": 14, ""name"": ""Fantasy""}]",161,100000000,876688482,https://www.warnerbros.com/movies/harry-potter-and-chamber-secrets,Something evil has returned to Hogwarts!,Released,tt0295297,"[{""id"": 174, ""name"": ""Warner Bros. Pictures"", ""logo_path"": ""/zhD3hhtKB5qyv7ZeL4uLpNxgMVU.png"", ""origin_country"": ""US""}, {""id"": 437, ""name"": ""Heyday Films"", ""logo_path"": ""/nu20mtwbEIhUNnQ5NXVhHsNknZj.png"", ""origin_country"": ""GB""}, {""id"": 436, ""name"": ""1492 Pictures"", ""logo_path"": ""/A7WCkG3F0NFvjGCwUnclpGdIu9E.png"", ""origin_country"": ""US""}, {""id"": 19094, ""name"": ""MIRACLE Productions"", ""logo_path"": null, ""origin_country"": ""DE""}]","[{""name"": ""United Kingdom"", ""iso_3166_1"": ""GB""}, {""name"": ""United States of America"", ""iso_3166_1"": ""US""}, {""name"": ""Germany"", ""iso_3166_1"": ""DE""}]","[{""name"": ""English"", ""iso_639_1"": ""en"", ""english_name"": ""English""}]",2026-09-27 09:47:05.635683
1408162,Vishwanath & Sons,A celebrated Olympian shooter travels to America looking for a donor to help his sick child — but unexpected romance complicates his search.,2026-08-14,61.5033,29,7.3,/mLsvCffzpxxDwC7yVLJSLLjgzoq.jpg,/nfNaAiiILjYRc2CKkId1ZfPTtlh.jpg,ta,"[{""id"": 18, ""name"": ""Drama""}, {""id"": 10749, ""name"": ""Romance""}, {""id"": 35, ""name"": ""Comedy""}]",161,0,0,"","",Released,tt35836025,"[{""id"": 107352, ""name"": ""Sithara Entertainments"", ""logo_path"": ""/qNLrEbrNigDNR6QgaRtwXtRIwgx.png"", ""origin_country"": ""IN""}, {""id"": 172461, ""name"": ""Srikara Studios"", ""logo_path"": null, ""origin_country"": ""IN""}, {""id"": 166697, ""name"": ""Fortune Four Cinemas"", ""logo_path"": null, ""origin_country"": ""IN""}]","[{""name"": ""India"", ""iso_3166_1"": ""IN""}]","[{""name"": ""தமிழ்"", ""iso_639_1"": ""ta"", ""english_name"": ""Tamil""}, {""name"": ""తెలుగు"", ""iso_639_1"": ""te"", ""english_name"": ""Telugu""}]",2026-09-27 09:47:05.635683
674,Harry Potter and the Goblet of Fire,"When his name emerges from the Goblet of Fire, Harry Potter becomes a competitor in a grueling battle for glory among three wizarding schools. Signs of Voldemort's return emerge as Harry's friends help him prepare for the Triwizard Tournament.",2005-11-16,46.177,22673,7.802,/fECBtHlr0RB3foNHDiCBXeg9Bv9.jpg,/cClWTo3ftVXvV1sF8vlLuWfnlph.jpg,en,"[{""id"": 12, ""name"": ""Adventure""}, {""id"": 14, ""name"": ""Fantasy""}]",157,150000000,895921036,https://www.warnerbros.com/movies/harry-potter-and-goblet-fire,Dark and difficult times lie ahead.,Released,tt0330373,"[{""id"": 174, ""name"": ""Warner Bros. Pictures"", ""logo_path"": ""/zhD3hhtKB5qyv7ZeL4uLpNxgMVU.png"", ""origin_country"": ""US""}, {""id"": 437, ""name"": ""Heyday Films"", ""logo_path"": ""/nu20mtwbEIhUNnQ5NXVhHsNknZj.png"", ""origin_country"": ""GB""}, {""id"": 462, ""name"": ""Patalex IV Productions"", ""logo_path"": null, ""origin_country"": ""GB""}]","[{""name"": ""United Kingdom"", ""iso_3166_1"": ""GB""}, {""name"": ""United States of America"", ""iso_3166_1"": ""US""}]","[{""name"": ""English"", ""iso_639_1"": ""en"", ""english_name"": ""English""}, {""name"": ""Français"", ""iso_639_1"": ""fr"", ""english_name"": ""French""}]",2026-09-27 09:47:05.635683
673,Harry Potter and the Prisoner of Azkaban,Harry Potter's life is in danger once more as dangerous wizard Sirius Black has escaped from Azkaban Prison and is heading to Hogwarts.,2004-05-31,44.7341,23681,8,/aWxwnYoe8p2d2fcxOqtvAtJ72Rw.jpg,/htmYEfH7TQgzsXHCnNXxmoYKQtL.jpg,en,"[{""id"": 12, ""name"": ""Adventure""}, {""id"": 14, ""name"": ""Fantasy""}]",141,130000000,789804554,https://www.warnerbros.com/movies/harry-potter-and-prisoner-azkaban,Something wicked this way comes.,Released,tt0304141,"[{""id"": 174, ""name"": ""Warner Bros. Pictures"", ""logo_path"": ""/zhD3hhtKB5qyv7ZeL4uLpNxgMVU.png"", ""origin_country"": ""US""}, {""id"": 436, ""name"": ""1492 Pictures"", ""logo_path"": ""/A7WCkG3F0NFvjGCwUnclpGdIu9E.png"", ""origin_country"": ""US""}, {""id"": 437, ""name"": ""Heyday Films"", ""logo_path"": ""/nu20mtwbEIhUNnQ5NXVhHsNknZj.png"", ""origin_country"": ""GB""}, {""id"": 19092, ""name"": ""P of A Productions"", ""logo_path"": null, ""origin_country"": ""GB""}]","[{""name"": ""United Kingdom"", ""iso_3166_1"": ""GB""}, {""name"": ""United States of America"", ""iso_3166_1"": ""US""}]","[{""name"": ""English"", ""iso_639_1"": ""en"", ""english_name"": ""English""}]",2026-09-27 09:47:05.635683
40096,A Dog's Will,"The lively João Grilo and the sly Chicó are poor guys living in the hinterland who cheat a bunch of people in a small town in Northeastern Brazil. When they die, they have to be judged by Christ, the Devil and the Virgin Mary before they are admitted to paradise.",2000-09-15,6.2812,1247,8.4,/z9Au9XtK0ARzkKGsZCzMkmKgMPf.jpg,/alQqTpmEkxSLgajfEYTsTH6nAKB.jpg,pt,"[{""id"": 35, ""name"": ""Comedy""}, {""id"": 18, ""name"": ""Drama""}, {""id"": 14, ""name"": ""Fantasy""}, {""id"": 10749, ""name"": ""Romance""}]",104,0,4903192,"",Lying with faith is not always a sin.,Released,tt0271383,"[{""id"": 11446, ""name"": ""Lereby Produções"", ""logo_path"": null, ""origin_country"": ""BR""}, {""id"": 13969, ""name"": ""Globo Filmes"", ""logo_path"": ""/pFh6R6D4wpztG5aSblu14TtrR57.png"", ""origin_country"": ""BR""}, {""id"": 46430, ""name"": ""Estúdios Globo"", ""logo_path"": ""/tQZIt59BLw3b0b6rHJRqv4Dvrpd.png"", ""origin_country"": ""BR""}]","[{""name"": ""Brazil"", ""iso_3166_1"": ""BR""}]","[{""name"": ""Latin"", ""iso_639_1"": ""la"", ""english_name"": ""Latin""}, {""name"": ""Português"", ""iso_639_1"": ""pt"", ""english_name"": ""Portuguese""}]",2026-09-27 09:47:05.635683
670,Oldboy,"With no clue how he came to be imprisoned, drugged and tortured for 15 years, a desperate man seeks revenge on his captors.",2003-11-21,19.939,10241,8.235,/pWDtjs568ZfOTMbURQBYuT4Qxka.jpg,/rwf5SUTiEsmfkXAgy15R0UtJUtv.jpg,ko,"[{""id"": 53, ""name"": ""Thriller""}, {""id"": 9648, ""name"": ""Mystery""}]",120,3000000,17500000,"","15 years of imprisonment, five days of vengeance.",Released,tt0364569,"[{""id"": 399, ""name"": ""Show East"", ""logo_path"": null, ""origin_country"": ""KR""}, {""id"": 118802, ""name"": ""Egg Film"", ""logo_path"": null, ""origin_country"": ""KR""}, {""id"": 685, ""name"": ""Cineclick Asia"", ""logo_path"": null, ""origin_country"": ""KR""}]","[{""name"": ""South Korea"", ""iso_3166_1"": ""KR""}]","[{""name"": ""한국어/조선말"", ""iso_639_1"": ""ko"", ""english_name"": ""Korean""}]",2026-09-27 09:47:05.635683
680,Pulp Fiction,"A burger-loving hit man, his philosophical partner, a drug-addled gangster's moll and a washed-up boxer converge in this sprawling, comedic crime caper. Their adventures unfurl in three stories that ingeniously trip back and forth in time.",1994-09-10,49.8321,30952,8.48,/vQWk5YBFWF4bZaofAbv0tShwBvQ.jpg,/suaEOtk1N1sgg2MTM7oZd2cfVp3.jpg,en,"[{""id"": 53, ""name"": ""Thriller""}, {""id"": 80, ""name"": ""Crime""}, {""id"": 35, ""name"": ""Comedy""}]",154,8000000,213928762,https://www.miramax.com/movie/pulp-fiction/,You won’t know the facts until you’ve seen the fiction.,Released,tt0110912,"[{""id"": 14, ""name"": ""Miramax"", ""logo_path"": ""/m6AHu84oZQxvq7n1rsvMNJIAsMu.png"", ""origin_country"": ""US""}, {""id"": 59, ""name"": ""A Band Apart"", ""logo_path"": ""/b1tj5EWcFQLYaQrw1D9V4s8kUgN.png"", ""origin_country"": ""US""}, {""id"": 216, ""name"": ""Jersey Films"", ""logo_path"": ""/iKPzC6YxqNAk6fMoTtFhIF5p6yw.png"", ""origin_country"": ""US""}]","[{""name"": ""United States of America"", ""iso_3166_1"": ""US""}]","[{""name"": ""English"", ""iso_639_1"": ""en"", ""english_name"": ""English""}, {""name"": ""Español"", ""iso_639_1"": ""es"", ""english_name"": ""Spanish""}, {""name"": ""Français"", ""iso_639_1"": ""fr"", ""english_name"": ""French""}]",2026-09-27 09:47:05.635683
1492640,UNABOMBER,"Follow Ted Kaczynski's transformation from Harvard prodigy into the infamous Unabomber. Subjected to controversial psychological experiments by Professor Henry Murray, Kaczynski's troubled past resurfaces decades later when his manhunt, led by FBI agent Joanne Miller, brings to light the chilling consequences of ambition and isolation.",2026-09-25,155.529,84,7.268,/39aMkR8Y5vhCG9dTkjiqRl8AVqp.jpg,/58D9nalUYW5L5K0guw7hcpsEJBH.jpg,en,"[{""id"": 53, ""name"": ""Thriller""}, {""id"": 18, ""name"": ""Drama""}, {""id"": 80, ""name"": ""Crime""}]",101,0,0,https://www.netflix.com/title/82010386,"Where brilliance ends, the madness begins.",Released,tt6933238,"[{""id"": 2531, ""name"": ""MRC"", ""logo_path"": ""/9MfCJ2G6Nrf9yyRj4tAgPmMiDcn.png"", ""origin_country"": ""US""}, {""id"": 84792, ""name"": ""2.0 Entertainment"", ""logo_path"": ""/7Rfr3Zu6QnHpXW2VdSEzUminAQd.png"", ""origin_country"": ""US""}]","[{""name"": ""United States of America"", ""iso_3166_1"": ""US""}]","[{""name"": ""English"", ""iso_639_1"": ""en"", ""english_name"": ""English""}]",2026-09-27 09:47:05.635683
460458,Resident Evil: Welcome to Raccoon City,"Once the booming home of pharmaceutical giant Umbrella Corporation, Raccoon City is now a dying Midwestern town. The company’s exodus left the city a wasteland…with great evil brewing below the surface. When that evil is unleashed, the townspeople are forever…changed…and a small group of survivors must work together to uncover the truth behind Umbrella and make it through the night.",2021-11-24,125.8444,2813,5.929,/bArhvjRHl535XMaSh9VjInF2mSZ.jpg,/wYtEvBmpBRXPdwGgr1gcWiwJSI7.jpg,en,"[{""id"": 28, ""name"": ""Action""}, {""id"": 27, ""name"": ""Horror""}, {""id"": 878, ""name"": ""Science Fiction""}]",107,25000000,41914915,https://www.sonypictures.com/movies/residentevilwelcometoraccooncity,Witness the beginning of evil.,Released,tt6920084,"[{""id"": 47, ""name"": ""Constantin Film"", ""logo_path"": ""/i7Z9ot2o3N5Sa3HrF09kniFs2y8.png"", ""origin_country"": ""DE""}, {""id"": 3287, ""name"": ""Screen Gems"", ""logo_path"": ""/bz6GbCQQXGNE56LTW9dwgksW0Iw.png"", ""origin_country"": ""US""}, {""id"": 266136, ""name"": ""Davis Raccoon Films"", ""logo_path"": null, ""origin_country"": ""CA""}]","[{""name"": ""Germany"", ""iso_3166_1"": ""DE""}, {""name"": ""United States of America"", ""iso_3166_1"": ""US""}, {""name"": ""Canada"", ""iso_3166_1"": ""CA""}]","[{""name"": ""English"", ""iso_639_1"": ""en"", ""english_name"": ""English""}]",2026-09-27 09:47:05.635683
1081003,Supergirl,"When an unexpected and ruthless adversary strikes too close to home, Kara Zor-El, aka Supergirl, reluctantly joins forces with an unlikely companion on an epic, interstellar journey of vengeance and justice.",2026-06-24,64.1966,2427,6.673,/uhzRnTW4DM13UQBvZP3eVNzQTuz.jpg,/heZQmyNvkH236ha2M3JckdUQQqb.jpg,en,"[{""id"": 28, ""name"": ""Action""}, {""id"": 12, ""name"": ""Adventure""}, {""id"": 878, ""name"": ""Science Fiction""}]",108,175000000,126366532,https://www.supergirlmovie.com,Truth. Justice. Whatever.,Released,tt8814476,"[{""id"": 184898, ""name"": ""DC Studios"", ""logo_path"": ""/iNTsbEgntSUwHmsZ9whiLhm60WB.png"", ""origin_country"": ""US""}, {""id"": 94218, ""name"": ""Troll Court Entertainment"", ""logo_path"": ""/kxuhS8wyKtVprOn5nckdHyNuSg1.png"", ""origin_country"": ""US""}, {""id"": 11565, ""name"": ""The Safran Company"", ""logo_path"": ""/odU3l6csuBmXUrzFm6araUgEUHQ.png"", ""origin_country"": ""US""}, {""id"": 216687, ""name"": ""Domain Entertainment"", ""logo_path"": ""/kKVYqekveOvLK1IgqdJojLjQvtu.png"", ""origin_country"": ""US""}]","[{""name"": ""United States of America"", ""iso_3166_1"": ""US""}]","[{""name"": ""English"", ""iso_639_1"": ""en"", ""english_name"": ""English""}]",2026-09-27 09:47:05.635683
1393326,Ghost in the Cell,"In a notorious prison, an invisible force begins killing inmates brutally, compelling enemy gangs and corrupt guards to work together as they try to survive the mounting bloodshed.",2026-04-16,62.2659,76,7.151,/zxcMdx0w5Zmg8yZuuiS7CJ8vOea.jpg,/tK3QdOOrX4qEkmSlvrmc8cK7iOU.jpg,id,"[{""id"": 27, ""name"": ""Horror""}, {""id"": 35, ""name"": ""Comedy""}, {""id"": 53, ""name"": ""Thriller""}]",106,0,0,"","",Released,tt9000310,"[{""id"": 198917, ""name"": ""Come and See Pictures"", ""logo_path"": ""/rcQ9T6tnlNky6jPXVkswITn1Tsq.png"", ""origin_country"": ""ID""}, {""id"": 7872, ""name"": ""Rapi Films"", ""logo_path"": ""/5zodgZbBTlY5PAviS6KxOCyOlGH.png"", ""origin_country"": ""ID""}, {""id"": 4399, ""name"": ""Barunson E&A"", ""logo_path"": ""/rk3kE5QX2dQtH0pPwCHV12qfebg.png"", ""origin_country"": ""KR""}, {""id"": 46840, ""name"": ""Legacy Pictures"", ""logo_path"": ""/y5TYYZWMM6CoNyAMMRL9lJA10yD.png"", ""origin_country"": ""ID""}]","[{""name"": ""Indonesia"", ""iso_3166_1"": ""ID""}, {""name"": ""South Korea"", ""iso_3166_1"": ""KR""}]","[{""name"": ""Bahasa indonesia"", ""iso_639_1"": ""id"", ""english_name"": ""Indonesian""}]",2026-09-27 09:47:05.635683
324786,Hacksaw Ridge,"WWII American Army Medic Desmond T. Doss, who served during the Battle of Okinawa, refuses to kill people and becomes the first Conscientious Objector in American history to receive the Congressional Medal of Honor.",2016-10-07,32.0893,15334,8.193,/fnOMP6mjmOmZwmlC1n0K7ivrzt1.jpg,/vDKRMZGFTKP9nQolzeSB1rB1w6p.jpg,en,"[{""id"": 18, ""name"": ""Drama""}, {""id"": 36, ""name"": ""History""}, {""id"": 10752, ""name"": ""War""}]",139,40000000,175302354,https://www.lionsgate.com/movies/hacksaw-ridge,One of the greatest heroes in American history never fired a bullet.,Released,tt2119532,"[{""id"": 491, ""name"": ""Summit Entertainment"", ""logo_path"": ""/5LvDUt3KmvRnXQ4NrdWJYHeuA8J.png"", ""origin_country"": ""US""}, {""id"": 8915, ""name"": ""Pandemonium"", ""logo_path"": null, ""origin_country"": ""US""}, {""id"": 10246, ""name"": ""Cross Creek Pictures"", ""logo_path"": ""/rREvQNWAxkDfY9CDn2c5YxEMPdP.png"", ""origin_country"": ""US""}, {""id"": 455, ""name"": ""Permut Presentations"", ""logo_path"": ""/x1Jn5NQmf9ptuqRh5lqCQk2kSlg.png"", ""origin_country"": ""US""}, {""id"": 50481, ""name"": ""Vendian Entertainment"", ""logo_path"": ""/mBgGtJJQ9aOpKBnuKXM75kHYT6D.png"", ""origin_country"": ""US""}, {""id"": 92455, ""name"": ""Argent Pictures"", ""logo_path"": ""/yIY6pphobFpoaAoUYq4HAjX72Rn.png"", ""origin_country"": ""US""}, {""id"": 7437, ""name"": ""IM Global"", ""logo_path"": ""/e5CcgFrdlxMUwlsS72si8q1yHBr.png"", ""origin_country"": ""US""}, {""id"": 51860, ""name"": ""AI Film"", ""logo_path"": ""/74RVWMcfeT36lnZGY8NdI7OhGmr.png"", ""origin_country"": ""GB""}, {""id"": 8186, ""name"": ""Bliss Media"", ""logo_path"": ""/exdIeoM9Bk2Vn57WbEN6WOSrOjI.png"", ""origin_country"": ""CN""}, {""id"": 94431, ""name"": ""Kylin Pictures"", ""logo_path"": null, ""origin_country"": ""CN""}, {""id"": 234199, ""name"": ""Cosmos Filmed Entertainment"", ""logo_path"": null, ""origin_country"": ""AU""}]","[{""name"": ""Australia"", ""iso_3166_1"": ""AU""}, {""name"": ""United Kingdom"", ""iso_3166_1"": ""GB""}, {""name"": ""United States of America"", ""iso_3166_1"": ""US""}]","[{""name"": ""日本語"", ""iso_639_1"": ""ja"", ""english_name"": ""Japanese""}, {""name"": ""English"", ""iso_639_1"": ""en"", ""english_name"": ""English""}]",2026-09-27 09:47:05.635683
233651,Sex Rider: Wet Highway,"On the eve of her wedding and while cheating with another man, a woman gets involved into a dangerous new world of experiences.",1971-12-29,56.9716,14,5,/jmyo0j2HMDeFvMh5y1wFYpoxH6S.jpg,/6U1ASeNWCTxIPeRFHXMBHp3JBfR.jpg,ja,"[{""id"": 53, ""name"": ""Thriller""}]",68,0,0,"","",Released,tt0287685,"[{""id"": 955, ""name"": ""Nikkatsu Corporation"", ""logo_path"": ""/5xnXD3PJI1HqOJceSAKZ3fDqO1V.png"", ""origin_country"": ""JP""}]","[{""name"": ""Japan"", ""iso_3166_1"": ""JP""}]","[{""name"": ""日本語"", ""iso_639_1"": ""ja"", ""english_name"": ""Japanese""}]",2026-09-27 09:47:05.635683
1137844,Mayday,"When a U.S. Navy pilot on a top-secret mission during the Cold War gets trapped behind enemy lines, his only chance at survival is to form an alliance with an eccentric ex-KGB agent.",2026-09-03,67.5427,804,8.045,/hVXjX1jLZ1ljFSNGXpjJfbTUOa7.jpg,/g7Ccid5kuD7A8hXWlsQiNfwOxaD.jpg,en,"[{""id"": 28, ""name"": ""Action""}, {""id"": 35, ""name"": ""Comedy""}]",111,0,0,https://tv.apple.com/movie/umc.cmc.shin43vzfoz3h4ggx41z8rf,A friendship with major red flags.,Released,tt28014327,"[{""id"": 82819, ""name"": ""Skydance Media"", ""logo_path"": ""/gXfFl9pRPaoaq14jybEn1pHeldr.png"", ""origin_country"": ""US""}, {""id"": 104228, ""name"": ""Maximum Effort"", ""logo_path"": ""/hx0C1XcSxGgat8N62GpxoJGTkCk.png"", ""origin_country"": ""US""}, {""id"": 129200, ""name"": ""GoldDay"", ""logo_path"": null, ""origin_country"": ""US""}]","[{""name"": ""United States of America"", ""iso_3166_1"": ""US""}]","[{""name"": ""English"", ""iso_639_1"": ""en"", ""english_name"": ""English""}, {""name"": ""Pусский"", ""iso_639_1"": ""ru"", ""english_name"": ""Russian""}]",2026-09-27 09:47:05.635683
694,The Shining,"Jack Torrance accepts a caretaker job at the Overlook Hotel, where he, along with his wife Wendy and their son Danny, must live isolated from the rest of the world for the winter. But they aren't prepared for the madness that lurks within.",1980-05-23,28.4192,19426,8.2,/uAR0AWqhQL1hQa69UDEbb2rE5Wx.jpg,/AdKA2F1SzYPhSZdEbjH1Zh75UVQ.jpg,en,"[{""id"": 27, ""name"": ""Horror""}, {""id"": 53, ""name"": ""Thriller""}]",144,19000000,50312025,https://www.warnerbros.com/movies/shining,A masterpiece of modern horror.,Released,tt0081505,"[{""id"": 174, ""name"": ""Warner Bros. Pictures"", ""logo_path"": ""/zhD3hhtKB5qyv7ZeL4uLpNxgMVU.png"", ""origin_country"": ""US""}, {""id"": 11272, ""name"": ""Peregrine"", ""logo_path"": null, ""origin_country"": ""GB""}, {""id"": 88, ""name"": ""Hawk Films"", ""logo_path"": null, ""origin_country"": ""GB""}, {""id"": 734, ""name"": ""The Producer Circle Co."", ""logo_path"": ""/nJ9FtMXQZ0zoP8VEzxGJNvWPRZb.png"", ""origin_country"": ""US""}]","[{""name"": ""United Kingdom"", ""iso_3166_1"": ""GB""}, {""name"": ""United States of America"", ""iso_3166_1"": ""US""}]","[{""name"": ""English"", ""iso_639_1"": ""en"", ""english_name"": ""English""}]",2026-09-27 09:47:05.635683
1232569,Pinocchio: Unstrung,"Influenced by a sinister Cricket and created by Geppetto, Pinocchio launches a violent crusade to carve himself into a real boy like his brother James, one piece at a time.",2026-07-22,138.0885,113,6.58,/eUJXk3bTvLBi5Zcb0BCedZU7lVL.jpg,/dNKFETDDujxm2PUN873Jwiw5VML.jpg,en,"[{""id"": 27, ""name"": ""Horror""}, {""id"": 14, ""name"": ""Fantasy""}, {""id"": 9648, ""name"": ""Mystery""}]",82,500000,821127,https://www.altitude.film/pinocchio-unstrung,He has no strings to hold him back now.,Released,tt30887701,"[{""id"": 155744, ""name"": ""Jagged Edge Productions"", ""logo_path"": ""/qwVw2UPwBOQZkhOb3LyHgID5xKQ.png"", ""origin_country"": ""GB""}]","[{""name"": ""United Kingdom"", ""iso_3166_1"": ""GB""}]","[{""name"": ""English"", ""iso_639_1"": ""en"", ""english_name"": ""English""}]",2026-09-27 09:47:05.635683
755898,War of the Worlds,"Will Radford is a top analyst for Homeland Security who tracks potential threats through a mass surveillance program, until one day an attack by an unknown entity leads him to question whether the government is hiding something from him... and from the rest of the world.",2025-07-29,99.5664,1150,4.024,/yvirUYrva23IudARHn3mMGVxWqM.jpg,/iZLqwEwUViJdSkGVjePGhxYzbDb.jpg,en,"[{""id"": 878, ""name"": ""Science Fiction""}, {""id"": 53, ""name"": ""Thriller""}]",91,10000000,0,https://www.amazon.com/gp/video/detail/B0DMF7MXKT,Your data is deadly.,Released,tt13186306,"[{""id"": 33, ""name"": ""Universal Pictures"", ""logo_path"": ""/8lvHyhjr8oUKOOy2dKXoALWKdp0.png"", ""origin_country"": ""US""}, {""id"": 109501, ""name"": ""Bazelevs"", ""logo_path"": ""/4dtmZKPLHzIALpGbdeSNX6Rw1p3.png"", ""origin_country"": ""US""}, {""id"": 59827, ""name"": ""Patrick Aiello Productions"", ""logo_path"": null, ""origin_country"": ""US""}]","[{""name"": ""United States of America"", ""iso_3166_1"": ""US""}]","[{""name"": ""English"", ""iso_639_1"": ""en"", ""english_name"": ""English""}]",2026-09-27 09:47:05.635683
1514682,Above & Below,A group of friends set off for an unforgettable vacation. What begins as an adventure of partying and diving quickly turns into a nightmare when they are attacked by criminals in open waters.,2026-07-29,50.7349,39,6.051,/7bOuu1SRALGwsG2fLCTvRkCmQBj.jpg,/lSd6nEnlaeQkswLLUgHC5gyuXyU.jpg,en,"[{""id"": 53, ""name"": ""Thriller""}, {""id"": 80, ""name"": ""Crime""}]",95,0,328837,"","",Released,tt37603783,"[{""id"": 154063, ""name"": ""Capstone Pictures"", ""logo_path"": ""/r4anaxYa8OL5KaUbU35VkrIe88L.png"", ""origin_country"": ""US""}, {""id"": 210197, ""name"": ""AF Films"", ""logo_path"": ""/hDX0eQxjfNiV4sBU8CH1oTQ2Jdk.png"", ""origin_country"": ""ES""}, {""id"": 304095, ""name"": ""Match Point"", ""logo_path"": null, ""origin_country"": """"}]","[{""name"": ""United States of America"", ""iso_3166_1"": ""US""}, {""name"": ""Spain"", ""iso_3166_1"": ""ES""}]","[{""name"": ""English"", ""iso_639_1"": ""en"", ""english_name"": ""English""}]",2026-09-27 09:47:05.635683
414906,The Batman,"In his second year of fighting crime, Batman uncovers corruption in Gotham City that connects to his own family while facing a serial killer known as the Riddler.",2022-03-01,44.5401,12565,7.67,/74xTEgt7R36Fpooo50r9T25onhq.jpg,/rvtdN5XkWAfGX6xDuPL6yYS2seK.jpg,en,"[{""id"": 80, ""name"": ""Crime""}, {""id"": 9648, ""name"": ""Mystery""}, {""id"": 53, ""name"": ""Thriller""}]",177,185000000,772775278,https://www.thebatman.com,Unmask the truth.,Released,tt1877830,"[{""id"": 101405, ""name"": ""6th & Idaho Motion Picture Company"", ""logo_path"": ""/iusVPF9AJD1DiHEWbZEXgn1hpOf.png"", ""origin_country"": ""US""}, {""id"": 119245, ""name"": ""Dylan Clark Productions"", ""logo_path"": ""/6F45uVsKpNYANcWvplyhgIFezFU.png"", ""origin_country"": ""US""}, {""id"": 128064, ""name"": ""DC Films"", ""logo_path"": ""/13F3Jf7EFAcREU0xzZqJnVnyGXu.png"", ""origin_country"": ""US""}, {""id"": 174, ""name"": ""Warner Bros. Pictures"", ""logo_path"": ""/zhD3hhtKB5qyv7ZeL4uLpNxgMVU.png"", ""origin_country"": ""US""}]","[{""name"": ""United States of America"", ""iso_3166_1"": ""US""}]","[{""name"": ""English"", ""iso_639_1"": ""en"", ""english_name"": ""English""}]",2026-09-27 09:47:05.635683
12477,Grave of the Fireflies,"In the final months of World War II, 14-year-old Seita and his sister Setsuko are orphaned when their mother is killed during an air raid in Kobe, Japan. After a falling out with their aunt, they move into an abandoned bomb shelter. With no surviving relatives and their emergency rations depleted, Seita and Setsuko struggle to survive.",1988-04-16,0.0194,6832,8.45,/k9tv1rXZbOhH7eiCk378x61kNQ1.jpg,/aHaqZpOL7UyVu0nKqp3SMz0o2E1.jpg,ja,"[{""id"": 16, ""name"": ""Animation""}, {""id"": 18, ""name"": ""Drama""}, {""id"": 10752, ""name"": ""War""}]",89,3700000,842132,https://gkids.com/films/grave-of-the-fireflies,Why do fireflies have to die so soon?,Released,tt0095327,"[{""id"": 10342, ""name"": ""Studio Ghibli"", ""logo_path"": ""/uFuxPEZRUcBTEiYIxjHJq62Vr77.png"", ""origin_country"": ""JP""}]","[{""name"": ""Japan"", ""iso_3166_1"": ""JP""}]","[{""name"": ""日本語"", ""iso_639_1"": ""ja"", ""english_name"": ""Japanese""}]",2026-09-27 09:47:05.635683
1439930,The Punisher: One Last Kill,"As Frank Castle searches for meaning beyond revenge, an unexpected force pulls him back into the fight.",2026-05-12,44.358,2266,8.265,/qQclTgLMDvGBuUBFGHRipxkEwWR.jpg,/qO55CD8tgVL1T4WKn6zYFFiD6lL.jpg,en,"[{""id"": 28, ""name"": ""Action""}, {""id"": 18, ""name"": ""Drama""}, {""id"": 80, ""name"": ""Crime""}]",51,0,0,https://www.disneyplus.com/browse/entity-c5b69f75-f159-4749-873d-9a1d1a4eb878,Hey Frank.,Released,tt36042156,"[{""id"": 420, ""name"": ""Marvel Studios"", ""logo_path"": ""/hUzeosd33nzE5MCNsZxCGEKTXaQ.png"", ""origin_country"": ""US""}, {""id"": 176762, ""name"": ""Kevin Feige Productions"", ""logo_path"": null, ""origin_country"": ""US""}]","[{""name"": ""United States of America"", ""iso_3166_1"": ""US""}]","[{""name"": ""English"", ""iso_639_1"": ""en"", ""english_name"": ""English""}]",2026-09-27 09:47:05.635683
3782,Ikiru,"Kanji Watanabe is a middle-aged man who has worked in the same monotonous bureaucratic position for decades. Learning he has cancer, he starts to look for the meaning of his life.",1952-10-09,9.3184,1398,8.31,/dgNTS4EQDDVfkzJI5msKuHu2Ei3.jpg,/pQ06lTkmJd1mbotdl847HoV2iaA.jpg,ja,"[{""id"": 18, ""name"": ""Drama""}]",143,85000,55240,"",A big story of a little man which will grip your soul...,Released,tt0044741,"[{""id"": 882, ""name"": ""TOHO"", ""logo_path"": ""/fRSWWjquvzcHjACbtF53utZFIll.png"", ""origin_country"": ""JP""}]","[{""name"": ""Japan"", ""iso_3166_1"": ""JP""}]","[{""name"": ""日本語"", ""iso_639_1"": ""ja"", ""english_name"": ""Japanese""}]",2026-09-27 09:47:05.635683
14537,Harakiri,"Down-on-his-luck veteran Tsugumo Hanshirō enters the courtyard of the prosperous House of Iyi. Unemployed, and with no family, he hopes to find a place to commit seppuku—and a worthy second to deliver the coup de grâce in his suicide ritual. The senior counselor for the Iyi clan questions the ronin’s resolve and integrity, suspecting Hanshirō of seeking charity rather than an honorable end. What follows is a pair of interlocking stories which lay bare the difference between honor and respect, and promises to examine the legendary foundations of the Samurai code.",1962-09-15,10.69,1289,8.464,/5konZnIbcAxZjP616Cz5o9bKEfW.jpg,/nC3IjYhUgZWgfKfFX0ygMigFwgc.jpg,ja,"[{""id"": 28, ""name"": ""Action""}, {""id"": 18, ""name"": ""Drama""}, {""id"": 36, ""name"": ""History""}]",135,0,0,"","What befalls others today, may be your own fate tomorrow.",Released,tt0056058,"[{""id"": 192, ""name"": ""Shochiku"", ""logo_path"": ""/93eAKlnQecDdMtucfOprzcjMw9V.png"", ""origin_country"": ""JP""}]","[{""name"": ""Japan"", ""iso_3166_1"": ""JP""}]","[{""name"": ""日本語"", ""iso_639_1"": ""ja"", ""english_name"": ""Japanese""}]",2026-09-27 09:47:05.635683
1327819,Hoppers,"Scientists have discovered how to 'hop' human consciousness into lifelike robotic animals, allowing people to communicate with animals as animals. Animal lover Mabel seizes an opportunity to use the technology, uncovering mysteries within the animal world beyond anything she could have imagined.",2026-03-04,49.4406,2371,8.148,/xjtWQ2CL1mpmMNwuU5HeS4Iuwuu.jpg,/u53UYu5XG2hNgWGvs3xGhAVzypl.jpg,en,"[{""id"": 12, ""name"": ""Adventure""}, {""id"": 16, ""name"": ""Animation""}, {""id"": 35, ""name"": ""Comedy""}, {""id"": 10751, ""name"": ""Family""}, {""id"": 878, ""name"": ""Science Fiction""}]",104,150000000,389685783,https://www.pixar.com/hoppers,Act natural.,Released,tt26443616,"[{""id"": 3, ""name"": ""Pixar"", ""logo_path"": ""/1TjvGVDMYsj6JBxOAkUHpPEwLf7.png"", ""origin_country"": ""US""}]","[{""name"": ""United States of America"", ""iso_3166_1"": ""US""}]","[{""name"": ""English"", ""iso_639_1"": ""en"", ""english_name"": ""English""}]",2026-09-27 09:47:05.635683
26827,Who's That Girl,An uptight New York City tax lawyer gets his life turned upside down one day when he's asked to escort a feisty free-spirited ex-convict who asks him to help prove her innocence of her crime.,1987-08-07,48.3202,263,5.529,/2Yu6ciKKgSWIZAzUg4IrrifO23z.jpg,/nPLS4lsCl34nIIMb1MBYtHsd5hY.jpg,en,"[{""id"": 35, ""name"": ""Comedy""}, {""id"": 10749, ""name"": ""Romance""}]",93,18500000,7305209,"",A funny thing happened on the way to the bus station.,Released,tt0094321,"[{""id"": 174, ""name"": ""Warner Bros. Pictures"", ""logo_path"": ""/zhD3hhtKB5qyv7ZeL4uLpNxgMVU.png"", ""origin_country"": ""US""}, {""id"": 276, ""name"": ""The Guber-Peters Company"", ""logo_path"": null, ""origin_country"": ""US""}]","[{""name"": ""United States of America"", ""iso_3166_1"": ""US""}]","[{""name"": ""English"", ""iso_639_1"": ""en"", ""english_name"": ""English""}]",2026-09-27 09:47:05.635683
12493,High and Low,A Yokohama shoe executive faces a wrenching choice when kidnappers mistakenly seize his chauffeur’s son but demand the ransom anyway.,1963-03-01,11.2976,1200,8.38,/tgNjemQPG96uIezpiUiXFcer5ga.jpg,/i1NjlccZcuqbgDCS92RHdhEnx59.jpg,ja,"[{""id"": 18, ""name"": ""Drama""}, {""id"": 80, ""name"": ""Crime""}, {""id"": 53, ""name"": ""Thriller""}, {""id"": 9648, ""name"": ""Mystery""}]",142,250000,0,"","Stark, intense drama almost beyond belief!",Released,tt0057565,"[{""id"": 882, ""name"": ""TOHO"", ""logo_path"": ""/fRSWWjquvzcHjACbtF53utZFIll.png"", ""origin_country"": ""JP""}, {""id"": 2680, ""name"": ""Kurosawa Production"", ""logo_path"": null, ""origin_country"": ""JP""}]","[{""name"": ""Japan"", ""iso_3166_1"": ""JP""}]","[{""name"": ""日本語"", ""iso_639_1"": ""ja"", ""english_name"": ""Japanese""}]",2026-09-27 09:47:05.635683
207,Dead Poets Society,"At an elite, old-fashioned boarding school in New England, a passionate English teacher inspires his students to rebel against convention and seize the potential of every day, courting the disdain of the stern headmaster.",1989-06-02,30.6177,12990,8.296,/tNvKkSnnn4Z6RCBThyK1gfCSSvv.jpg,/lFIXZpwwlF9hg8NM3RazaIJDuaj.jpg,en,"[{""id"": 18, ""name"": ""Drama""}]",129,16400000,235860116,"",He was their inspiration. He made their lives extraordinary.,Released,tt0097165,"[{""id"": 184460, ""name"": ""A Steven Haft Production"", ""logo_path"": null, ""origin_country"": """"}, {""id"": 1089, ""name"": ""Witt/Thomas Productions"", ""logo_path"": null, ""origin_country"": ""US""}, {""id"": 10282, ""name"": ""Silver Screen Partners IV"", ""logo_path"": null, ""origin_country"": ""US""}, {""id"": 9195, ""name"": ""Touchstone Pictures"", ""logo_path"": ""/geK5QOBsXIPGHutKwXtYjMUyYSG.png"", ""origin_country"": ""US""}]","[{""name"": ""United States of America"", ""iso_3166_1"": ""US""}]","[{""name"": ""English"", ""iso_639_1"": ""en"", ""english_name"": ""English""}, {""name"": ""Latin"", ""iso_639_1"": ""la"", ""english_name"": ""Latin""}]",2026-09-27 09:47:05.635683
378064,A Silent Voice: The Movie,"Shouya Ishida starts bullying the new girl in class, Shouko Nishimiya, because she is deaf. But as the teasing continues, the rest of the class starts to turn on Shouya for his lack of compassion. When they leave elementary school, Shouko and Shouya do not speak to each other again... until an older, wiser Shouya, tormented by his past behaviour, decides he must see Shouko once more. He wants to atone for his sins, but is it already too late...?",2016-09-17,16.2603,4698,8.398,/tuFaWiqX0TXoWu7DGNcmX3UW7sT.jpg,/5lAMQMWpXMsirvtLLvW7cJgEPkU.jpg,ja,"[{""id"": 16, ""name"": ""Animation""}, {""id"": 18, ""name"": ""Drama""}, {""id"": 10749, ""name"": ""Romance""}]",129,0,30819442,http://asilentvoice.com.au/,Sometimes the answer is as simple as learning to listen.,Released,tt5323662,"[{""id"": 5438, ""name"": ""Kyoto Animation"", ""logo_path"": ""/leZ8GPCL0GneHHayPVnXtB3p0We.png"", ""origin_country"": ""JP""}, {""id"": 86839, ""name"": ""ABC Animation"", ""logo_path"": ""/cnOJAkVVmKZLIzmgw4fRRZ2dctT.png"", ""origin_country"": ""JP""}, {""id"": 59118, ""name"": ""Kodansha"", ""logo_path"": ""/9nTCEBgGaaI5swkv8gy2vny0Mb5.png"", ""origin_country"": ""JP""}, {""id"": 9148, ""name"": ""Pony Canyon"", ""logo_path"": ""/rtW3NadfF4kR5mTW00ahiFxw6k7.png"", ""origin_country"": ""JP""}, {""id"": 22715, ""name"": ""Quaras"", ""logo_path"": ""/c4d6GLfUXbp44dbWWJqWCh7YrnO.png"", ""origin_country"": ""JP""}, {""id"": 192, ""name"": ""Shochiku"", ""logo_path"": ""/93eAKlnQecDdMtucfOprzcjMw9V.png"", ""origin_country"": ""JP""}]","[{""name"": ""Japan"", ""iso_3166_1"": ""JP""}]","[{""name"": ""日本語"", ""iso_639_1"": ""ja"", ""english_name"": ""Japanese""}]",2026-09-27 09:47:05.635683
1375441,Primetime,"In 2006, To Catch a Predator host Chris Hansen sets out to make television history, turning an undercover investigation into one of the most controversial cultural phenomena of the decade.",2026-09-23,76.5667,32,7.1,/lmrulvLbmaejTix1YaMxo1oGhH1.jpg,/4E5RVsSUG1A4Adwbqupu5w6kofZ.jpg,en,"[{""id"": 18, ""name"": ""Drama""}, {""id"": 53, ""name"": ""Thriller""}, {""id"": 27, ""name"": ""Horror""}]",110,15000000,0,https://a24films.com/films/primetime,Are you ready to make television history?,Released,tt34206385,"[{""id"": 41077, ""name"": ""A24"", ""logo_path"": ""/1ZXsGaFPgrgS6ZZGS37AqD5uU12.png"", ""origin_country"": ""US""}, {""id"": 191272, ""name"": ""Icki Eneo Arlo"", ""logo_path"": ""/kTi6RsM6NUmtprzpIFg3NiPPQzq.png"", ""origin_country"": ""US""}, {""id"": 123620, ""name"": ""Square Peg"", ""logo_path"": ""/ePRhZ3yb09Ya6WMzCCBYopwIYbE.png"", ""origin_country"": ""US""}, {""id"": 167684, ""name"": ""Range Media Partners"", ""logo_path"": ""/kzQwU2H6woBFti9cqjr9BrVXrst.png"", ""origin_country"": ""US""}]","[{""name"": ""United States of America"", ""iso_3166_1"": ""US""}]","[{""name"": ""English"", ""iso_639_1"": ""en"", ""english_name"": ""English""}]",2026-09-27 09:47:05.635683
1341138,Spa Weekend,"Four lifelong friends realize that somewhere between careers, relationships, families, and everyday responsibilities, they’ve forgotten how to take care of themselves and each other. Burned out and overdue for a break, the women escape to a luxury spa retreat for an unforgettable weekend dedicated to fun, laughter, and a lot of really bad decisions.",2026-08-20,46.1435,48,6.521,/uhx4YjT9YbSxrKVE7GWJdjI412J.jpg,/8NGPUlR4xKQfgLaWCeXALGF3i27.jpg,en,"[{""id"": 35, ""name"": ""Comedy""}]",97,20000000,10154377,https://spaweekend.movie/home/,Friendship is a real trip.,Released,tt33305867,"[{""id"": 91921, ""name"": ""Suzanne Todd Productions"", ""logo_path"": null, ""origin_country"": ""US""}, {""id"": 22146, ""name"": ""Black Bear Pictures"", ""logo_path"": ""/v37N1mFeXNQfvPankg3feBhVvM7.png"", ""origin_country"": ""US""}]","[{""name"": ""United States of America"", ""iso_3166_1"": ""US""}]","[{""name"": ""English"", ""iso_639_1"": ""en"", ""english_name"": ""English""}]",2026-09-27 09:47:05.635683
1381071,Godzilla Minus Zero,"War reduced Japan to zero, and Godzilla plunged it into minus. Two years have passed since then, and the country has faced agonizing struggles to achieve recovery and finally reclaim its daily life. Just as humanity managed to cling to a hard-won peace, a new threat strikes, crushing hope in an instant.",2026-11-03,10.3063,0,0,/hSmIJluOJmTWvJs4d7kHRxjc8s8.jpg,/oqrYIDH4tvfEzPe1yqT4jzmAWHQ.jpg,ja,"[{""id"": 878, ""name"": ""Science Fiction""}, {""id"": 27, ""name"": ""Horror""}, {""id"": 28, ""name"": ""Action""}]",135,0,0,https://godzilla.com/pages/godzilla-minus-zero,人類の罪と罰。もう、無(ゼロ)には戻れない。,Released,tt34384661,"[{""id"": 882, ""name"": ""TOHO"", ""logo_path"": ""/fRSWWjquvzcHjACbtF53utZFIll.png"", ""origin_country"": ""JP""}, {""id"": 12386, ""name"": ""Robot Communications"", ""logo_path"": ""/oxvw2Mrq3GcTxFc2mlT7E5tpek7.png"", ""origin_country"": ""JP""}, {""id"": 182161, ""name"": ""TOHO Studios"", ""logo_path"": ""/wvG4lK0m76M6jK8WbWkXNecA7SP.png"", ""origin_country"": ""JP""}]","[{""name"": ""Japan"", ""iso_3166_1"": ""JP""}]","[{""name"": ""English"", ""iso_639_1"": ""en"", ""english_name"": ""English""}, {""name"": ""日本語"", ""iso_639_1"": ""ja"", ""english_name"": ""Japanese""}]",2026-09-27 09:47:05.635683
1599191,Renegade Immortal: Battle of the Immortal Slayer,"",2026-10-01,21.8824,0,0,/cpgLuRAT8SW7YiZaBYUGZ43GiLL.jpg,/rJT7ARv4G2sr1uTZnBEUSigg1hf.jpg,zh,"[{""id"": 16, ""name"": ""Animation""}, {""id"": 28, ""name"": ""Action""}, {""id"": 12, ""name"": ""Adventure""}, {""id"": 14, ""name"": ""Fantasy""}]",0,0,0,"","",Planned,,"[{""id"": 74457, ""name"": ""Tencent Video"", ""logo_path"": ""/mPsCbXC5k20bpKErrbOQd1fG0L7.png"", ""origin_country"": ""CN""}, {""id"": 119717, ""name"": ""Build Dream"", ""logo_path"": ""/3fhmV1PuOuGWYE6Ly0fiiVbeKcC.png"", ""origin_country"": ""CN""}, {""id"": 245203, ""name"": ""Ran Dong Yuzhou Studio Group"", ""logo_path"": null, ""origin_country"": ""CN""}]","[{""name"": ""China"", ""iso_3166_1"": ""CN""}]",[],2026-09-27 09:47:05.635683
620249,The Legend of Hei,"When cat spirit Luo Xiaohei's home is deforested by humans, he must find a new one. He runs into a group of other spirit creatures who take him under their wing with dreams of reconquering the land they say is rightfully theirs. However, they run into a human known as Wuxian who separates Luo Xiaohei from the other spirits and the two go on a journey, with the cat spirit learning to control his abilities as well as forming his own thoughts on whether or not he should ally with the spirits or the humans.",2019-08-27,10.3842,561,8.4,/nWdES36hGwADWWBGzvgT1Z3Xn86.jpg,/niMCrXNVxEYXHSeQU0GPos0vdED.jpg,zh,"[{""id"": 16, ""name"": ""Animation""}, {""id"": 14, ""name"": ""Fantasy""}, {""id"": 28, ""name"": ""Action""}, {""id"": 12, ""name"": ""Adventure""}]",102,0,48045728,https://luoxiaohei-movie.com/,One Small Spirit Will Determine the Fate of the World.,Released,tt10734928,"[{""id"": 130588, ""name"": ""MTJJ"", ""logo_path"": ""/xg3PzKFsYxTsbqWlYVR70HNZNI9.png"", ""origin_country"": """"}, {""id"": 130591, ""name"": ""Beijing Guangying Gongchang Wenhua Chuanbo"", ""logo_path"": null, ""origin_country"": """"}, {""id"": 130592, ""name"": ""Dream Castle"", ""logo_path"": null, ""origin_country"": ""CN""}, {""id"": 130593, ""name"": ""Heyi Capital"", ""logo_path"": ""/jsVdRBZ0UfRDWCiIOI3yjKFhRmF.png"", ""origin_country"": """"}, {""id"": 152035, ""name"": ""HMCH"", ""logo_path"": ""/uh2Q6PLOOy9HZPIM5Hn92IPn2XY.png"", ""origin_country"": ""CN""}, {""id"": 130589, ""name"": ""Beijing Jiyin Yinghua"", ""logo_path"": null, ""origin_country"": """"}]","[{""name"": ""China"", ""iso_3166_1"": ""CN""}]","[{""name"": ""普通话"", ""iso_639_1"": ""zh"", ""english_name"": ""Mandarin""}]",2026-09-27 09:47:05.635683
218,The Terminator,"In the post-apocalyptic future, reigning tyrannical supercomputers teleport a cyborg assassin known as the ""Terminator"" back to 1984 to kill Sarah Connor, whose unborn son is destined to lead insurgents against 21st century mechanical hegemony. Meanwhile, the human-resistance movement dispatches a lone warrior to safeguard Sarah. Can he stop the virtually indestructible killing machine?",1984-10-26,45.7011,15179,7.696,/qvktm0BHcnmDpul4Hz01GIazWPr.jpg,/ffdqHMWkh1h9MABwIfbfRJhgFW6.jpg,en,"[{""id"": 28, ""name"": ""Action""}, {""id"": 53, ""name"": ""Thriller""}, {""id"": 878, ""name"": ""Science Fiction""}]",108,6400000,78371200,https://www.20thcenturystudios.com/movies/theterminator,Your future is in its hands.,Released,tt0088247,"[{""id"": 3952, ""name"": ""Hemdale"", ""logo_path"": ""/hLfS5FjBQjK5MUNl7kdXgIHSSWy.png"", ""origin_country"": ""GB""}, {""id"": 1280, ""name"": ""Pacific Western"", ""logo_path"": null, ""origin_country"": ""US""}]","[{""name"": ""United Kingdom"", ""iso_3166_1"": ""GB""}, {""name"": ""United States of America"", ""iso_3166_1"": ""US""}]","[{""name"": ""English"", ""iso_639_1"": ""en"", ""english_name"": ""English""}, {""name"": ""Español"", ""iso_639_1"": ""es"", ""english_name"": ""Spanish""}]",2026-09-27 09:47:05.635683
1422041,La bola negra,"The intertwined lives of three men in three different eras, three lives intimately linked by sexuality and desire, pain, and legacy.",2026-09-25,14.6835,8,8.6,/jT5SR5qc9KvVg7HUEmjMWEUYMce.jpg,/bDsmYvrzto7xrEwqDpLC3SPhn9A.jpg,es,"[{""id"": 18, ""name"": ""Drama""}, {""id"": 10752, ""name"": ""War""}]",155,0,0,https://www.netflix.com/title/82964412,"",Released,tt35511966,"[{""id"": 67412, ""name"": ""Movistar Plus"", ""logo_path"": ""/vgVqq5hunVs8GN5Je9d9rG7Q2NU.png"", ""origin_country"": ""ES""}, {""id"": 5125, ""name"": ""Le Pacte"", ""logo_path"": ""/t3oWTsVukmEzrZzvfr37XRBibo5.png"", ""origin_country"": ""FR""}, {""id"": 49, ""name"": ""El Deseo"", ""logo_path"": ""/tlzPjqJjba2WjBaNGN1SZuJmbYj.png"", ""origin_country"": ""ES""}, {""id"": 274901, ""name"": ""Telefónica Audiovisual Digital"", ""logo_path"": null, ""origin_country"": ""ES""}, {""id"": 309309, ""name"": ""Los Esquiadores"", ""logo_path"": null, ""origin_country"": ""ES""}]","[{""name"": ""Spain"", ""iso_3166_1"": ""ES""}, {""name"": ""France"", ""iso_3166_1"": ""FR""}]","[{""name"": ""Español"", ""iso_639_1"": ""es"", ""english_name"": ""Spanish""}]",2026-09-27 09:47:05.635683
255709,Hope,"After 8-year-old So-won narrowly survives a brutal sexual assault, her family labors to help her heal while coping with their own rage and grief.",2013-10-02,10.3887,919,8.397,/x9yjkm9gIz5qI5fJMUTfBnWiB2o.jpg,/cri20wZDTl1X5QpxlWCSJ4HSpTF.jpg,ko,"[{""id"": 18, ""name"": ""Drama""}]",122,0,0,"",We won't let her shed tears again.,Released,tt3153634,"[{""id"": 7819, ""name"": ""Lotte Entertainment"", ""logo_path"": ""/ghFZAt4edln0M7BzDExyYMzUGX1.png"", ""origin_country"": ""KR""}, {""id"": 112850, ""name"": ""Film Momentum"", ""logo_path"": ""/r2AJGoS8KoP4AeozBEe5LTY5BsY.png"", ""origin_country"": ""KR""}, {""id"": 81594, ""name"": ""Michigan Venture Capital"", ""logo_path"": null, ""origin_country"": ""KR""}]","[{""name"": ""South Korea"", ""iso_3166_1"": ""KR""}]","[{""name"": ""한국어/조선말"", ""iso_639_1"": ""ko"", ""english_name"": ""Korean""}]",2026-09-27 09:47:05.635683
761053,Gabriel's Inferno: Part III,The final part of the film adaption of the erotic romance novel Gabriel's Inferno written by an anonymous Canadian author under the pen name Sylvain Reynard.,2020-11-19,6.639,1095,8.332,/fYtHxTxlhzD4QWfEbrC1rypysSD.jpg,/cY9X3gHcu4zK9vAy3s77xyorm0d.jpg,en,"[{""id"": 10749, ""name"": ""Romance""}, {""id"": 18, ""name"": ""Drama""}]",102,0,0,"","",Released,tt13535456,"[{""id"": 92153, ""name"": ""PassionFlix"", ""logo_path"": ""/psjvYkjjgAPtS8utnFYDM8t8yi7.png"", ""origin_country"": ""US""}]","[{""name"": ""United States of America"", ""iso_3166_1"": ""US""}]","[{""name"": ""English"", ""iso_639_1"": ""en"", ""english_name"": ""English""}]",2026-09-27 09:47:05.635683
901,City Lights,A tramp falls in love with a beautiful blind flower girl. His on-and-off friendship with a wealthy man allows him to be the girl's benefactor and suitor.,1931-02-06,6.9626,2551,8.245,/ugmakEL5y294I5bXgiBqApuZpwc.jpg,/Ma7mQsldFCaQpsZbm8zolgLfmV.jpg,en,"[{""id"": 35, ""name"": ""Comedy""}, {""id"": 18, ""name"": ""Drama""}, {""id"": 10749, ""name"": ""Romance""}]",87,1500000,4250000,https://www.charliechaplin.com/en/films/5-City-Lights,True Blind Love,Released,tt0021749,"[{""id"": 1315, ""name"": ""Charles Chaplin Productions"", ""logo_path"": null, ""origin_country"": ""US""}]","[{""name"": ""United States of America"", ""iso_3166_1"": ""US""}]","[{""name"": ""No Language"", ""iso_639_1"": ""xx"", ""english_name"": ""No Language""}]",2026-09-27 09:47:05.635683
1280738,The Furious,"After a criminal network kidnaps Wang Wei's daughter and the corrupt police refuse to assist him, Wei sets out on his own to locate her. Navin, a tenacious journalist whose wife has mysteriously vanished, is his only ally. In this explosive martial arts showdown, the unlikely duo fights the kidnappers ruthlessly driven by a furious vengeance.",2026-06-10,64.2786,768,8.193,/ivQ1Z3lI1xWvAeGDHBw3CCYZDGJ.jpg,/i0eR9O1FnCgBm1cH8WwqxGbAXMS.jpg,zh,"[{""id"": 28, ""name"": ""Action""}, {""id"": 80, ""name"": ""Crime""}, {""id"": 53, ""name"": ""Thriller""}]",113,20000000,39745080,https://www.lionsgate.com/movies/the-furious,"To save their loved ones, they will fight everyone.",Released,tt33311069,"[{""id"": 10284, ""name"": ""Edko Films"", ""logo_path"": ""/u0FCdiR026xbEbuY4yqaKj9Lf2O.png"", ""origin_country"": ""HK""}, {""id"": 12142, ""name"": ""XYZ Films"", ""logo_path"": ""/rPnEeMwxjI6rYMGqkWqIWwIJXxi.png"", ""origin_country"": ""US""}, {""id"": 131092, ""name"": ""Zhejiang Hengdian Film Production"", ""logo_path"": ""/dtsMvAgTenOlDWnqaa4pEovx6d5.png"", ""origin_country"": ""CN""}]","[{""name"": ""Hong Kong"", ""iso_3166_1"": ""HK""}, {""name"": ""China"", ""iso_3166_1"": ""CN""}, {""name"": ""United States of America"", ""iso_3166_1"": ""US""}]","[{""name"": ""English"", ""iso_639_1"": ""en"", ""english_name"": ""English""}, {""name"": ""普通话"", ""iso_639_1"": ""zh"", ""english_name"": ""Mandarin""}, {""name"": """", ""iso_639_1"": ""tl"", ""english_name"": ""Tagalog""}, {""name"": ""ภาษาไทย"", ""iso_639_1"": ""th"", ""english_name"": ""Thai""}, {""name"": ""Bahasa indonesia"", ""iso_639_1"": ""id"", ""english_name"": ""Indonesian""}]",2026-09-27 09:47:05.635683
1186532,The Forge,"19 year old Isaiah Wright lives for basketball and video games. A year out of high school, he has no job, no plans, and no idea how to be a man. At odds with his single mother Cynthia, Isaiah is given an ultimatum – to step up or move out. Feeling the pull from his friends and the push from his mom, Isaiah is hired by Moore Fitness, unaware of how the owner will personally impact his life. With the prayers of his mother and unexpected guidance from his new mentor, Isaiah is forced to deal with his past, sacrifice his selfishness and discover how God might have a greater purpose for his life.",2024-08-22,8.7825,358,8.196,/oranxontIQRmhuyQlkoAwxpeBYz.jpg,/18X5mXS1SpQy5rygEcpbmzUdkVP.jpg,en,"[{""id"": 18, ""name"": ""Drama""}, {""id"": 10751, ""name"": ""Family""}]",123,5000000,40392664,https://www.theforgemovie.com/,Whoever wants the next generation the most will get them.,Released,tt26731216,"[{""id"": 10156, ""name"": ""Affirm Films"", ""logo_path"": ""/bWjWWQfiyZh9AkGYCkx1NcVdSvn.png"", ""origin_country"": ""US""}, {""id"": 69411, ""name"": ""Kendrick Brothers"", ""logo_path"": ""/jkkrsMgj9Gbb8g17NUnLqlfmnmv.png"", ""origin_country"": ""US""}, {""id"": 3291, ""name"": ""Provident Films"", ""logo_path"": null, ""origin_country"": ""US""}]","[{""name"": ""United States of America"", ""iso_3166_1"": ""US""}]","[{""name"": ""English"", ""iso_639_1"": ""en"", ""english_name"": ""English""}]",2026-09-27 09:47:05.635683
1465063,Forgotten Island,"While celebrating their last night together, high school graduates and best friends Jo and Raissa stumble upon a mysterious portal that transports them to the fantastical island of Nakali. When they discover that the memories of their entire friendship are the price for returning home, Jo and Raissa must race to find a way to leave the island before they forget each other forever.",2026-09-10,85.046,24,7.917,/Lr0Ng7Gg02RW1AyfYEL6P0WUvd.jpg,/cNICUho5uiAGkfCAQq1ihyaMla4.jpg,en,"[{""id"": 16, ""name"": ""Animation""}, {""id"": 12, ""name"": ""Adventure""}, {""id"": 14, ""name"": ""Fantasy""}, {""id"": 35, ""name"": ""Comedy""}, {""id"": 10751, ""name"": ""Family""}]",109,0,0,https://www.forgottenislandmovie.com,No memory left behind.,Released,tt36583977,"[{""id"": 521, ""name"": ""DreamWorks Animation"", ""logo_path"": ""/3BPX5VGBov8SDqTV7wC1L1xShAS.png"", ""origin_country"": ""US""}]","[{""name"": ""United States of America"", ""iso_3166_1"": ""US""}]","[{""name"": ""English"", ""iso_639_1"": ""en"", ""english_name"": ""English""}, {""name"": """", ""iso_639_1"": ""tl"", ""english_name"": ""Tagalog""}]",2026-09-27 09:47:05.635683
1263337,Heart of the Beast,"After a harrowing plane crash, Special Forces officer James Belmont and his combat dog, Odin, find themselves stranded deep in the Alaskan wilderness. Together, they are forced into a brutal fight for survival against the elements.",2026-09-19,165.74,80,7.6,/1ApfSA8JTqeha3GTFEY8syV4auq.jpg,/bicMU6xVD5deVyKP2azpyx7xkmH.jpg,en,"[{""id"": 12, ""name"": ""Adventure""}, {""id"": 53, ""name"": ""Thriller""}]",101,82000000,0,https://www.heartofthebeastmovie.com/,Survival depends on their bond.,Released,tt7526136,"[{""id"": 4, ""name"": ""Paramount Pictures"", ""logo_path"": ""/jay6WcMgagAklUt7i9Euwj1pzTF.png"", ""origin_country"": ""US""}, {""id"": 224269, ""name"": ""Wild Chickens Productions"", ""logo_path"": ""/lyL2Lzk3A4l8pdCruqV5injP6iO.png"", ""origin_country"": ""US""}, {""id"": 12292, ""name"": ""Temple Hill Entertainment"", ""logo_path"": ""/5J93SHsuvIV32AE9oSbMi02pqw9.png"", ""origin_country"": ""US""}, {""id"": 216687, ""name"": ""Domain Entertainment"", ""logo_path"": ""/kKVYqekveOvLK1IgqdJojLjQvtu.png"", ""origin_country"": ""US""}, {""id"": 20788, ""name"": ""GulfStream Pictures"", ""logo_path"": ""/7hBlD2RPUo6LHgSDSSnyYuXdigU.png"", ""origin_country"": ""US""}, {""id"": 301387, ""name"": ""Kino World"", ""logo_path"": null, ""origin_country"": ""US""}]","[{""name"": ""United States of America"", ""iso_3166_1"": ""US""}]","[{""name"": ""English"", ""iso_639_1"": ""en"", ""english_name"": ""English""}]",2026-09-27 09:47:05.635683
1323244,Rage of Stars,"A story about a woman from the International Special Forces Unit, who has a premonition about the impending end of humanity.",2026-08-06,92.9544,198,6.586,/oLld47ZT1I3iecM3OWhIphohQUJ.jpg,/z7lZgL5tzefTfhyRtouThFhsuUS.jpg,en,"[{""id"": 28, ""name"": ""Action""}, {""id"": 878, ""name"": ""Science Fiction""}, {""id"": 53, ""name"": ""Thriller""}]",106,0,0,https://www.rageofstars.com/,"",Released,tt29512655,"[{""id"": 235192, ""name"": ""Lukra Films"", ""logo_path"": null, ""origin_country"": ""PL""}]","[{""name"": ""Poland"", ""iso_3166_1"": ""PL""}]",[],2026-09-27 09:47:05.635683
1288445,Mutiny,"After witnessing his billionaire boss' murder and being framed for the crime, Cole Reed boards a cargo ship on a one-man crusade to avenge his boss' death only to discover an international conspiracy.",2026-08-19,224.3757,587,7.089,/pu2VxGlpGwffOx292w18b1tv96j.jpg,/e2QAGrEmbpmZpMymDRkDisJkvg9.jpg,en,"[{""id"": 28, ""name"": ""Action""}, {""id"": 53, ""name"": ""Thriller""}]",96,40000000,20824283,https://www.mutiny.movie,There's blood in the water.,Released,tt32338669,"[{""id"": 218150, ""name"": ""Punch Palace Productions"", ""logo_path"": null, ""origin_country"": ""GB""}, {""id"": 73492, ""name"": ""MadRiver Pictures"", ""logo_path"": ""/bQzrYnomE5hIRJMxEy7e2SCYew3.png"", ""origin_country"": ""US""}]","[{""name"": ""United Kingdom"", ""iso_3166_1"": ""GB""}, {""name"": ""United States of America"", ""iso_3166_1"": ""US""}]","[{""name"": ""English"", ""iso_639_1"": ""en"", ""english_name"": ""English""}]",2026-09-27 09:47:05.635683
238,The Godfather,"Spanning the years 1945 to 1955, a chronicle of the fictional Italian-American Corleone crime family. When organized crime family patriarch, Vito Corleone barely survives an attempt on his life, his youngest son, Michael steps in to take care of the would-be killers, launching a campaign of bloody revenge.",1972-03-14,63.3707,23647,8.688,/3bhkrj58Vtu7enYsRolD1fZdja1.jpg,/tSPT36ZKlP2WVHJLM4cQPLSzv3b.jpg,en,"[{""id"": 18, ""name"": ""Drama""}, {""id"": 80, ""name"": ""Crime""}]",175,6000000,245066411,http://www.thegodfather.com/,An offer you can't refuse.,Released,tt0068646,"[{""id"": 4, ""name"": ""Paramount Pictures"", ""logo_path"": ""/jay6WcMgagAklUt7i9Euwj1pzTF.png"", ""origin_country"": ""US""}, {""id"": 10211, ""name"": ""Alfran Productions"", ""logo_path"": null, ""origin_country"": ""US""}, {""id"": 16311, ""name"": ""Albert S. Ruddy Productions"", ""logo_path"": null, ""origin_country"": ""US""}]","[{""name"": ""United States of America"", ""iso_3166_1"": ""US""}]","[{""name"": ""English"", ""iso_639_1"": ""en"", ""english_name"": ""English""}, {""name"": ""Italiano"", ""iso_639_1"": ""it"", ""english_name"": ""Italian""}, {""name"": ""Latin"", ""iso_639_1"": ""la"", ""english_name"": ""Latin""}]",2026-09-27 09:47:05.635683
240,The Godfather Part II,"In the continuing saga of the Corleone crime family, a young Vito Corleone grows up in Sicily and in 1910s New York. In the 1950s, Michael Corleone attempts to expand the family business into Las Vegas, Hollywood and Cuba.",1974-12-20,37.9594,14376,8.6,/8a1lJs7mFyGhGhZZDT1azJUoQiZ.jpg,/kGzFbGhp99zva6oZODW5atUtnqi.jpg,en,"[{""id"": 18, ""name"": ""Drama""}, {""id"": 80, ""name"": ""Crime""}]",202,13000000,102600000,"",The rise and fall of the Corleone empire.,Released,tt0071562,"[{""id"": 4, ""name"": ""Paramount Pictures"", ""logo_path"": ""/jay6WcMgagAklUt7i9Euwj1pzTF.png"", ""origin_country"": ""US""}, {""id"": 536, ""name"": ""The Coppola Company"", ""logo_path"": null, ""origin_country"": ""US""}, {""id"": 70, ""name"": ""American Zoetrope"", ""logo_path"": ""/ueaENQkPcy8rlr5fGZVBXKOhlBh.png"", ""origin_country"": ""US""}]","[{""name"": ""United States of America"", ""iso_3166_1"": ""US""}]","[{""name"": ""English"", ""iso_639_1"": ""en"", ""english_name"": ""English""}, {""name"": ""Italiano"", ""iso_639_1"": ""it"", ""english_name"": ""Italian""}, {""name"": ""Latin"", ""iso_639_1"": ""la"", ""english_name"": ""Latin""}, {""name"": ""Español"", ""iso_639_1"": ""es"", ""english_name"": ""Spanish""}]",2026-09-27 09:47:05.635683
1285366,Shape of My Heart,"A romance about a man and a woman who, due to an unexpected event, end up switching bodies. Despite coming from completely different backgrounds and environments, the two try to overcome the various difficulties that arise from their body swap.",2024-07-06,78.8356,8,5.7,/3r0O6BW9USoZ9mteCVyNKMQriRL.jpg,/yjK3ardrgdS8suZG8KMU82Q7U38.jpg,ja,"[{""id"": 10749, ""name"": ""Romance""}]",91,0,0,"","",Released,tt33349025,"[{""id"": 62454, ""name"": ""Legend Pictures"", ""logo_path"": ""/hTAzR2gywoJcukvWpuP3HDwmxqQ.png"", ""origin_country"": ""JP""}]","[{""name"": ""Japan"", ""iso_3166_1"": ""JP""}]","[{""name"": ""日本語"", ""iso_639_1"": ""ja"", ""english_name"": ""Japanese""}]",2026-09-27 09:47:05.635683
324857,Spider-Man: Into the Spider-Verse,"Struggling to find his place in the world while juggling school and family, Brooklyn teenager Miles Morales is unexpectedly bitten by a radioactive spider and develops unfathomable powers just like the one and only Spider-Man. While wrestling with the implications of his new abilities, Miles discovers a super collider created by the madman Wilson ""Kingpin"" Fisk, causing others from across the Spider-Verse to be inadvertently transported to his dimension.",2018-12-06,39.3804,17922,8.401,/iiZZdoQBEYBv6id8su7ImL0oCbD.jpg,/1ntePsIqeklfmrQJqZPncCydsqY.jpg,en,"[{""id"": 16, ""name"": ""Animation""}, {""id"": 28, ""name"": ""Action""}, {""id"": 12, ""name"": ""Adventure""}, {""id"": 878, ""name"": ""Science Fiction""}]",117,90000000,394884133,https://www.sonypictures.com/movies/spidermanintothespiderverse,Enter a universe where more than one wears the mask.,Released,tt4633694,"[{""id"": 5, ""name"": ""Columbia Pictures"", ""logo_path"": ""/71BqEFAF4V3qjjMPCpLuyJFB9A.png"", ""origin_country"": ""US""}, {""id"": 77973, ""name"": ""Lord Miller"", ""logo_path"": ""/fAajboa3w8LNvweN0hNZ4K0z03L.png"", ""origin_country"": ""US""}, {""id"": 84041, ""name"": ""Pascal Pictures"", ""logo_path"": ""/nw4kyc29QRpNtFbdsBHkRSFavvt.png"", ""origin_country"": ""US""}, {""id"": 2251, ""name"": ""Sony Pictures Animation"", ""logo_path"": ""/5ilV5mH3gxTEU7p5wjxptHvXkyr.png"", ""origin_country"": ""US""}, {""id"": 14439, ""name"": ""Arad Productions"", ""logo_path"": null, ""origin_country"": ""US""}, {""id"": 7505, ""name"": ""Marvel Entertainment"", ""logo_path"": ""/837VMM4wOkODc1idNxGT0KQJlej.png"", ""origin_country"": ""US""}]","[{""name"": ""United States of America"", ""iso_3166_1"": ""US""}]","[{""name"": ""English"", ""iso_639_1"": ""en"", ""english_name"": ""English""}, {""name"": ""日本語"", ""iso_639_1"": ""ja"", ""english_name"": ""Japanese""}, {""name"": ""Español"", ""iso_639_1"": ""es"", ""english_name"": ""Spanish""}]",2026-09-27 09:47:05.635683
572154,Rascal Does Not Dream of a Dreaming Girl,"In Fujisawa, Sakuta Azusagawa is in his second year of high school. Blissful days with his girlfriend and upperclassman, Mai Sakurajima, are interrupted by the appearance of his first crush, Shoko Makinohara.",2019-06-15,5.4591,616,8.226,/AtFnN4OztDJy8IFwYd5JfU0jlEM.jpg,/wIeNWRuBCdEBmWoDRcKputYV414.jpg,ja,"[{""id"": 16, ""name"": ""Animation""}, {""id"": 10749, ""name"": ""Romance""}, {""id"": 18, ""name"": ""Drama""}, {""id"": 14, ""name"": ""Fantasy""}]",90,0,0,https://rascaldoesnotdream.com/dreaming-girl,"",Released,tt9881586,"[{""id"": 121589, ""name"": ""CloverWorks"", ""logo_path"": ""/kZvTniBgpTzAThHCa0OZ1FJtRjy.png"", ""origin_country"": ""JP""}, {""id"": 2883, ""name"": ""Aniplex"", ""logo_path"": ""/rDYExnBV61jGQnkhVVrPN4Yl7O1.png"", ""origin_country"": ""JP""}, {""id"": 86839, ""name"": ""ABC Animation"", ""logo_path"": ""/cnOJAkVVmKZLIzmgw4fRRZ2dctT.png"", ""origin_country"": ""JP""}, {""id"": 2073, ""name"": ""KADOKAWA"", ""logo_path"": ""/tWxRSaKmRJNTcmtlXsmn5R4KOSU.png"", ""origin_country"": ""JP""}, {""id"": 157002, ""name"": ""Tokyo MX"", ""logo_path"": ""/hSdroyVthq3CynxTIIY7lnS8w1.png"", ""origin_country"": ""JP""}, {""id"": 81418, ""name"": ""Nagoya Broadcasting Network"", ""logo_path"": ""/kW9bMQqnMFtPHvdoyCDpRqh7Gxt.png"", ""origin_country"": ""JP""}, {""id"": 118502, ""name"": ""BS11"", ""logo_path"": ""/JQ5bx6n7Qmdmyqz6sqjo5Fz2iR.png"", ""origin_country"": ""JP""}, {""id"": 142186, ""name"": ""Hakuhodo DY Music & Pictures"", ""logo_path"": ""/bdXTOuU7PdsDtQngyM7vb47zePs.png"", ""origin_country"": ""JP""}]","[{""name"": ""Japan"", ""iso_3166_1"": ""JP""}]","[{""name"": ""日本語"", ""iso_639_1"": ""ja"", ""english_name"": ""Japanese""}]",2026-09-27 09:47:05.635683
37257,Witness for the Prosecution,An ailing barrister is thrust back into the courtroom in what becomes one of the most unusual and eventful murder cases of the lawyer's career when he finds himself defending a man being tried for the murder of a socialite.,1957-12-17,11.0737,1775,8.204,/bCj4EfuehAlgBwVd3diyWyhuuau.jpg,/evUB9YKE5IPPtQOchcEF6hS90BO.jpg,en,"[{""id"": 18, ""name"": ""Drama""}, {""id"": 9648, ""name"": ""Mystery""}, {""id"": 80, ""name"": ""Crime""}]",116,3000000,9000000,"",The most electrifying entertainment of our time!,Released,tt0051201,"[{""id"": 13479, ""name"": ""Edward Small Productions"", ""logo_path"": null, ""origin_country"": ""US""}]","[{""name"": ""United States of America"", ""iso_3166_1"": ""US""}]","[{""name"": ""Deutsch"", ""iso_639_1"": ""de"", ""english_name"": ""German""}, {""name"": ""English"", ""iso_639_1"": ""en"", ""english_name"": ""English""}]",2026-09-27 09:47:05.635683
1386238,Black Gold,"Ramiro meets Damián again after years without seeing each other. Damián always has some shady business going on. This time he wants to go in a search of a certain treasure hidden in an abandoned convent. Lara, Ramiro's girlfriend, doesn't trust Damián and decides to accompany them. What they don't know is that taking that thing from there could unleash a curse that will haunt them forever, unless they return it just as they found it.",2024-12-06,52.0784,1,3,/cULEEfczauEprB8IX1S6c62x4E9.jpg,/8IXRm88SZZQHEWTNHaYC8PNYXj0.jpg,es,"[{""id"": 27, ""name"": ""Horror""}]",64,0,0,"","",Released,tt21220878,"[{""id"": 144925, ""name"": ""Misil Producciones"", ""logo_path"": null, ""origin_country"": """"}, {""id"": 220736, ""name"": ""Pluma Cine"", ""logo_path"": null, ""origin_country"": """"}, {""id"": 279535, ""name"": ""Closer"", ""logo_path"": null, ""origin_country"": """"}]","[{""name"": ""Argentina"", ""iso_3166_1"": ""AR""}]","[{""name"": ""Español"", ""iso_639_1"": ""es"", ""english_name"": ""Spanish""}]",2026-09-27 09:47:05.635683
10494,Perfect Blue,"Rising pop star Mima Kirigoe quits singing to pursue a career as an actress. After she takes up a role on a popular detective show, her handlers and collaborators begin turning up murdered. Harboring feelings of guilt and haunted by visions of her former self, Mima's reality and fantasy meld into a frenzied paranoia.",1998-02-28,19.5571,3374,8.305,/6WTiOCfDPP8XV4jqfloiVWf7KHq.jpg,/mHG7dpLb0ZScSY3LpP443IHRmjy.jpg,ja,"[{""id"": 16, ""name"": ""Animation""}, {""id"": 53, ""name"": ""Thriller""}]",81,830442,2743097,https://gkids.com/films/perfect-blue,"""excuse me... who are you?""",Released,tt0156887,"[{""id"": 3464, ""name"": ""Madhouse"", ""logo_path"": ""/9k0nr75nwnNeT2MHerf1OXJN0hj.png"", ""origin_country"": ""JP""}, {""id"": 185544, ""name"": ""Rex Entertainment"", ""logo_path"": null, ""origin_country"": ""JP""}, {""id"": 201821, ""name"": ""Kotobuki Seihan Printing"", ""logo_path"": null, ""origin_country"": ""JP""}, {""id"": 4868, ""name"": ""Asahi Broadcasting Corporation"", ""logo_path"": ""/3ExeT4zGXBFU7ei1crOvuzKnc1z.png"", ""origin_country"": ""JP""}, {""id"": 201822, ""name"": ""Fangs"", ""logo_path"": null, ""origin_country"": ""JP""}, {""id"": 30652, ""name"": ""ONIRO"", ""logo_path"": null, ""origin_country"": ""JP""}]","[{""name"": ""Japan"", ""iso_3166_1"": ""JP""}]","[{""name"": ""日本語"", ""iso_639_1"": ""ja"", ""english_name"": ""Japanese""}]",2026-09-27 09:47:05.635683
1506560,Clash of the Thundermans,"When Chloe develops a destructive new superpower, the Hero League orders her to an elite boarding school for superheroes to learn control of her abilities. Faced with the prospect of sending Chloe away for years, the Thundermans split apart, with Phoebe, Barb and Billy taking her into hiding. Max, Hank, and Nora track their rogue family members, until the two factions face off against each other in a full-on battle for the Thundermans’ future.",2026-09-03,58.743,60,6.667,/16oqRrWVzQm6qdGfBxvziZ2UiMT.jpg,/hDwl0YMxwGhNe7u8wgHHk2Hyw3W.jpg,en,"[{""id"": 10770, ""name"": ""TV Movie""}, {""id"": 10751, ""name"": ""Family""}, {""id"": 28, ""name"": ""Action""}]",72,0,0,"",This changes everything.,Released,tt37752275,"[{""id"": 270146, ""name"": ""Paramount Television Studios"", ""logo_path"": ""/4r6rIxegOrrVeJwqRxpzNrCRQMD.png"", ""origin_country"": ""US""}]","[{""name"": ""Canada"", ""iso_3166_1"": ""CA""}, {""name"": ""United States of America"", ""iso_3166_1"": ""US""}]","[{""name"": ""English"", ""iso_639_1"": ""en"", ""english_name"": ""English""}]",2026-09-27 09:47:05.635683
769,GoodFellas,"The true story of Henry Hill, a half-Irish, half-Sicilian Brooklyn kid who is adopted by neighbourhood gangsters at an early age and climbs the ranks of a Mafia family under the guidance of Jimmy Conway.",1990-09-12,30.3217,14792,8.45,/9OkCLM73MIU2CrKZbqiT8Ln1wY2.jpg,/gILte6Zd7m1YneIr6MVhh30S9pr.jpg,en,"[{""id"": 18, ""name"": ""Drama""}, {""id"": 80, ""name"": ""Crime""}]",145,25000000,47072327,http://www.warnerbros.com/goodfellas,Three decades of life in the mafia.,Released,tt0099685,"[{""id"": 8880, ""name"": ""Winkler Films"", ""logo_path"": ""/fE7LBw7Jz8R29EABFGCvWNriZxN.png"", ""origin_country"": ""US""}, {""id"": 174, ""name"": ""Warner Bros. Pictures"", ""logo_path"": ""/zhD3hhtKB5qyv7ZeL4uLpNxgMVU.png"", ""origin_country"": ""US""}]","[{""name"": ""United States of America"", ""iso_3166_1"": ""US""}]","[{""name"": ""Italiano"", ""iso_639_1"": ""it"", ""english_name"": ""Italian""}, {""name"": ""English"", ""iso_639_1"": ""en"", ""english_name"": ""English""}]",2026-09-27 09:47:05.635683
1156869,Blaze of Love,Hong Kong movie,1994-01-01,66.181,0,0,/cSOW4av17KfO9K2CRqKCjMbeoMw.jpg,,en,[],0,0,0,"","",Released,,[],[],[],2026-09-27 09:47:05.635683
569094,Spider-Man: Across the Spider-Verse,"After reuniting with Gwen Stacy, Brooklyn’s full-time, friendly neighborhood Spider-Man is catapulted across the Multiverse, where he encounters the Spider Society, a team of Spider-People charged with protecting the Multiverse's very existence. But when the heroes clash on how to handle a new threat, Miles finds himself pitted against the other Spiders and must set out on his own to save those he loves most.",2023-05-31,52.7461,9305,8.35,/8Vt6mWEReuy4Of61Lnj5Xj704m8.jpg,/kVd3a9YeLGkoeR50jGEXM6EqseS.jpg,en,"[{""id"": 16, ""name"": ""Animation""}, {""id"": 28, ""name"": ""Action""}, {""id"": 12, ""name"": ""Adventure""}, {""id"": 878, ""name"": ""Science Fiction""}]",140,100000000,690897910,https://www.sonypictures.com/movies/spidermanacrossthespiderverse,It's how you wear the mask that matters.,Released,tt9362722,"[{""id"": 5, ""name"": ""Columbia Pictures"", ""logo_path"": ""/71BqEFAF4V3qjjMPCpLuyJFB9A.png"", ""origin_country"": ""US""}, {""id"": 2251, ""name"": ""Sony Pictures Animation"", ""logo_path"": ""/5ilV5mH3gxTEU7p5wjxptHvXkyr.png"", ""origin_country"": ""US""}, {""id"": 77973, ""name"": ""Lord Miller"", ""logo_path"": ""/fAajboa3w8LNvweN0hNZ4K0z03L.png"", ""origin_country"": ""US""}, {""id"": 84041, ""name"": ""Pascal Pictures"", ""logo_path"": ""/nw4kyc29QRpNtFbdsBHkRSFavvt.png"", ""origin_country"": ""US""}, {""id"": 14439, ""name"": ""Arad Productions"", ""logo_path"": null, ""origin_country"": ""US""}, {""id"": 7505, ""name"": ""Marvel Entertainment"", ""logo_path"": ""/837VMM4wOkODc1idNxGT0KQJlej.png"", ""origin_country"": ""US""}]","[{""name"": ""United States of America"", ""iso_3166_1"": ""US""}]","[{""name"": ""English"", ""iso_639_1"": ""en"", ""english_name"": ""English""}, {""name"": ""हिन्दी"", ""iso_639_1"": ""hi"", ""english_name"": ""Hindi""}, {""name"": ""Italiano"", ""iso_639_1"": ""it"", ""english_name"": ""Italian""}, {""name"": ""Español"", ""iso_639_1"": ""es"", ""english_name"": ""Spanish""}]",2026-09-27 09:47:05.635683
1356039,Counterattack,"When a hostage rescue mission creates a new enemy, Capt. Guerrero and his elite soldiers must face an ambush by a criminal group.",2025-02-27,11.4325,863,8.3,/kxnFdLJhi37ZVFDCL1ka0yeQVU5.jpg,/deUWVEgNh2IGjShyymZhaYP40ye.jpg,es,"[{""id"": 28, ""name"": ""Action""}, {""id"": 12, ""name"": ""Adventure""}, {""id"": 53, ""name"": ""Thriller""}]",85,0,0,https://www.netflix.com/title/81936018,"",Released,tt23648788,"[{""id"": 84651, ""name"": ""Draco Films"", ""logo_path"": ""/o7gUREdtNzQ3Alrck13tlvcNKvv.png"", ""origin_country"": ""MX""}]","[{""name"": ""Mexico"", ""iso_3166_1"": ""MX""}]","[{""name"": ""Español"", ""iso_639_1"": ""es"", ""english_name"": ""Spanish""}]",2026-09-27 09:47:05.635683
1483525,Possible Love,A laid-off worker and his wife cross paths with a documentary filmmaker and her spouse and confront their hidden desires.,2026-09-23,11.3754,1,9,/dLz9yHeLw4x4sD0WTSNi7HuK2ke.jpg,/kPbyLj2OyjojqvR1jfK1VvXzabg.jpg,ko,"[{""id"": 18, ""name"": ""Drama""}]",165,0,0,https://www.netflix.com/title/82106490,"",Released,tt37803364,"[{""id"": 6925, ""name"": ""Pinehouse Film"", ""logo_path"": ""/7dvA3vHHZgLRImFa3QTA91jIkQL.png"", ""origin_country"": ""KR""}, {""id"": 20811, ""name"": ""NOWFILM"", ""logo_path"": ""/jnGViIMPqocZWBCE3dSzgJ3HS4Z.png"", ""origin_country"": ""KR""}, {""id"": 10039, ""name"": ""Anonymous Content"", ""logo_path"": ""/b8w4LldQolMKiLZw4FQJBcXSDGI.png"", ""origin_country"": ""US""}]","[{""name"": ""South Korea"", ""iso_3166_1"": ""KR""}, {""name"": ""United States of America"", ""iso_3166_1"": ""US""}]","[{""name"": ""한국어/조선말"", ""iso_639_1"": ""ko"", ""english_name"": ""Korean""}]",2026-09-27 09:47:05.635683
950028,The Invite,"Joe and Angela's marriage is on thin ice. When they invite their enigmatic upstairs neighbors for a dinner party, the night spirals into unexpected places. Have they reignited the spark or lit the match that burns it all down?",2026-06-25,40.1116,643,7.234,/b7Dr8Chzse8VagexAporUu2RtLx.jpg,/lEwqBGNR65KZv6Ej5ufcmhZu2y2.jpg,en,"[{""id"": 35, ""name"": ""Comedy""}, {""id"": 18, ""name"": ""Drama""}, {""id"": 10749, ""name"": ""Romance""}]",107,12000000,55505476,https://a24films.com/films/the-invite,It'll be fun.,Released,tt14173636,"[{""id"": 13184, ""name"": ""Annapurna Pictures"", ""logo_path"": ""/pfUB1a62jSMIqp4Xmaq6z2cgW0B.png"", ""origin_country"": ""US""}, {""id"": 7493, ""name"": ""FilmNation Entertainment"", ""logo_path"": ""/fHitYiGUCkRafgt6VPYQlXWLkdp.png"", ""origin_country"": ""US""}, {""id"": 455, ""name"": ""Permut Presentations"", ""logo_path"": ""/x1Jn5NQmf9ptuqRh5lqCQk2kSlg.png"", ""origin_country"": ""US""}]","[{""name"": ""United States of America"", ""iso_3166_1"": ""US""}]","[{""name"": ""English"", ""iso_639_1"": ""en"", ""english_name"": ""English""}, {""name"": ""Español"", ""iso_639_1"": ""es"", ""english_name"": ""Spanish""}, {""name"": ""Français"", ""iso_639_1"": ""fr"", ""english_name"": ""French""}]",2026-09-27 09:47:05.635683
1122573,In the Grey,"A covert team of elite operatives are living in the shadows. When a ruthless despot steals a billion-dollar fortune, they're sent to take it back—an impossible heist that erupts into a deadly game of strategy, deception and survival.",2026-05-13,37.7484,1033,7.574,/dQgIcW6Th08kMRf2HBoYWoFE6OD.jpg,/qcIKxhqGMIj8uujsSoSMZWr8QqU.jpg,en,"[{""id"": 28, ""name"": ""Action""}, {""id"": 53, ""name"": ""Thriller""}]",97,70000000,27117528,https://www.inthegrey.film,"When billions get stolen, meet the pros who steal it back.",Released,tt27681354,"[{""id"": 184518, ""name"": ""C2 Motion Picture Group"", ""logo_path"": ""/lOouI8ibBzhLI4qvku74FPUVT8t.png"", ""origin_country"": ""US""}, {""id"": 2900, ""name"": ""Toff Guy Films"", ""logo_path"": ""/9LbR5s0UDvDKvDJWXeq3zeukzEP.png"", ""origin_country"": ""GB""}, {""id"": 22146, ""name"": ""Black Bear Pictures"", ""logo_path"": ""/v37N1mFeXNQfvPankg3feBhVvM7.png"", ""origin_country"": ""US""}, {""id"": 286985, ""name"": ""Red Sea Film Foundation"", ""logo_path"": ""/L55FQ4P9RCUqTkBh0IEm9d5gDn.png"", ""origin_country"": ""SA""}]","[{""name"": ""United Kingdom"", ""iso_3166_1"": ""GB""}, {""name"": ""United States of America"", ""iso_3166_1"": ""US""}, {""name"": ""Saudi Arabia"", ""iso_3166_1"": ""SA""}]","[{""name"": ""English"", ""iso_639_1"": ""en"", ""english_name"": ""English""}, {""name"": ""Español"", ""iso_639_1"": ""es"", ""english_name"": ""Spanish""}]",2026-09-27 09:47:05.635683
361743,Top Gun: Maverick,"After more than thirty years of service as one of the Navy’s top aviators, and dodging the advancement in rank that would ground him, Pete “Maverick” Mitchell finds himself training a detachment of TOP GUN graduates for a specialized mission the likes of which no living pilot has ever seen.",2022-05-21,45.5575,11607,8.158,/n0YuM4f5lvGAP6MAW2kBIzugXnc.jpg,/AaV1YIdWKnjAIAOe8UUKBFm327v.jpg,en,"[{""id"": 28, ""name"": ""Action""}, {""id"": 18, ""name"": ""Drama""}]",131,170000000,1488732821,https://www.topgunmovie.com,Feel the need... The need for speed.,Released,tt1745960,"[{""id"": 82819, ""name"": ""Skydance Media"", ""logo_path"": ""/gXfFl9pRPaoaq14jybEn1pHeldr.png"", ""origin_country"": ""US""}, {""id"": 10288, ""name"": ""Don Simpson/Jerry Bruckheimer Films"", ""logo_path"": ""/Aszf09kIVXR6cwG9lwjZIawbYVS.png"", ""origin_country"": ""US""}, {""id"": 4, ""name"": ""Paramount Pictures"", ""logo_path"": ""/jay6WcMgagAklUt7i9Euwj1pzTF.png"", ""origin_country"": ""US""}]","[{""name"": ""United States of America"", ""iso_3166_1"": ""US""}]","[{""name"": ""English"", ""iso_639_1"": ""en"", ""english_name"": ""English""}]",2026-09-27 09:47:05.635683
1368337,The Odyssey,"Odysseus, the legendary King of Ithaca, embarks on a long and perilous journey home following the Trojan War. Throughout his voyage, he is forced to confront the whims of gods, mythological monsters, and trials that stretch both his cunning and his humanity to the breaking point.",2026-07-15,343.1518,3915,8,/5rhTDKUhPYvpdQIijFIs5VoWsON.jpg,/RMXG8myu1aGlNUsRjtxzmpdMK0.jpg,en,"[{""id"": 12, ""name"": ""Adventure""}, {""id"": 28, ""name"": ""Action""}, {""id"": 14, ""name"": ""Fantasy""}]",173,250000000,1723918419,https://www.universalpictures.com/movies/the-odyssey,Defy the gods.,Released,tt33764258,"[{""id"": 33, ""name"": ""Universal Pictures"", ""logo_path"": ""/8lvHyhjr8oUKOOy2dKXoALWKdp0.png"", ""origin_country"": ""US""}, {""id"": 9996, ""name"": ""Syncopy"", ""logo_path"": ""/3tvBqYsBhxWeHlu62SIJ1el93O7.png"", ""origin_country"": ""GB""}]","[{""name"": ""United Kingdom"", ""iso_3166_1"": ""GB""}, {""name"": ""United States of America"", ""iso_3166_1"": ""US""}]","[{""name"": ""English"", ""iso_639_1"": ""en"", ""english_name"": ""English""}]",2026-09-27 09:47:05.635683
591634,False Positive,"After months of trying and failing to get pregnant, Lucy and Adrian finally find their dream fertility doctor in the illustrious Dr. Hindle. But after becoming pregnant with a healthy baby girl, Lucy begins to notice something sinister through Hindle's gleaming charm, and she sets out to uncover the unsettling truth about him.",2021-06-18,70.7873,201,5.545,/3HSov8EW2fI3oQbUJxOvnf684ej.jpg,/8FHQFJGCuIuSQ8hC7Iyrd8fPdy7.jpg,en,"[{""id"": 27, ""name"": ""Horror""}, {""id"": 9648, ""name"": ""Mystery""}, {""id"": 53, ""name"": ""Thriller""}]",93,0,0,https://a24films.com/films/false-positive,Never underestimate a mother's intuition.,Released,tt10096842,"[{""id"": 41077, ""name"": ""A24"", ""logo_path"": ""/1ZXsGaFPgrgS6ZZGS37AqD5uU12.png"", ""origin_country"": ""US""}]","[{""name"": ""United States of America"", ""iso_3166_1"": ""US""}]","[{""name"": ""English"", ""iso_639_1"": ""en"", ""english_name"": ""English""}]",2026-09-27 09:47:05.635683
274,The Silence of the Lambs,"Clarice Starling is a top student at the FBI's training academy.  Jack Crawford wants Clarice to interview Dr. Hannibal Lecter, a brilliant psychiatrist who is also a violent psychopath, serving life behind bars for various acts of murder and cannibalism.  Crawford believes that Lecter may have insight into a case and that Starling, as an attractive young woman, may be just the bait to draw him out.",1991-02-14,8.3485,18555,8.345,/uS9m8OBk1A8eM9I042bx8XXpqAq.jpg,/aYcnDyLMnpKce1FOYUpZrXtgUye.jpg,en,"[{""id"": 80, ""name"": ""Crime""}, {""id"": 53, ""name"": ""Thriller""}, {""id"": 18, ""name"": ""Drama""}]",119,19000000,272742922,"",To enter the mind of a killer she must challenge the mind of a madman.,Released,tt0102926,"[{""id"": 41, ""name"": ""Orion Pictures"", ""logo_path"": ""/em0rOXVRu3qprWZCx58uDDV2fze.png"", ""origin_country"": ""US""}, {""id"": 55072, ""name"": ""Strong Heart"", ""logo_path"": null, ""origin_country"": ""US""}, {""id"": 276744, ""name"": ""A Luta Continua"", ""logo_path"": ""/1SQmA2oZbp7ddFDucwma8aMNZ2t.png"", ""origin_country"": ""US""}]","[{""name"": ""United States of America"", ""iso_3166_1"": ""US""}]","[{""name"": ""English"", ""iso_639_1"": ""en"", ""english_name"": ""English""}]",2026-09-27 09:47:05.635683
278,The Shawshank Redemption,"Imprisoned in the 1940s for the double murder of his wife and her lover, upstanding banker Andy Dufresne begins a new life at the Shawshank prison, where he puts his accounting skills to work for an amoral warden. During his long stretch in prison, Dufresne comes to be admired by the other inmates -- including an older prisoner named Red -- for his integrity and unquenchable sense of hope.",1994-09-23,67.511,31424,8.7,/9cqNxx0GxF0bflZmeSMuL5tnGzr.jpg,/pNjh59JSxChQktamG3LMp9ZoQzp.jpg,en,"[{""id"": 18, ""name"": ""Drama""}, {""id"": 80, ""name"": ""Crime""}]",142,25000000,28341469,"",Fear can hold you prisoner. Hope can set you free.,Released,tt0111161,"[{""id"": 97, ""name"": ""Castle Rock Entertainment"", ""logo_path"": ""/smyTD67uNsdaySnnjVDmh0kyotp.png"", ""origin_country"": ""US""}]","[{""name"": ""United States of America"", ""iso_3166_1"": ""US""}]","[{""name"": ""English"", ""iso_639_1"": ""en"", ""english_name"": ""English""}]",2026-09-27 09:47:05.635683
1384216,The Dog Stars,"After the world's population has been ravaged by a pandemic, a man lives a lonesome existence in a Colorado airplane hangar with his dog and a dour gunman he has befriended. When a mysterious transmission comes through on the radio while he’s flying his old Cessna, it sparks a hunt for the provenance of the sound.",2026-08-26,48.1784,291,6.596,/A7i16oDi03qrKep5pBfuTWNUTb.jpg,/quAHqi4zBrB5fIfHvgrqiG4xzAC.jpg,en,"[{""id"": 878, ""name"": ""Science Fiction""}, {""id"": 53, ""name"": ""Thriller""}, {""id"": 12, ""name"": ""Adventure""}]",119,110000000,37416959,https://www.20thcenturystudios.com/movies/the-dog-stars,"At the end of the world, no one survives alone.",Released,tt21285562,"[{""id"": 127928, ""name"": ""20th Century Studios"", ""logo_path"": ""/h0rjX5vjW5r8yEnUBStFarjcLT4.png"", ""origin_country"": ""US""}, {""id"": 221347, ""name"": ""Scott Free Productions"", ""logo_path"": ""/6Ry6uNBaa0IbbSs1XYIgX5DkA9r.png"", ""origin_country"": ""US""}]","[{""name"": ""United States of America"", ""iso_3166_1"": ""US""}]","[{""name"": ""English"", ""iso_639_1"": ""en"", ""english_name"": ""English""}]",2026-09-27 09:47:05.635683
634649,Spider-Man: No Way Home,"Peter Parker is unmasked and no longer able to separate his normal life from the high-stakes of being a super-hero. When he asks for help from Doctor Strange the stakes become even more dangerous, forcing him to discover what it truly means to be Spider-Man.",2021-12-15,61.5699,23196,7.947,/1g0dhYtq4irTY1GPXvft6k4YLjm.jpg,/iQFcwSGbZXMkeyKrxbPnwnRo5fl.jpg,en,"[{""id"": 28, ""name"": ""Action""}, {""id"": 12, ""name"": ""Adventure""}, {""id"": 878, ""name"": ""Science Fiction""}]",148,200000000,1921426073,https://www.sonypictures.com/movies/spidermannowayhome,Enter the Multiverse.,Released,tt10872600,"[{""id"": 420, ""name"": ""Marvel Studios"", ""logo_path"": ""/hUzeosd33nzE5MCNsZxCGEKTXaQ.png"", ""origin_country"": ""US""}, {""id"": 84041, ""name"": ""Pascal Pictures"", ""logo_path"": ""/nw4kyc29QRpNtFbdsBHkRSFavvt.png"", ""origin_country"": ""US""}, {""id"": 5, ""name"": ""Columbia Pictures"", ""logo_path"": ""/71BqEFAF4V3qjjMPCpLuyJFB9A.png"", ""origin_country"": ""US""}]","[{""name"": ""United States of America"", ""iso_3166_1"": ""US""}]","[{""name"": ""English"", ""iso_639_1"": ""en"", ""english_name"": ""English""}, {""name"": """", ""iso_639_1"": ""tl"", ""english_name"": ""Tagalog""}]",2026-09-27 09:47:05.635683
24858,Eternity and a Day,"Famous writer Alexander contracts a terminal illness. He receives a letter from his wife describing a summer day 30 years ago, and leaves his seaside home to remember his past. This journey will allow him to wander between the past and the present, and encounter unexpected people, allowing him to collect unforgettable memories in the final moments of his life.",1998-10-23,55.0868,224,7.813,/wH8sfLJCqNjsIw8zkXpvxdSzj60.jpg,/hwo8xALeQiQsW31ZErCJvxpRdsV.jpg,el,"[{""id"": 18, ""name"": ""Drama""}]",133,0,0,"",How long will tomorrow last?,Released,tt0156794,"[{""id"": 850, ""name"": ""Eurimages"", ""logo_path"": ""/aF7qajGJGtMpdrtvssM9g90YanX.png"", ""origin_country"": ""FR""}, {""id"": 201, ""name"": ""ARTE"", ""logo_path"": ""/6UIpEURdjnmcJPwgTDRzVRuwADr.png"", ""origin_country"": ""FR""}, {""id"": 255, ""name"": ""Paradis Films"", ""logo_path"": ""/b1zTOpnNn5g0nHjhpn3Dx17QaoP.png"", ""origin_country"": ""FR""}, {""id"": 317, ""name"": ""Istituto Luce Cinecittà"", ""logo_path"": ""/HJj0J9Tk6AGcLpL4O7mI3bsccM.png"", ""origin_country"": ""IT""}, {""id"": 7254, ""name"": ""Greek Film Centre"", ""logo_path"": ""/hDJO96mUfqtB9ia7ef7mEvguPxl.png"", ""origin_country"": ""GR""}, {""id"": 16366, ""name"": ""La Sept Cinéma"", ""logo_path"": ""/llLC13cdNDmJbq0E0PG8fraWsLp.png"", ""origin_country"": ""FR""}, {""id"": 30389, ""name"": ""Intermédias"", ""logo_path"": null, ""origin_country"": """"}, {""id"": 33152, ""name"": ""Theo Angelopoulos Films"", ""logo_path"": null, ""origin_country"": ""GR""}, {""id"": 33155, ""name"": ""Classic Productions"", ""logo_path"": null, ""origin_country"": ""IT""}, {""id"": 104, ""name"": ""Canal+"", ""logo_path"": ""/9aotxauvc9685tq9pTcRJszuT06.png"", ""origin_country"": ""FR""}, {""id"": 46, ""name"": ""WDR"", ""logo_path"": ""/3xFdKHLXPGHEbrAkmsepGE8974Y.png"", ""origin_country"": ""DE""}, {""id"": 7255, ""name"": ""ERT"", ""logo_path"": ""/aHu0SirjV9Mi0OrlnFWqZwy50wW.png"", ""origin_country"": ""GR""}]","[{""name"": ""France"", ""iso_3166_1"": ""FR""}, {""name"": ""Germany"", ""iso_3166_1"": ""DE""}, {""name"": ""Greece"", ""iso_3166_1"": ""GR""}, {""name"": ""Italy"", ""iso_3166_1"": ""IT""}]","[{""name"": ""English"", ""iso_639_1"": ""en"", ""english_name"": ""English""}, {""name"": ""ελληνικά"", ""iso_639_1"": ""el"", ""english_name"": ""Greek""}, {""name"": ""Italiano"", ""iso_639_1"": ""it"", ""english_name"": ""Italian""}]",2026-09-27 09:47:05.635683
315162,Puss in Boots: The Last Wish,"Puss in Boots discovers that his passion for adventure has taken its toll: He has burned through eight of his nine lives, leaving him with only one life left. Puss sets out on an epic journey to find the mythical Last Wish and restore his nine lives.",2022-12-07,34.6328,9249,8.218,/kuf6dutpsT0vSVehic3EZIqkOBt.jpg,/jr8tSoJGj33XLgFBy6lmZhpGQNu.jpg,en,"[{""id"": 16, ""name"": ""Animation""}, {""id"": 12, ""name"": ""Adventure""}, {""id"": 14, ""name"": ""Fantasy""}, {""id"": 35, ""name"": ""Comedy""}, {""id"": 10751, ""name"": ""Family""}]",103,90000000,484700000,https://www.dreamworks.com/movies/puss-in-boots-the-last-wish,Say hola to his little friends.,Released,tt3915174,"[{""id"": 521, ""name"": ""DreamWorks Animation"", ""logo_path"": ""/3BPX5VGBov8SDqTV7wC1L1xShAS.png"", ""origin_country"": ""US""}]","[{""name"": ""United States of America"", ""iso_3166_1"": ""US""}]","[{""name"": ""English"", ""iso_639_1"": ""en"", ""english_name"": ""English""}, {""name"": ""Español"", ""iso_639_1"": ""es"", ""english_name"": ""Spanish""}]",2026-09-27 09:47:05.635683
205596,The Imitation Game,"Based on the real life story of legendary cryptanalyst Alan Turing, the film portrays the nail-biting race against time by Turing and his brilliant team of code-breakers at Britain's top-secret Government Code and Cypher School at Bletchley Park, during the darkest days of World War II.",2014-11-14,60.9864,18452,7.979,/zSqJ1qFq8NXFfi7JeIYMlzyR0dx.jpg,/8FCHJ21JBQOgATY2WI8vwYAiXg8.jpg,en,"[{""id"": 36, ""name"": ""History""}, {""id"": 18, ""name"": ""Drama""}, {""id"": 53, ""name"": ""Thriller""}, {""id"": 10752, ""name"": ""War""}]",113,14000000,233555708,"",The true enigma was the man who cracked the code.,Released,tt2084970,"[{""id"": 38145, ""name"": ""Bristol Automotive"", ""logo_path"": null, ""origin_country"": ""US""}, {""id"": 22146, ""name"": ""Black Bear Pictures"", ""logo_path"": ""/v37N1mFeXNQfvPankg3feBhVvM7.png"", ""origin_country"": ""US""}, {""id"": 7493, ""name"": ""FilmNation Entertainment"", ""logo_path"": ""/fHitYiGUCkRafgt6VPYQlXWLkdp.png"", ""origin_country"": ""US""}]","[{""name"": ""United States of America"", ""iso_3166_1"": ""US""}, {""name"": ""United Kingdom"", ""iso_3166_1"": ""GB""}]","[{""name"": ""English"", ""iso_639_1"": ""en"", ""english_name"": ""English""}]",2026-09-27 09:47:05.635683
42269,We All Loved Each Other So Much,"Three partisans bound by a strong friendship return home after the war, but the clash with everyday reality puts a strain on their bond.",1974-12-21,6.2842,667,8.283,/zGGWYpiKNwjpKxelPxOMqJnUgDs.jpg,/2Kkqmy3EpXqBDqv1vvsNXX3pwww.jpg,it,"[{""id"": 18, ""name"": ""Drama""}, {""id"": 35, ""name"": ""Comedy""}]",125,0,0,"",A many splendored thing.,Released,tt0075793,"[{""id"": 93145, ""name"": ""Deantir"", ""logo_path"": null, ""origin_country"": ""IT""}]","[{""name"": ""Italy"", ""iso_3166_1"": ""IT""}]","[{""name"": ""Italiano"", ""iso_639_1"": ""it"", ""english_name"": ""Italian""}]",2026-09-27 09:47:05.635683
1317149,I Swear,"Diagnosed with Tourette Syndrome at 15, John Davidson navigates his way against the odds through troubled teenage years and into adulthood, finding inspiration in the kindness of others to discover his true purpose in life.",2025-09-22,16.8592,587,8.264,/vUwyhNWBKkSwK8ELvEeBRwV724h.jpg,/4mKczHAW4XPDXGk7V5k7Ui3dgUk.jpg,en,"[{""id"": 18, ""name"": ""Drama""}, {""id"": 36, ""name"": ""History""}]",121,3730000,15564404,https://www.iswearfilm.com,I blink. I twitch. I jump. I click. I whistle. I shout.,Released,tt31514146,"[{""id"": 233928, ""name"": ""One Story High"", ""logo_path"": null, ""origin_country"": ""IE""}, {""id"": 3130, ""name"": ""Tempo Productions"", ""logo_path"": ""/b2blyz6adfykkLdLQId8SNHGfZk.png"", ""origin_country"": ""GB""}]","[{""name"": ""United Kingdom"", ""iso_3166_1"": ""GB""}]","[{""name"": ""English"", ""iso_639_1"": ""en"", ""english_name"": ""English""}]",2026-09-27 09:47:05.635683
527641,Five Feet Apart,"Seventeen-year-old Stella spends most of her time in the hospital as a cystic fibrosis patient. Her life is full of routines, boundaries and self-control — all of which get put to the test when she meets Will, an impossibly charming teen who has the same illness. There's an instant flirtation, though restrictions dictate that they must maintain a safe distance between them. As their connection intensifies, so does the temptation to throw the rules out the window and embrace that attraction.",2019-03-14,11.1304,5991,8.213,/kreTuJBkUjVWePRfhHZuYfhNE1T.jpg,/cYdHaKx6Ihj1BIvbxpCxIGXfZ02.jpg,en,"[{""id"": 10749, ""name"": ""Romance""}, {""id"": 18, ""name"": ""Drama""}]",116,7000000,92600000,"","When life keeps you apart, fight for every inch.",Released,tt6472976,"[{""id"": 84409, ""name"": ""Wayfarer Entertainment"", ""logo_path"": null, ""origin_country"": ""US""}, {""id"": 5490, ""name"": ""CBS Films"", ""logo_path"": ""/xuJSR4dWsvkE194aemIJwflyNF2.png"", ""origin_country"": ""US""}]","[{""name"": ""United States of America"", ""iso_3166_1"": ""US""}]","[{""name"": ""English"", ""iso_639_1"": ""en"", ""english_name"": ""English""}, {""name"": ""Français"", ""iso_639_1"": ""fr"", ""english_name"": ""French""}, {""name"": ""Español"", ""iso_639_1"": ""es"", ""english_name"": ""Spanish""}]",2026-09-27 09:47:05.635683
16672,Woman in the Dunes,A vacationing entomologist suffers extreme physical and psychological trauma after being taken captive by the residents of a poor seaside village and made to live with a woman whose life task is shoveling sand for them.,1964-02-15,6.2037,546,8.215,/xiBr3bIT2xpbuIKo5bLK7ebP4O1.jpg,/dxfFh9pTKDaYH2B6PwcR6ohCM1L.jpg,ja,"[{""id"": 18, ""name"": ""Drama""}, {""id"": 53, ""name"": ""Thriller""}]",147,0,0,"",Haunting. Erotic. Unforgettable.,Released,tt0058625,"[{""id"": 3212, ""name"": ""Teshigahara Productions"", ""logo_path"": null, ""origin_country"": ""JP""}, {""id"": 882, ""name"": ""TOHO"", ""logo_path"": ""/fRSWWjquvzcHjACbtF53utZFIll.png"", ""origin_country"": ""JP""}]","[{""name"": ""Japan"", ""iso_3166_1"": ""JP""}]","[{""name"": ""日本語"", ""iso_639_1"": ""ja"", ""english_name"": ""Japanese""}]",2026-09-27 09:47:05.635683
1224993,Dark Nuns,"Desperation drives two nuns to perform an exorcism no nun should attempt. With a possessed child at the mercy of evil and the opposition of the Catholic Church, they take on the dangerous forbidden rituals themselves, putting their immortal souls in grave danger. They must confront the terrifying cost of their sacrilegious actions, but one goal remains: the boy must be saved at all costs.",2025-01-24,111.7342,97,6.2,/2Abt2GgscAGtGAXTrhH44qPhugI.jpg,/bQdYYutvomoxfLQK8gTV8Z3qsmv.jpg,ko,"[{""id"": 27, ""name"": ""Horror""}, {""id"": 9648, ""name"": ""Mystery""}, {""id"": 53, ""name"": ""Thriller""}, {""id"": 18, ""name"": ""Drama""}]",115,0,12140335,"",We're ready to face the forbidden dark.,Released,tt32491690,"[{""id"": 85150, ""name"": ""Zip Cinema"", ""logo_path"": ""/dXGvoNR0ni359HmKefOAIMY7WcE.png"", ""origin_country"": ""KR""}]","[{""name"": ""South Korea"", ""iso_3166_1"": ""KR""}]","[{""name"": ""한국어/조선말"", ""iso_639_1"": ""ko"", ""english_name"": ""Korean""}, {""name"": ""Italiano"", ""iso_639_1"": ""it"", ""english_name"": ""Italian""}, {""name"": ""Latin"", ""iso_639_1"": ""la"", ""english_name"": ""Latin""}]",2026-09-27 09:47:05.635683
995133,"The Boy, the Mole, the Fox and the Horse","The unlikely friendship of a boy, a mole, a fox and a horse traveling together in the boy's search for home.",2022-12-25,11.9089,774,8.2,/wAKBWRhMmBtrCCuqmFwPm2RGTph.jpg,/wO0MIGcA7w7tBI9Ey80Q4Z7qnPm.jpg,en,"[{""id"": 16, ""name"": ""Animation""}, {""id"": 10751, ""name"": ""Family""}, {""id"": 18, ""name"": ""Drama""}, {""id"": 12, ""name"": ""Adventure""}]",35,0,0,https://www.bbc.co.uk/programmes/m001gn7t,"A journey, in search of home.",Released,tt22667880,"[{""id"": 183947, ""name"": ""NoneMore Productions"", ""logo_path"": null, ""origin_country"": ""GB""}, {""id"": 11461, ""name"": ""Bad Robot"", ""logo_path"": ""/p9FoEt5shEKRWRKVIlvFaEmRnun.png"", ""origin_country"": ""US""}, {""id"": 3324, ""name"": ""BBC"", ""logo_path"": ""/dqT3yOTlfJRmtvk52Ccd1O6dZ0A.png"", ""origin_country"": ""GB""}]","[{""name"": ""United Kingdom"", ""iso_3166_1"": ""GB""}, {""name"": ""United States of America"", ""iso_3166_1"": ""US""}]","[{""name"": ""English"", ""iso_639_1"": ""en"", ""english_name"": ""English""}]",2026-09-27 09:47:05.635683
6435,Practical Magic,"Sally and Gillian Owens, born into a magical family, have mostly avoided witchcraft themselves. But when Gillian's vicious boyfriend, Jimmy Angelov, dies unexpectedly, the Owens sisters give themselves a crash course in hard magic. With policeman Gary Hallet growing suspicious, the girls struggle to resurrect Angelov -- and unwittingly inject his corpse with an evil spirit that threatens to end their family line.",1998-10-16,43.6316,1980,6.8,/AwmToSgf2IL3aHv0QRVsR5KvChv.jpg,/4kbkq887XNT85d6nJonCnmXDWor.jpg,en,"[{""id"": 10749, ""name"": ""Romance""}, {""id"": 14, ""name"": ""Fantasy""}, {""id"": 35, ""name"": ""Comedy""}]",104,75000000,94400000,https://www.warnerbros.com/movies/practical-magic,"For two sisters from a family of witches, falling in love is the trickiest spell of all.",Released,tt0120791,"[{""id"": 813, ""name"": ""Di Novi Pictures"", ""logo_path"": ""/xz25F3NFQOQJCH47VscbrcI10Om.png"", ""origin_country"": ""US""}, {""id"": 4258, ""name"": ""Fortis Films"", ""logo_path"": ""/2AAcFwLxc1yble95qTSi6QfxKRa.png"", ""origin_country"": ""US""}, {""id"": 79, ""name"": ""Village Roadshow Pictures"", ""logo_path"": ""/at4uYdwAAgNRKhZuuFX8ShKSybw.png"", ""origin_country"": ""US""}, {""id"": 174, ""name"": ""Warner Bros. Pictures"", ""logo_path"": ""/zhD3hhtKB5qyv7ZeL4uLpNxgMVU.png"", ""origin_country"": ""US""}]","[{""name"": ""United States of America"", ""iso_3166_1"": ""US""}]","[{""name"": ""English"", ""iso_639_1"": ""en"", ""english_name"": ""English""}]",2026-09-27 09:47:05.635683
630566,Clouds,"Young musician Zach Sobiech discovers his cancer has spread, leaving him just a few months to live. With limited time, he follows his dream and makes an album, unaware that it will soon be a viral music phenomenon.",2020-10-09,4.2995,1068,8.2,/2YvT3pdGngzpbAuxamTz4ZlabnT.jpg,/L7DIiAdP8DnNqOh7454ZrTYspR.jpg,en,"[{""id"": 10402, ""name"": ""Music""}, {""id"": 18, ""name"": ""Drama""}]",121,0,0,"",Don't wait for tomorrow to live for today.,Released,tt6473066,"[{""id"": 1757, ""name"": ""Mad Chance"", ""logo_path"": ""/fc9qw5GoTbyWGa0QcfbsZFzuMKQ.png"", ""origin_country"": ""US""}, {""id"": 215284, ""name"": ""La Scala Films"", ""logo_path"": null, ""origin_country"": """"}, {""id"": 144610, ""name"": ""Wayfarer Studios"", ""logo_path"": ""/879WnwsOH1oP6NlLY7ChD6vL6lh.png"", ""origin_country"": ""US""}]","[{""name"": ""United States of America"", ""iso_3166_1"": ""US""}]","[{""name"": ""English"", ""iso_639_1"": ""en"", ""english_name"": ""English""}]",2026-09-27 09:47:05.635683
807,Se7en,"Two homicide detectives are on a desperate hunt for a serial killer whose crimes are based on the ""seven deadly sins"" in this dark and haunting film that takes viewers from the tortured remains of one victim to the next. The seasoned Det. Somerset researches each sin in an effort to get inside the killer's mind, while his novice partner, Mills, scoffs at his efforts to unravel the case.",1995-09-22,34.5612,23850,8.382,/191nKfP0ehp3uIvWqgPbFmI4lv9.jpg,/i5H7zusQGsysGQ8i6P361Vnr0n2.jpg,en,"[{""id"": 80, ""name"": ""Crime""}, {""id"": 9648, ""name"": ""Mystery""}, {""id"": 53, ""name"": ""Thriller""}]",127,33000000,327311859,https://www.warnerbros.com/movies/seven,Gluttony. Greed. Sloth. Envy. Wrath. Pride. Lust.,Released,tt0114369,"[{""id"": 12, ""name"": ""New Line Cinema"", ""logo_path"": ""/2ycs64eqV5rqKYHyQK0GVoKGvfX.png"", ""origin_country"": ""US""}, {""id"": 4286, ""name"": ""Juno Pix"", ""logo_path"": null, ""origin_country"": ""US""}, {""id"": 16775, ""name"": ""Arnold Kopelson Productions"", ""logo_path"": null, ""origin_country"": ""US""}]","[{""name"": ""United States of America"", ""iso_3166_1"": ""US""}]","[{""name"": ""English"", ""iso_639_1"": ""en"", ""english_name"": ""English""}]",2026-09-27 09:47:05.635683
1405742,Portal to Hell,"After a debt-collector finds a portal to hell in a washing machine at his local laundromat, he’s propositioned into feeding it sinners to save his neighbor’s soul, maybe even at the expense of his own.",2025-02-22,60.6196,14,5.857,/xuXCPJZjmP2FuGG3U16sI1TYEdR.jpg,/eTuPNfCR3hSUnDKm2zBATP4lJym.jpg,en,"[{""id"": 35, ""name"": ""Comedy""}, {""id"": 27, ""name"": ""Horror""}]",93,0,0,"","",Released,tt29543015,"[{""id"": 102060, ""name"": ""Ford Films"", ""logo_path"": null, ""origin_country"": ""US""}, {""id"": 254333, ""name"": ""Little Shadows"", ""logo_path"": null, ""origin_country"": ""US""}, {""id"": 254334, ""name"": ""Hello Moon"", ""logo_path"": null, ""origin_country"": ""US""}, {""id"": 25884, ""name"": ""Raven Banner Entertainment"", ""logo_path"": ""/zL8l7rZGwALoDJQwvw4ZnCQfpgA.png"", ""origin_country"": ""CA""}]","[{""name"": ""United States of America"", ""iso_3166_1"": ""US""}]","[{""name"": ""English"", ""iso_639_1"": ""en"", ""english_name"": ""English""}]",2026-09-27 09:47:05.635683
1124142,The Rivals of Amziah King,"Deep within the backwoods of rural Oklahoma, charismatic and musically gifted Amziah King herds a bluegrass-playing band of misfits while overseeing the premier honey-making operation in town. When Amziah’s estranged foster daughter unexpectedly returns, Amziah leaps at the possibility to renew connection and create a family business. But the honey game is ruthless, and Amziah’s rivals threaten to destroy everything he has built.",2026-08-13,33.7325,94,6.8,/3iVDCDS1VwHIm95PjWEPwsfdhaf.jpg,/nBSlvQrDX60rmngwcxMeMq33I9m.jpg,en,"[{""id"": 53, ""name"": ""Thriller""}, {""id"": 80, ""name"": ""Crime""}, {""id"": 18, ""name"": ""Drama""}]",131,6000000,3111550,https://amziahking.film/,Ain’t no one all bad or all good.,Released,tt27706593,"[{""id"": 22146, ""name"": ""Black Bear Pictures"", ""logo_path"": ""/v37N1mFeXNQfvPankg3feBhVvM7.png"", ""origin_country"": ""US""}, {""id"": 437, ""name"": ""Heyday Films"", ""logo_path"": ""/nu20mtwbEIhUNnQ5NXVhHsNknZj.png"", ""origin_country"": ""GB""}, {""id"": 303077, ""name"": ""G.E.D. Media"", ""logo_path"": ""/eUh3cQPZj5P9zTYNPILlrTvvyrT.png"", ""origin_country"": ""US""}]","[{""name"": ""United Kingdom"", ""iso_3166_1"": ""GB""}, {""name"": ""United States of America"", ""iso_3166_1"": ""US""}]","[{""name"": ""English"", ""iso_639_1"": ""en"", ""english_name"": ""English""}]",2026-09-27 09:47:05.635683
1482547,Zip Wire,"When her ground-breaking pharmaceutical discovery is stolen and partner murdered, researcher Amy must face her fear of heights to escape nefarious attackers, with the only path to salvation being a treacherous aerial runway. To outsmart the mysterious hostiles, she has to summon every ounce of courage to protect the world-changing scientific discovery — and herself — before it's too late.",2026-08-31,168.6003,15,7.333,/cO7J0XSVKPlAjUCMWC7DVBn1Py2.jpg,/sbkkAtymJaH5UzExiK974uPzCY4.jpg,en,"[{""id"": 28, ""name"": ""Action""}, {""id"": 53, ""name"": ""Thriller""}]",95,0,0,"",Hold on tight.,Released,tt36980377,"[{""id"": 3349, ""name"": ""Scanner-Rhodes Productions"", ""logo_path"": null, ""origin_country"": ""GB""}, {""id"": 46225, ""name"": ""Untitled Entertainment"", ""logo_path"": null, ""origin_country"": ""US""}, {""id"": 290125, ""name"": ""Reinvent Yellow"", ""logo_path"": ""/e24UDpMgBACRGkN7X0aRyujGN8A.png"", ""origin_country"": ""DK""}]","[{""name"": ""Denmark"", ""iso_3166_1"": ""DK""}, {""name"": ""United States of America"", ""iso_3166_1"": ""US""}, {""name"": ""United Kingdom"", ""iso_3166_1"": ""GB""}]","[{""name"": ""English"", ""iso_639_1"": ""en"", ""english_name"": ""English""}]",2026-09-27 09:47:05.635683
1383731,Protector,"Nikki's life is shattered when her daughter is kidnapped. Thrust into the criminal underworld while hunted by cops and military, she must fight to rescue her child.",2026-02-20,15.2422,601,8.4,/icOZpnGuH9YrEaW3wrw5GJaXGih.jpg,/vpuPY4UziUCxv7gYYoaZQ3LX7to.jpg,en,"[{""id"": 28, ""name"": ""Action""}, {""id"": 53, ""name"": ""Thriller""}]",90,0,1993982,https://www.protectorthefilm.com/,Never get between a mother and her child.,Released,tt34471850,"[{""id"": 262304, ""name"": ""Aanaxion Studio"", ""logo_path"": null, ""origin_country"": """"}, {""id"": 178359, ""name"": ""828 Productions"", ""logo_path"": ""/8Vir3jz2OMrcLFdcpRAg6LQixJp.png"", ""origin_country"": ""US""}, {""id"": 121204, ""name"": ""BondIt Media Capital"", ""logo_path"": ""/vbtvY4IxgUZk713rkmoTO4MHIac.png"", ""origin_country"": ""US""}, {""id"": 231386, ""name"": ""Magenta Light Studios"", ""logo_path"": ""/4WS75ndvhPMm7Rj2RFZnFYwBS2o.png"", ""origin_country"": ""US""}, {""id"": 296687, ""name"": ""Blossom Studio"", ""logo_path"": null, ""origin_country"": """"}, {""id"": 296688, ""name"": ""Allbarun Company"", ""logo_path"": null, ""origin_country"": """"}, {""id"": 65649, ""name"": ""SSS Entertainment"", ""logo_path"": ""/tXTuZTEcYYB1hIyAAwDyhZE0f7c.png"", ""origin_country"": ""US""}, {""id"": 274597, ""name"": ""American Picture House Corporation"", ""logo_path"": ""/1lQEAVqHhBzlRQJ1XwFKhX8YYpz.png"", ""origin_country"": ""US""}, {""id"": 137373, ""name"": ""CaliWood Pictures"", ""logo_path"": ""/4OzujMDSLnAm7I0BCPL1D6RIoJ4.png"", ""origin_country"": ""US""}]","[{""name"": ""United States of America"", ""iso_3166_1"": ""US""}]","[{""name"": ""English"", ""iso_639_1"": ""en"", ""english_name"": ""English""}]",2026-09-27 09:47:05.635683
1311031,Demon Slayer: Kimetsu no Yaiba Infinity Castle,"The Demon Slayer Corps are drawn into the Infinity Castle, where Tanjiro, Nezuko, and the Hashira face terrifying Upper Rank demons in a desperate fight as the final battle against Muzan Kibutsuji begins.",2025-07-18,59.1078,2183,8.803,/fWVSwgjpT2D78VUh6X8UBd2rorW.jpg,/1RgPyOhN4DRs225BGTlHJqCudII.jpg,ja,"[{""id"": 16, ""name"": ""Animation""}, {""id"": 28, ""name"": ""Action""}, {""id"": 14, ""name"": ""Fantasy""}]",156,20000000,793594078,https://www.crunchyroll.com/series/G8DHV7809/demon-slayer-kimetsu-no-yaiba-infinity-castle-i,It's time to have some fun.,Released,tt32820897,"[{""id"": 5887, ""name"": ""ufotable"", ""logo_path"": ""/m6FEqz8rQECnmfjEwjNhNAlmhCJ.png"", ""origin_country"": ""JP""}, {""id"": 2883, ""name"": ""Aniplex"", ""logo_path"": ""/rDYExnBV61jGQnkhVVrPN4Yl7O1.png"", ""origin_country"": ""JP""}, {""id"": 2918, ""name"": ""Shueisha"", ""logo_path"": ""/gyEWUBWwqrm3H5T2hkERD9LxpOq.png"", ""origin_country"": ""JP""}]","[{""name"": ""Japan"", ""iso_3166_1"": ""JP""}]","[{""name"": ""日本語"", ""iso_639_1"": ""ja"", ""english_name"": ""Japanese""}]",2026-09-27 09:47:05.635683
311,Once Upon a Time in America,"A former Prohibition-era Jewish gangster returns to the Lower East Side of Manhattan over thirty years later, where he once again must confront the ghosts and regrets of his old life.",1984-05-23,22.4751,6228,8.4,/i0enkzsL5dPeneWnjl1fCWm6L7k.jpg,/xlDUjb0Q5Dv6jPQRF5VE4IMjIy.jpg,en,"[{""id"": 18, ""name"": ""Drama""}, {""id"": 80, ""name"": ""Crime""}]",139,30000000,5500000,"","Crime, passion and lust for power.",Released,tt0087843,"[{""id"": 10214, ""name"": ""Embassy International Pictures"", ""logo_path"": null, ""origin_country"": ""US""}, {""id"": 1256, ""name"": ""PSO"", ""logo_path"": ""/7uiQEAkpcngVIBiQEkok4G93G5E.png"", ""origin_country"": ""US""}, {""id"": 7965, ""name"": ""The Ladd Company"", ""logo_path"": ""/eZ6DeFO1mhHtzxB1aACcEzKqQ7L.png"", ""origin_country"": ""US""}, {""id"": 218, ""name"": ""Rafran Cinematografica"", ""logo_path"": null, ""origin_country"": ""IT""}]","[{""name"": ""United States of America"", ""iso_3166_1"": ""US""}, {""name"": ""Italy"", ""iso_3166_1"": ""IT""}]","[{""name"": ""English"", ""iso_639_1"": ""en"", ""english_name"": ""English""}, {""name"": ""Français"", ""iso_639_1"": ""fr"", ""english_name"": ""French""}, {""name"": ""עִבְרִית"", ""iso_639_1"": ""he"", ""english_name"": ""Hebrew""}, {""name"": ""Italiano"", ""iso_639_1"": ""it"", ""english_name"": ""Italian""}, {""name"": """", ""iso_639_1"": ""yi"", ""english_name"": ""Yiddish""}]",2026-09-27 09:47:05.635683
1240889,Teenage Sex and Death at Camp Miasma,"After years of slapdash sequels, the Camp Miasma franchise is handed over to an enthusiastic young director for resurrection. But when she visits the original’s star, a now-reclusive actress shrouded in mystery, the two women fall into a blood-soaked world of desire, fear, and delirium.",2026-08-06,126.0607,194,6.317,/6Q6Zo6GNXMLP600OJSh6MhW21um.jpg,/d1n2ySWSanU34eEsluRjfrjRq52.jpg,en,"[{""id"": 35, ""name"": ""Comedy""}, {""id"": 27, ""name"": ""Horror""}, {""id"": 10749, ""name"": ""Romance""}]",112,8000000,8525000,https://mubi.com/en/campmiasma,Blood. Lust.,Released,tt35298123,"[{""id"": 204957, ""name"": ""MUBI"", ""logo_path"": ""/16gclYCHdh6QFQyBRNOo3DuaqDT.png"", ""origin_country"": ""GB""}, {""id"": 81, ""name"": ""Plan B Entertainment"", ""logo_path"": ""/8wOfUhA7vwU2gbPjQy7Vv3EiF0o.png"", ""origin_country"": ""US""}]","[{""name"": ""United Kingdom"", ""iso_3166_1"": ""GB""}, {""name"": ""United States of America"", ""iso_3166_1"": ""US""}]","[{""name"": ""English"", ""iso_639_1"": ""en"", ""english_name"": ""English""}]",2026-09-27 09:47:05.635683
632632,Given,"Haruki secretly had feelings for Akihiko for years, but Akihiko was still in a relationship with his roommate, the violinist Ugetsu Murata. Haruki, Akihiko, and Ugetsu's love clashes and starts to move forward.",2020-08-22,3.8471,426,8.222,/pegCub2zdYD5As43AOmGsIctuKc.jpg,/9Xz0bzUFTVgDZd4WZz1cJDQjLkB.jpg,ja,"[{""id"": 16, ""name"": ""Animation""}, {""id"": 18, ""name"": ""Drama""}, {""id"": 10402, ""name"": ""Music""}, {""id"": 10749, ""name"": ""Romance""}]",60,0,930363,https://movie2020.given-anime.com,A story of a certain summer.,Released,tt11802992,"[{""id"": 42811, ""name"": ""Lerche"", ""logo_path"": ""/2ZPUk3aYOtKbZk1W4Kp6mfeays8.png"", ""origin_country"": ""JP""}, {""id"": 2883, ""name"": ""Aniplex"", ""logo_path"": ""/rDYExnBV61jGQnkhVVrPN4Yl7O1.png"", ""origin_country"": ""JP""}, {""id"": 1778, ""name"": ""dentsu"", ""logo_path"": ""/b5rT6VbYza3LyfltCmz1OcqzWJM.png"", ""origin_country"": ""JP""}, {""id"": 3341, ""name"": ""Fuji Television Network"", ""logo_path"": ""/dTG5dXE1kU2mpmL9BNnraffckLU.png"", ""origin_country"": ""JP""}, {""id"": 3466, ""name"": ""movic"", ""logo_path"": ""/lmCg0zarmM52wrmsZRUY0QlPKLh.png"", ""origin_country"": ""JP""}, {""id"": 233952, ""name"": ""Shinshokan"", ""logo_path"": null, ""origin_country"": ""JP""}]","[{""name"": ""Japan"", ""iso_3166_1"": ""JP""}]","[{""name"": ""日本語"", ""iso_639_1"": ""ja"", ""english_name"": ""Japanese""}]",2026-09-27 09:47:05.635683
1529372,Don't Be Shy!,"Quintessential Mean Girl, Shyamili ‘Shy’ Das, finds herself suddenly relegated to Loser-ville when Mayank, her boyfriend of three years, suddenly dumps her. But Shy, all set to get her revenge, finds herself falling into friendship and compassion with someone unexpected… Mayank’s new girlfriend - Tara.",2026-09-25,8.6916,1,7,/lBeDq7KmZaQNnnIXgExCAmfLMqT.jpg,/xnGBwwD9QjeQeRKzDEVp0cNAEFe.jpg,hi,"[{""id"": 10749, ""name"": ""Romance""}, {""id"": 35, ""name"": ""Comedy""}]",149,0,0,"","",Released,tt39528902,"[{""id"": 93864, ""name"": ""Eternal Sunshine Productions"", ""logo_path"": ""/36sZQJJL4msWIMpCiO9CiElvewF.png"", ""origin_country"": ""IN""}, {""id"": 175199, ""name"": ""Chalkboard Entertainment"", ""logo_path"": ""/1z6GzyUVT9QnD1DEV1AoASZ83b7.png"", ""origin_country"": ""IN""}]","[{""name"": ""India"", ""iso_3166_1"": ""IN""}, {""name"": ""United States of America"", ""iso_3166_1"": ""US""}]","[{""name"": ""हिन्दी"", ""iso_639_1"": ""hi"", ""english_name"": ""Hindi""}, {""name"": ""English"", ""iso_639_1"": ""en"", ""english_name"": ""English""}]",2026-09-27 09:47:05.635683
1339713,Obsession,"After breaking the mysterious ""One Wish Willow"" to win his crush's heart, a hopeless romantic finds himself getting exactly what he asked for but soon discovers that some desires come at a dark, sinister price.",2026-05-13,159.8985,5750,8.191,/bRwnj8WEKBCvmfeUNOukJPwB43K.jpg,/uoTZOIXnkcTgJe1emITpsQq7sPu.jpg,en,"[{""id"": 27, ""name"": ""Horror""}, {""id"": 53, ""name"": ""Thriller""}]",109,750000,519413102,http://www.focusfeatures.com/obsession,Be careful who you wish for…,Released,tt37287335,"[{""id"": 155758, ""name"": ""Tea Shop Productions"", ""logo_path"": ""/iZi0zd9ijrcWR9zlEUUthG8d600.png"", ""origin_country"": ""GB""}, {""id"": 273145, ""name"": ""Under the Shell"", ""logo_path"": null, ""origin_country"": ""US""}, {""id"": 154063, ""name"": ""Capstone Pictures"", ""logo_path"": ""/r4anaxYa8OL5KaUbU35VkrIe88L.png"", ""origin_country"": ""US""}, {""id"": 3172, ""name"": ""Blumhouse Productions"", ""logo_path"": ""/rzKluDcRkIwHZK2pHsiT667A2Kw.png"", ""origin_country"": ""US""}]","[{""name"": ""United States of America"", ""iso_3166_1"": ""US""}, {""name"": ""United Kingdom"", ""iso_3166_1"": ""GB""}]","[{""name"": ""English"", ""iso_639_1"": ""en"", ""english_name"": ""English""}]",2026-09-27 09:47:05.635683
4935,Howl's Moving Castle,"Sophie, a young milliner, is turned into an elderly woman by a witch who enters her shop and curses her. She encounters a wizard named Howl and gets caught up in his resistance to fighting for the king.",2004-09-09,52.5694,11480,8.4,/13kOl2v0nD2OLbVSHnHk8GUFEhO.jpg,/nv5wwZou159v5OC61i4ElR7OqyY.jpg,ja,"[{""id"": 14, ""name"": ""Fantasy""}, {""id"": 16, ""name"": ""Animation""}, {""id"": 12, ""name"": ""Adventure""}]",119,24000000,236049757,https://gkids.com/films/howls-moving-castle/,Love Comes First.,Released,tt0347149,"[{""id"": 10342, ""name"": ""Studio Ghibli"", ""logo_path"": ""/uFuxPEZRUcBTEiYIxjHJq62Vr77.png"", ""origin_country"": ""JP""}, {""id"": 1779, ""name"": ""Tokuma Shoten"", ""logo_path"": ""/41nGzTdCnORYZIZzaGZtfsBwQCl.png"", ""origin_country"": ""JP""}, {""id"": 6755, ""name"": ""Nippon Television Network Corporation"", ""logo_path"": ""/bWiM2iY82B32NGmPCOFatgfekIR.png"", ""origin_country"": ""JP""}, {""id"": 1778, ""name"": ""dentsu"", ""logo_path"": ""/b5rT6VbYza3LyfltCmz1OcqzWJM.png"", ""origin_country"": ""JP""}, {""id"": 272654, ""name"": ""Walt Disney Japan"", ""logo_path"": null, ""origin_country"": ""JP""}, {""id"": 12518, ""name"": ""d-rights"", ""logo_path"": ""/qJZAVb8vx6qFLQJ6cunRkVUJVdB.png"", ""origin_country"": ""JP""}, {""id"": 882, ""name"": ""TOHO"", ""logo_path"": ""/fRSWWjquvzcHjACbtF53utZFIll.png"", ""origin_country"": ""JP""}]","[{""name"": ""Japan"", ""iso_3166_1"": ""JP""}]","[{""name"": ""日本語"", ""iso_639_1"": ""ja"", ""english_name"": ""Japanese""}]",2026-09-27 09:47:05.635683
1386315,The Runner,"Maia Marten, a brilliant London lawyer, has her life shattered by a single call on her morning run: her son has been taken. To get him back, she must keep running, obey every ruthless command, and trust no one-each second a test of how far a mother will go to save her child.",2026-09-03,92.6938,581,6.793,/uxCaBoYXsDC4A0SqTm3SISj0OwK.jpg,/jzBWExXacS33rMQ2zLBrqIVweyG.jpg,en,"[{""id"": 53, ""name"": ""Thriller""}, {""id"": 28, ""name"": ""Action""}]",86,0,0,https://www.amazon.com/dp/B0H8NPW2KZ,One hour. One chance to save her son.,Released,tt34564059,"[{""id"": 210099, ""name"": ""Amazon MGM Studios"", ""logo_path"": ""/g5oRCNCi8kNVb8gEoSoIcqkhjmR.png"", ""origin_country"": ""US""}, {""id"": 244481, ""name"": ""Rockwood Pictures"", ""logo_path"": null, ""origin_country"": ""GB""}]","[{""name"": ""United States of America"", ""iso_3166_1"": ""US""}, {""name"": ""United Kingdom"", ""iso_3166_1"": ""GB""}]","[{""name"": ""English"", ""iso_639_1"": ""en"", ""english_name"": ""English""}]",2026-09-27 09:47:05.635683
1244492,Look Back,"Popular, outgoing Fujino is celebrated by her classmates for her funny comics in the class newspaper. One day, her teacher asks her to share the space with Kyomoto, a truant recluse whose beautiful artwork sparks a competitive fervor in Fujino. What starts as jealousy transforms when Fujino realizes their shared passion for drawing.",2024-06-28,28.8953,676,8.2,/4f2EcNkp1Mvp9wE5w7HKxcmACWg.jpg,/2okfik8YwzSfdETpT5cUClSiGFO.jpg,ja,"[{""id"": 16, ""name"": ""Animation""}, {""id"": 18, ""name"": ""Drama""}]",58,0,25198872,https://gkids.com/films/look-back,Manga drew them together. Life made them best friends.,Released,tt31711040,"[{""id"": 136998, ""name"": ""Studio Durian"", ""logo_path"": ""/4Gw6jh3aUoJArMECqQ8ZXV7OjB8.png"", ""origin_country"": ""JP""}, {""id"": 55938, ""name"": ""avex pictures"", ""logo_path"": ""/ku5PUEwBjUx8XaYikgaXRVLIMbb.png"", ""origin_country"": ""JP""}, {""id"": 2918, ""name"": ""Shueisha"", ""logo_path"": ""/gyEWUBWwqrm3H5T2hkERD9LxpOq.png"", ""origin_country"": ""JP""}]","[{""name"": ""Japan"", ""iso_3166_1"": ""JP""}]","[{""name"": ""日本語"", ""iso_639_1"": ""ja"", ""english_name"": ""Japanese""}]",2026-09-27 09:47:05.635683
335,Once Upon a Time in the West,"As the railroad builders advance unstoppably through the Arizona desert on their way to the sea, Jill arrives in the small town of Flagstone with the intention of starting a new life.",1968-12-21,18.9607,5064,8.263,/qbYgqOczabWNn2XKwgMtVrntD6P.jpg,/u5IhDThM1SClL4pkCUp8hOmsDQJ.jpg,it,"[{""id"": 18, ""name"": ""Drama""}, {""id"": 37, ""name"": ""Western""}]",166,5000000,5380118,"",There were three men in her life. One to take her… one to love her —and one to kill her.,Released,tt0064116,"[{""id"": 4, ""name"": ""Paramount Pictures"", ""logo_path"": ""/jay6WcMgagAklUt7i9Euwj1pzTF.png"", ""origin_country"": ""US""}, {""id"": 218, ""name"": ""Rafran Cinematografica"", ""logo_path"": null, ""origin_country"": ""IT""}, {""id"": 25287, ""name"": ""San Marco"", ""logo_path"": null, ""origin_country"": ""IT""}]","[{""name"": ""Italy"", ""iso_3166_1"": ""IT""}, {""name"": ""United States of America"", ""iso_3166_1"": ""US""}]","[{""name"": ""English"", ""iso_639_1"": ""en"", ""english_name"": ""English""}]",2026-09-27 09:47:05.635683
1084242,Zootopia 2,"After cracking the biggest case in Zootopia's history, rookie cops Judy Hopps and Nick Wilde find themselves on the twisting trail of a great mystery when Gary De'Snake arrives and turns the animal metropolis upside down. To crack the case, Judy and Nick must go undercover to unexpected new parts of town, where their growing partnership is tested like never before.",2025-11-26,74.759,3471,7.672,/oJ7g2CifqpStmoYQyaLQgEU32qO.jpg,/lgotja3xMoJZbynwHfcQcJAEMWH.jpg,en,"[{""id"": 16, ""name"": ""Animation""}, {""id"": 12, ""name"": ""Adventure""}, {""id"": 35, ""name"": ""Comedy""}, {""id"": 9648, ""name"": ""Mystery""}, {""id"": 10751, ""name"": ""Family""}]",108,150000000,1868208796,https://movies.disney.com/zootopia-2,They're back with a twissst.,Released,tt26443597,"[{""id"": 6125, ""name"": ""Walt Disney Animation Studios"", ""logo_path"": ""/8bH86UPmMP8hlITzXV3XgV9eaAc.png"", ""origin_country"": ""US""}, {""id"": 158526, ""name"": ""Walt Disney Animation Studios"", ""logo_path"": ""/tzsMJBJZINu7GHzrpYzpReWhh66.png"", ""origin_country"": ""CA""}]","[{""name"": ""United States of America"", ""iso_3166_1"": ""US""}, {""name"": ""Canada"", ""iso_3166_1"": ""CA""}]","[{""name"": ""English"", ""iso_639_1"": ""en"", ""english_name"": ""English""}]",2026-09-27 09:47:05.635683
26451,Investigation of a Citizen Above Suspicion,"Rome, Italy. After committing a heinous crime, a senior police officer exposes evidence incriminating him because his moral commitment prevents him from circumventing the law and the social order it protects.",1970-10-16,4.8394,898,8.195,/vPTZwlq1IC4o1DCsEZEl2uGljzm.jpg,/7SUT9mYb7SD88Gz7rFeLbjC2YeG.jpg,it,"[{""id"": 18, ""name"": ""Drama""}, {""id"": 53, ""name"": ""Thriller""}]",111,0,0,"","",Released,tt0065889,"[{""id"": 16968, ""name"": ""Vera Film"", ""logo_path"": null, ""origin_country"": ""IT""}]","[{""name"": ""Italy"", ""iso_3166_1"": ""IT""}]","[{""name"": ""Italiano"", ""iso_639_1"": ""it"", ""english_name"": ""Italian""}]",2026-09-27 09:47:05.635683
1084244,Toy Story 5,"When Bonnie receives a Lilypad tablet as a gift and becomes obsessed, Buzz, Woody, Jessie and the rest of the gang's jobs become exponentially harder when they have to go head to head with the all-new threat to playtime.",2026-06-17,186.2877,2348,8.331,/sfQtVlIHljToOwYjhe21KPGzZWK.jpg,/4D1pdB27uph7J8HQzNf8QvvH9bn.jpg,en,"[{""id"": 16, ""name"": ""Animation""}, {""id"": 10751, ""name"": ""Family""}, {""id"": 35, ""name"": ""Comedy""}, {""id"": 12, ""name"": ""Adventure""}]",102,250000000,1136476240,https://movies.disney.com/toy-story-5,It's on.,Released,tt29355505,"[{""id"": 3, ""name"": ""Pixar"", ""logo_path"": ""/1TjvGVDMYsj6JBxOAkUHpPEwLf7.png"", ""origin_country"": ""US""}]","[{""name"": ""United States of America"", ""iso_3166_1"": ""US""}]","[{""name"": ""English"", ""iso_639_1"": ""en"", ""english_name"": ""English""}, {""name"": ""Español"", ""iso_639_1"": ""es"", ""english_name"": ""Spanish""}]",2026-09-27 09:47:05.635683
110420,Wolf Children,"After her werewolf lover unexpectedly dies in an accident, a woman must find a way to raise the son and daughter that she had with him. However, their inheritance of their father's traits prove to be a challenge for her.",2012-07-21,8.8504,2544,8.217,/vHMvBkr42Gh3OORcnmfCFfqJ1E.jpg,/oMqgJMCaNIqeJtilc71D4nRqdmt.jpg,ja,"[{""id"": 16, ""name"": ""Animation""}, {""id"": 10751, ""name"": ""Family""}, {""id"": 18, ""name"": ""Drama""}, {""id"": 14, ""name"": ""Fantasy""}]",117,0,55262158,https://gkids.com/films/wolf-children,"One mother, two worlds, endless sacrifice...",Released,tt2140203,"[{""id"": 15662, ""name"": ""Studio Chizu"", ""logo_path"": ""/onTO8FymA6J6puYznAjZDsXvHYf.png"", ""origin_country"": ""JP""}, {""id"": 3464, ""name"": ""Madhouse"", ""logo_path"": ""/9k0nr75nwnNeT2MHerf1OXJN0hj.png"", ""origin_country"": ""JP""}, {""id"": 6755, ""name"": ""Nippon Television Network Corporation"", ""logo_path"": ""/bWiM2iY82B32NGmPCOFatgfekIR.png"", ""origin_country"": ""JP""}, {""id"": 1194, ""name"": ""KADOKAWA Shoten"", ""logo_path"": ""/dwkHaFLgtA7CUNbgKK0wB6bospu.png"", ""origin_country"": ""JP""}, {""id"": 11725, ""name"": ""VAP"", ""logo_path"": ""/3OZxd70DZ1LbVelmZK8mR5FIXxO.png"", ""origin_country"": ""JP""}, {""id"": 14789, ""name"": ""D.N. Dream Partners"", ""logo_path"": ""/dThbJAnUAeQCANrj3kV7RGnLM7R.png"", ""origin_country"": ""JP""}, {""id"": 11727, ""name"": ""Yomiuri Telecasting Corporation"", ""logo_path"": ""/cIMyE9cw1W4kMFGxmC17HKTnVz9.png"", ""origin_country"": ""JP""}, {""id"": 882, ""name"": ""TOHO"", ""logo_path"": ""/fRSWWjquvzcHjACbtF53utZFIll.png"", ""origin_country"": ""JP""}]","[{""name"": ""Japan"", ""iso_3166_1"": ""JP""}]","[{""name"": ""日本語"", ""iso_639_1"": ""ja"", ""english_name"": ""Japanese""}]",2026-09-27 09:47:05.635683
1423191,Resident Evil,"Medical courier Bryan unwittingly finds himself fighting for survival as one fateful, horrifying night collapses around him in chaos.",2026-09-16,430.7983,509,7.318,/i7UyjfPio0VFHB9rBUZSFyhOoM8.jpg,/3icyRAqgakNcQn6aDVz9libFmBA.jpg,en,"[{""id"": 27, ""name"": ""Horror""}, {""id"": 878, ""name"": ""Science Fiction""}, {""id"": 12, ""name"": ""Adventure""}]",95,75000000,133490233,https://residentevil.movie,A new era of evil.,Released,tt35538033,"[{""id"": 47, ""name"": ""Constantin Film"", ""logo_path"": ""/i7Z9ot2o3N5Sa3HrF09kniFs2y8.png"", ""origin_country"": ""DE""}, {""id"": 240675, ""name"": ""Subconscious"", ""logo_path"": ""/qBN0r3EbLfDwANllIHmQtSRTBaP.png"", ""origin_country"": ""US""}, {""id"": 829, ""name"": ""Vertigo Entertainment"", ""logo_path"": ""/iJo9zP5QCKyBsmKSOcvXd6UDNih.png"", ""origin_country"": ""US""}, {""id"": 342, ""name"": ""Davis Films"", ""logo_path"": ""/kZ99mxyNvNgyAFjm7rcl9vfYmU8.png"", ""origin_country"": ""FR""}, {""id"": 5, ""name"": ""Columbia Pictures"", ""logo_path"": ""/71BqEFAF4V3qjjMPCpLuyJFB9A.png"", ""origin_country"": ""US""}, {""id"": 125281, ""name"": ""PlayStation Productions"", ""logo_path"": ""/3hV8pyxzAJgEjiSYVv1WZ0ZYayp.png"", ""origin_country"": ""US""}, {""id"": 559, ""name"": ""TriStar Pictures"", ""logo_path"": ""/eC0bWHVjnjUducyA6YFoEFqnPMC.png"", ""origin_country"": ""US""}]","[{""name"": ""United States of America"", ""iso_3166_1"": ""US""}, {""name"": ""Germany"", ""iso_3166_1"": ""DE""}, {""name"": ""France"", ""iso_3166_1"": ""FR""}]","[{""name"": ""English"", ""iso_639_1"": ""en"", ""english_name"": ""English""}]",2026-09-27 09:47:05.635683
863,Toy Story 2,"Andy heads off to Cowboy Camp, leaving his toys to their own devices. Things shift into high gear when an obsessive toy collector named Al McWhiggen, owner of Al's Toy Barn kidnaps Woody. Andy's toys mount a daring rescue mission, Buzz Lightyear meets his match and Woody has to decide where he and his heart truly belong.",1999-10-30,54.5404,15398,7.623,/4rbcp3ng8n1MKHjpeqW0L7Fnpzz.jpg,/nsfVr4QbbunUrHINN9N7JdVAMTf.jpg,en,"[{""id"": 16, ""name"": ""Animation""}, {""id"": 35, ""name"": ""Comedy""}, {""id"": 10751, ""name"": ""Family""}]",92,90000000,497375404,http://toystory.disney.com/toy-story-2,The toys are back!,Released,tt0120363,"[{""id"": 3, ""name"": ""Pixar"", ""logo_path"": ""/1TjvGVDMYsj6JBxOAkUHpPEwLf7.png"", ""origin_country"": ""US""}]","[{""name"": ""United States of America"", ""iso_3166_1"": ""US""}]","[{""name"": ""English"", ""iso_639_1"": ""en"", ""english_name"": ""English""}]",2026-09-27 09:47:05.635683
857,Saving Private Ryan,"As U.S. troops storm the beaches of Normandy, three brothers lie dead on the battlefield, with a fourth trapped behind enemy lines. Ranger captain John Miller and seven men are tasked with penetrating German-held territory and bringing the boy home.",1998-07-24,31.4455,17823,8.233,/uqx37cS8cpHg8U35f9U5IBlrCV3.jpg,/bdD39MpSVhKjxarTxLSfX6baoMP.jpg,en,"[{""id"": 10752, ""name"": ""War""}, {""id"": 18, ""name"": ""Drama""}, {""id"": 36, ""name"": ""History""}]",169,70000000,481840909,"",The mission is a man.,Released,tt0120815,"[{""id"": 7, ""name"": ""DreamWorks Pictures"", ""logo_path"": ""/zcKhWbxFJ4CohZ9dLBMxmOArTVn.png"", ""origin_country"": ""US""}, {""id"": 4, ""name"": ""Paramount Pictures"", ""logo_path"": ""/jay6WcMgagAklUt7i9Euwj1pzTF.png"", ""origin_country"": ""US""}, {""id"": 56, ""name"": ""Amblin Entertainment"", ""logo_path"": ""/cEaxANEisCqeEoRvODv2dO1I0iI.png"", ""origin_country"": ""US""}, {""id"": 762, ""name"": ""Mutual Film Company"", ""logo_path"": ""/3T7EpKcS13viHu3WzRtQGvi9sTY.png"", ""origin_country"": ""US""}]","[{""name"": ""United States of America"", ""iso_3166_1"": ""US""}]","[{""name"": ""Český"", ""iso_639_1"": ""cs"", ""english_name"": ""Czech""}, {""name"": ""Deutsch"", ""iso_639_1"": ""de"", ""english_name"": ""German""}, {""name"": ""English"", ""iso_639_1"": ""en"", ""english_name"": ""English""}, {""name"": ""Français"", ""iso_639_1"": ""fr"", ""english_name"": ""French""}]",2026-09-27 09:47:05.635683
372058,Your Name.,"High schoolers Mitsuha and Taki are complete strangers living separate lives. But one night, they suddenly switch places. Mitsuha wakes up in Taki’s body, and he in hers. This bizarre occurrence continues to happen randomly, and the two must adjust their lives around each other.",2016-07-01,29.5393,13028,8.488,/vfJFJPepRKapMd5G2ro7klIRysq.jpg,/mMtUybQ6hL24FXo0F3Z4j2KG7kZ.jpg,ja,"[{""id"": 16, ""name"": ""Animation""}, {""id"": 10749, ""name"": ""Romance""}, {""id"": 18, ""name"": ""Drama""}]",106,7500000,407210429,https://gkids.com/films/your-name,"Separated by distance, connected by fate.",Released,tt5311514,"[{""id"": 3756, ""name"": ""CoMix Wave Films"", ""logo_path"": ""/t38uPdbKmyBB8brKKeTFWIwojRz.png"", ""origin_country"": ""JP""}, {""id"": 882, ""name"": ""TOHO"", ""logo_path"": ""/fRSWWjquvzcHjACbtF53utZFIll.png"", ""origin_country"": ""JP""}, {""id"": 2073, ""name"": ""KADOKAWA"", ""logo_path"": ""/tWxRSaKmRJNTcmtlXsmn5R4KOSU.png"", ""origin_country"": ""JP""}, {""id"": 8157, ""name"": ""jeki"", ""logo_path"": ""/pEqcMX1aG3JvtDgfh2wNZJLCcb4.png"", ""origin_country"": ""JP""}, {""id"": 14602, ""name"": ""AMUSE"", ""logo_path"": ""/t9eqx5QCHtu8LxxgYzivqrJAosp.png"", ""origin_country"": ""JP""}, {""id"": 128617, ""name"": ""voque ting"", ""logo_path"": null, ""origin_country"": ""JP""}, {""id"": 104184, ""name"": ""Lawson Entertainment"", ""logo_path"": ""/reEBh8dBl2y1DbXe2EdgxtMtaim.png"", ""origin_country"": ""JP""}]","[{""name"": ""Japan"", ""iso_3166_1"": ""JP""}]","[{""name"": ""日本語"", ""iso_639_1"": ""ja"", ""english_name"": ""Japanese""}]",2026-09-27 09:47:05.635683
1212763,Evil Dead Burn,"After her husband's abrupt death, Alice seeks solace with his remaining family — descendants of a leading researcher on demonic possession. As her in-laws transform one by one into creatures that feed on fear, she comes to discover that the vows she took in life survive even in death.",2026-07-07,54.0697,1595,7.674,/uRxrNXQWkHoENm3nwVOZDYSCx2F.jpg,/o0jkkpcN81QqSl8DMLScBCXyUH9.jpg,en,"[{""id"": 27, ""name"": ""Horror""}]",110,20000000,71491178,https://www.warnerbros.com/movies/evil-dead-burn,Every family has its demons.,Released,tt31170389,"[{""id"": 12, ""name"": ""New Line Cinema"", ""logo_path"": ""/2ycs64eqV5rqKYHyQK0GVoKGvfX.png"", ""origin_country"": ""US""}, {""id"": 3287, ""name"": ""Screen Gems"", ""logo_path"": ""/bz6GbCQQXGNE56LTW9dwgksW0Iw.png"", ""origin_country"": ""US""}, {""id"": 768, ""name"": ""Ghost House Pictures"", ""logo_path"": ""/mh0PD5vYwRIL5FoN9vgF2ULokSV.png"", ""origin_country"": ""US""}]","[{""name"": ""United States of America"", ""iso_3166_1"": ""US""}]","[{""name"": ""English"", ""iso_639_1"": ""en"", ""english_name"": ""English""}, {""name"": ""Français"", ""iso_639_1"": ""fr"", ""english_name"": ""French""}]",2026-09-27 09:47:05.635683
860508,The Whisper Man,"When his young son vanishes, a widower enlists help from his estranged father, a retired detective who put away the serial killer now linked to the case.",2026-08-27,50.69,799,6.87,/ndRs5lADYm0PeVjuOxaMcInY0o2.jpg,/uauoVKKCkNA9iWjgJCL8TdSfLf5.jpg,en,"[{""id"": 80, ""name"": ""Crime""}, {""id"": 18, ""name"": ""Drama""}, {""id"": 53, ""name"": ""Thriller""}]",111,50000000,0,https://www.netflix.com/title/81278442,"If you leave a door half open, soon you'll hear the whispers spoken.",Released,tt11561116,"[{""id"": 106544, ""name"": ""AGBO"", ""logo_path"": ""/psd84iF7PTGrKf4yFOStKj8JbAh.png"", ""origin_country"": ""US""}]","[{""name"": ""United States of America"", ""iso_3166_1"": ""US""}]","[{""name"": ""English"", ""iso_639_1"": ""en"", ""english_name"": ""English""}]",2026-09-27 09:47:05.635683
346,Seven Samurai,"A samurai answers a village's request for protection after he falls on hard times. The town needs protection from bandits, so the samurai gathers six others to help him teach the people how to defend themselves, and the villagers provide the soldiers with food.",1954-04-26,16.4183,4382,8.452,/lOMGc8bnSwQhS4XyE1S99uH8NXf.jpg,/qvZ91FwMq6O47VViAr8vZNQz3WI.jpg,ja,"[{""id"": 28, ""name"": ""Action""}, {""id"": 18, ""name"": ""Drama""}]",207,2000000,105000000,"",Unmatched for suspense and spectacle!,Released,tt0047478,"[{""id"": 882, ""name"": ""TOHO"", ""logo_path"": ""/fRSWWjquvzcHjACbtF53utZFIll.png"", ""origin_country"": ""JP""}]","[{""name"": ""Japan"", ""iso_3166_1"": ""JP""}]","[{""name"": ""日本語"", ""iso_639_1"": ""ja"", ""english_name"": ""Japanese""}]",2026-09-27 09:47:05.635683
50014,The Help,"Aibileen Clark is a middle-aged African-American maid who has spent her life raising white children and has recently lost her only son; Minny Jackson is an African-American maid who has often offended her employers despite her family's struggles with money and her desperate need for jobs; and Eugenia ""Skeeter"" Phelan is a young white woman who has recently moved back home after graduating college to find out her childhood maid has mysteriously disappeared. These three stories intertwine to explain how life in Jackson, Mississippi revolves around ""the help""; yet they are always kept at a certain distance because of racial lines.",2011-08-09,18.2081,9290,8.206,/3kmfoWWEc9Vtyuaf9v5VipRgdjx.jpg,/wyvUmyzqGOBDyqLHRSukGDjI7bH.jpg,en,"[{""id"": 18, ""name"": ""Drama""}]",146,25000000,216600000,"",Change begins with a whisper.,Released,tt1454029,"[{""id"": 436, ""name"": ""1492 Pictures"", ""logo_path"": ""/A7WCkG3F0NFvjGCwUnclpGdIu9E.png"", ""origin_country"": ""US""}, {""id"": 95966, ""name"": ""Harbinger Pictures"", ""logo_path"": null, ""origin_country"": ""US""}]","[{""name"": ""United States of America"", ""iso_3166_1"": ""US""}]","[{""name"": ""English"", ""iso_639_1"": ""en"", ""english_name"": ""English""}]",2026-09-27 09:47:05.635683
1193824,Rabbit Trap,"When a musician and her husband move to a remote house in Wales, the music they make disturbs local ancient folk magic, bringing a nameless child to their door who is intent on infiltrating their lives.",2025-09-12,57.8042,44,5.807,/sKnwnnmBpjo9BEskHtja6ToXUV1.jpg,/xkKDKUHQKgjgGuyzFihKoWQIvK0.jpg,en,"[{""id"": 53, ""name"": ""Thriller""}, {""id"": 27, ""name"": ""Horror""}, {""id"": 9648, ""name"": ""Mystery""}, {""id"": 14, ""name"": ""Fantasy""}]",88,0,32817,http://rabbittrapfilm.com,Let them in.,Released,tt29567402,"[{""id"": 34519, ""name"": ""SpectreVision"", ""logo_path"": ""/MGFizEilC4bv5aDeF8YfEyjDVG.png"", ""origin_country"": ""US""}, {""id"": 52855, ""name"": ""Mad as Birds"", ""logo_path"": ""/9BWTbwgruGMPcVvwCCDjqctdCTA.png"", ""origin_country"": ""GB""}, {""id"": 144803, ""name"": ""Align"", ""logo_path"": ""/yXwiJ1poBK106mUDBLNfIWcaeQg.png"", ""origin_country"": ""US""}, {""id"": 61922, ""name"": ""Bankside Films"", ""logo_path"": ""/aGPysvtFfH8d8UjekpZD3GT9m7k.png"", ""origin_country"": ""GB""}, {""id"": 249480, ""name"": ""Wiser Films"", ""logo_path"": null, ""origin_country"": ""US""}, {""id"": 171436, ""name"": ""Carte Blanche"", ""logo_path"": ""/2PCuIrmhOMX9eGpxs8PQWjxfU3s.png"", ""origin_country"": ""US""}]","[{""name"": ""United States of America"", ""iso_3166_1"": ""US""}, {""name"": ""United Kingdom"", ""iso_3166_1"": ""GB""}]","[{""name"": ""English"", ""iso_639_1"": ""en"", ""english_name"": ""English""}]",2026-09-27 09:47:05.635683
1440098,Drawn Together,"Marfil, daughter of a powerful Spanish businessman, sees her life in New York turned upside down when she is kidnapped and released without explanation. Her father hires Sebastian Moore as bodyguard and, forced to spend every minute together, an inevitable attraction ignites in a world where nothing is as it seems.",2026-09-09,128.6709,124,6.6,/6rpvddXbaQPOi0fB2HKWbZ3uUSg.jpg,/i65y7cMae36K0giN0GRaMjAHUru.jpg,es,"[{""id"": 10749, ""name"": ""Romance""}, {""id"": 53, ""name"": ""Thriller""}]",104,0,0,https://www.amazon.com/gp/video/detail/B0HCHRRR3G,"",Released,tt36073210,"[{""id"": 32485, ""name"": ""Pokeepsie Films"", ""logo_path"": ""/fVXreZkiJTOq1cCi6htSQlPSy7R.png"", ""origin_country"": ""ES""}]","[{""name"": ""Spain"", ""iso_3166_1"": ""ES""}]","[{""name"": ""Español"", ""iso_639_1"": ""es"", ""english_name"": ""Spanish""}]",2026-09-27 09:47:05.635683
1891,The Empire Strikes Back,"The epic saga continues as Luke Skywalker, in hopes of defeating the evil Galactic Empire, learns the ways of the Jedi from aging master Yoda. But Darth Vader is more determined than ever to capture Luke. Meanwhile, rebel leader Princess Leia, cocky Han Solo, Chewbacca, and droids C-3PO and R2-D2 are thrown into various stages of capture, betrayal and despair.",1980-05-20,18.2861,18891,8.393,/nNAeTmF4CtdSgMDplXTDPOpYzsX.jpg,/k9pshruhCpJAdH9RaGJO6jaWQ4X.jpg,en,"[{""id"": 12, ""name"": ""Adventure""}, {""id"": 28, ""name"": ""Action""}, {""id"": 878, ""name"": ""Science Fiction""}]",124,18000000,538400000,http://www.starwars.com/films/star-wars-episode-v-the-empire-strikes-back,The Star Wars saga continues.,Released,tt0080684,"[{""id"": 1, ""name"": ""Lucasfilm Ltd."", ""logo_path"": ""/tlVSws0RvvtPBwViUyOFAO0vcQS.png"", ""origin_country"": ""US""}]","[{""name"": ""United States of America"", ""iso_3166_1"": ""US""}]","[{""name"": ""English"", ""iso_639_1"": ""en"", ""english_name"": ""English""}]",2026-09-27 09:47:05.635683
820067,The Quintessential Quintuplets Movie,"When five lovely young girls who hate studying hire part-time tutor Futaro, he guides not only their education but also their hearts. Time spent has brought them all closer, with feelings growing within the girls and Futaro. As they finish their third year of high school and their last school festival approaches, they set their sights on what’s next. Is there a future with one of them and Futaro?",2022-05-20,7.5815,457,8.29,/sg7klpt1xwK1IJirBI9EHaqQwJ5.jpg,/gcgKSyE2iqwfKWMDZ8TJPxeIu0P.jpg,ja,"[{""id"": 16, ""name"": ""Animation""}, {""id"": 35, ""name"": ""Comedy""}, {""id"": 10749, ""name"": ""Romance""}]",136,0,3670507,https://www.thequintessentialquintuplets-movie.com,"",Released,tt15721650,"[{""id"": 9148, ""name"": ""Pony Canyon"", ""logo_path"": ""/rtW3NadfF4kR5mTW00ahiFxw6k7.png"", ""origin_country"": ""JP""}, {""id"": 157471, ""name"": ""Nichion"", ""logo_path"": ""/sWoNzrlMtRH8p3zKayLfOaTNmiG.png"", ""origin_country"": ""JP""}, {""id"": 118286, ""name"": ""Bibury Animation Studios"", ""logo_path"": ""/uANGoTEOifjrGSQd4IxoV89PJjl.png"", ""origin_country"": ""JP""}, {""id"": 118502, ""name"": ""BS11"", ""logo_path"": ""/JQ5bx6n7Qmdmyqz6sqjo5Fz2iR.png"", ""origin_country"": ""JP""}, {""id"": 41861, ""name"": ""GYAO"", ""logo_path"": ""/iQ9Av0fDGKDUInp4I5czxhz5fVj.png"", ""origin_country"": ""JP""}, {""id"": 59118, ""name"": ""Kodansha"", ""logo_path"": ""/9nTCEBgGaaI5swkv8gy2vny0Mb5.png"", ""origin_country"": ""JP""}, {""id"": 187769, ""name"": ""Good Smile Film"", ""logo_path"": ""/hBhVw60TAa5qAT1pNELq1HjpZQ9.png"", ""origin_country"": ""JP""}, {""id"": 42196, ""name"": ""Bushiroad"", ""logo_path"": ""/nQNmHvcmaT0zk1Rf0TYtLYO5MpI.png"", ""origin_country"": ""JP""}, {""id"": 187770, ""name"": ""MAGNET"", ""logo_path"": ""/wrBqL7qMHPOBheZRTlA0Jpz0POF.png"", ""origin_country"": ""JP""}, {""id"": 1393, ""name"": ""TBS"", ""logo_path"": ""/lUACMATs6jcscXIrzNCQzbvNVN5.png"", ""origin_country"": ""JP""}]","[{""name"": ""Japan"", ""iso_3166_1"": ""JP""}]","[{""name"": ""日本語"", ""iso_639_1"": ""ja"", ""english_name"": ""Japanese""}]",2026-09-27 09:47:05.635683
1330021,Remarkably Bright Creatures,"Through unlikely bonds formed during night shifts at a local aquarium, Tova, an elderly widow, learns of a life-changing discovery that may bring her joy and wonder once again.",2026-05-07,16.7687,928,8.4,/9HcEqn3D4J6b2Z0jK54id9nA0fr.jpg,/bVGHSe47W6oCQL1Q88pvRAet51A.jpg,en,"[{""id"": 18, ""name"": ""Drama""}, {""id"": 9648, ""name"": ""Mystery""}]",114,0,0,https://www.netflix.com/title/81911351,Brighter together.,Released,tt33100314,"[{""id"": 10039, ""name"": ""Anonymous Content"", ""logo_path"": ""/b8w4LldQolMKiLZw4FQJBcXSDGI.png"", ""origin_country"": ""US""}, {""id"": 256258, ""name"": ""Night Owl Stories"", ""logo_path"": null, ""origin_country"": ""US""}]","[{""name"": ""United States of America"", ""iso_3166_1"": ""US""}]","[{""name"": ""English"", ""iso_639_1"": ""en"", ""english_name"": ""English""}]",2026-09-27 09:47:05.635683
438631,Dune,"Paul Atreides, a brilliant and gifted young man born into a great destiny beyond his understanding, must travel to the most dangerous planet in the universe to ensure the future of his family and his people. As malevolent forces explode into conflict over the planet's exclusive supply of the most precious resource in existence - a commodity capable of unlocking humanity's greatest potential - only those who can conquer their fear will survive.",2021-09-15,45.0375,15598,7.8,/v1tRXZ4JtD2Iv6fjkPvT4GiwslV.jpg,/zRKQW58MBEY078AxkHxEJzUskCl.jpg,en,"[{""id"": 878, ""name"": ""Science Fiction""}, {""id"": 12, ""name"": ""Adventure""}]",155,165000000,410668500,https://www.warnerbros.com/movies/dune,It begins.,Released,tt1160419,"[{""id"": 923, ""name"": ""Legendary Pictures"", ""logo_path"": ""/5UQsZrfbfG2dYJbx8DxfoTr2Bvu.png"", ""origin_country"": ""US""}]","[{""name"": ""United States of America"", ""iso_3166_1"": ""US""}]","[{""name"": ""English"", ""iso_639_1"": ""en"", ""english_name"": ""English""}]",2026-09-27 09:47:05.635683
813418,Hot Spot,"Set in a near future society ruled by sentient A.I., a private eye investigates a murder case only to discover a rebel group capable of undermining the digital overlord. As the detective's identity slowly unravels, his world enters a state of hypnotic meltdown.",2026-08-21,65.3855,28,4.821,/42egzT6e4CIEdrEo4Xc31DKyGjA.jpg,/aRsmRuomE4vIGNUPIGLrp9ojM5a.jpg,en,"[{""id"": 878, ""name"": ""Science Fiction""}, {""id"": 28, ""name"": ""Action""}, {""id"": 80, ""name"": ""Crime""}, {""id"": 14, ""name"": ""Fantasy""}, {""id"": 53, ""name"": ""Thriller""}]",101,6000000,256350,https://www.focusfeatures.com/hot-spot,The system is unstable.,Released,tt14119302,"[{""id"": 86773, ""name"": ""Madants"", ""logo_path"": ""/lbjAsmIuOcIEFJG2WRSz1NUAXvi.png"", ""origin_country"": ""PL""}, {""id"": 86772, ""name"": ""Neda Film"", ""logo_path"": ""/zaRXAxVMdactH2HLKegbmm7FdOx.png"", ""origin_country"": ""GR""}, {""id"": 2801, ""name"": ""Film i Väst"", ""logo_path"": ""/bswb1PLLsKDUXMLgy42bZtCtIde.png"", ""origin_country"": ""SE""}, {""id"": 8288, ""name"": ""Zentropa International Sweden"", ""logo_path"": ""/5THcBZP0ad7hXPjtPTxld5sVJQp.png"", ""origin_country"": ""SE""}]","[{""name"": ""Poland"", ""iso_3166_1"": ""PL""}, {""name"": ""Greece"", ""iso_3166_1"": ""GR""}, {""name"": ""Sweden"", ""iso_3166_1"": ""SE""}]","[{""name"": ""English"", ""iso_639_1"": ""en"", ""english_name"": ""English""}, {""name"": ""Français"", ""iso_639_1"": ""fr"", ""english_name"": ""French""}, {""name"": ""Polski"", ""iso_639_1"": ""pl"", ""english_name"": ""Polish""}]",2026-09-27 09:47:05.635683
24428,The Avengers,"When an unexpected enemy emerges and threatens global safety and security, Nick Fury, director of the international peacekeeping agency known as S.H.I.E.L.D., finds himself in need of a team to pull the world back from the brink of disaster. Spanning the globe, a daring recruitment effort begins!",2012-04-25,68.7592,39843,8.078,/RYMX2wcKCBAr24UyPD7xwmjaTn.jpg,/9BBTo63ANSmhC4e6r62OJFuK2GL.jpg,en,"[{""id"": 878, ""name"": ""Science Fiction""}, {""id"": 28, ""name"": ""Action""}, {""id"": 12, ""name"": ""Adventure""}]",143,220000000,1518815515,https://www.marvel.com/movies/the-avengers,Some assembly required.,Released,tt0848228,"[{""id"": 420, ""name"": ""Marvel Studios"", ""logo_path"": ""/hUzeosd33nzE5MCNsZxCGEKTXaQ.png"", ""origin_country"": ""US""}]","[{""name"": ""United States of America"", ""iso_3166_1"": ""US""}]","[{""name"": ""English"", ""iso_639_1"": ""en"", ""english_name"": ""English""}, {""name"": ""हिन्दी"", ""iso_639_1"": ""hi"", ""english_name"": ""Hindi""}, {""name"": ""Pусский"", ""iso_639_1"": ""ru"", ""english_name"": ""Russian""}]",2026-09-27 09:47:05.635683
1294189,The Mongoose,"A falsely accused war hero with nothing to lose leads police on an epic televised cross-country car chase, helped by members of his former Special Forces Army battalion and closely monitored by a fascinated public rooting for his safe getaway.",2026-10-29,247.078,0,0,/eSS5mvSG84UUuvtbHel5Yu3Wik4.jpg,/iRIhPqqoUHiFBxn8oYf3gCQnaKk.jpg,en,"[{""id"": 28, ""name"": ""Action""}, {""id"": 53, ""name"": ""Thriller""}]",99,0,0,"","",Post Production,tt13611778,"[{""id"": 14589, ""name"": ""Code Entertainment"", ""logo_path"": ""/5WrEKsyGdTfT3T075EukSoIuxSU.png"", ""origin_country"": ""US""}, {""id"": 33768, ""name"": ""The Solution"", ""logo_path"": ""/f8TDXTNoj4G4eRCKlUpG3KYQj9I.png"", ""origin_country"": ""US""}]","[{""name"": ""United States of America"", ""iso_3166_1"": ""US""}]","[{""name"": ""English"", ""iso_639_1"": ""en"", ""english_name"": ""English""}]",2026-09-27 09:47:05.635683
1218925,Chainsaw Man - The Movie: Reze Arc,"In a brutal war between devils, hunters, and secret enemies, a mysterious girl named Reze has stepped into Denji's world, and he faces his deadliest battle yet, fueled by love in a world where survival knows no rules.",2025-09-19,29.7213,1203,8.554,/pHyxb2RV5wLlboAwm9ZJ9qTVEDw.jpg,/gqTz24ZRsCP6AKjARmEivY7m0cK.jpg,ja,"[{""id"": 16, ""name"": ""Animation""}, {""id"": 28, ""name"": ""Action""}, {""id"": 10749, ""name"": ""Romance""}, {""id"": 14, ""name"": ""Fantasy""}]",100,4100000,191400000,https://chainsawman.movie,"Lost Love, Flower, Chainsaw.",Released,tt30472557,"[{""id"": 21444, ""name"": ""MAPPA"", ""logo_path"": ""/wSejGn3lAZdQ5muByxvzigwyDY6.png"", ""origin_country"": ""JP""}]","[{""name"": ""Japan"", ""iso_3166_1"": ""JP""}]","[{""name"": ""日本語"", ""iso_639_1"": ""ja"", ""english_name"": ""Japanese""}]",2026-09-27 09:47:05.635683
1514863,Best of the Best,"Two childhood besties join UCLA's competitive Bollywood-fusion dance team, only to find the road to the US championships is fiercer than they imagined.",2026-09-18,37.137,54,5.269,/9soOjsZ91vtMzypK2F3MC378JI5.jpg,/5m1j7Wibh3HnZq5QHm97v8dI3GH.jpg,en,"[{""id"": 35, ""name"": ""Comedy""}]",112,0,0,https://www.netflix.com/title/81776971,It takes two to take over.,Released,tt16478058,"[{""id"": 183717, ""name"": ""186K Films"", ""logo_path"": null, ""origin_country"": ""US""}, {""id"": 118854, ""name"": ""Rideback"", ""logo_path"": ""/g9LPNlQFoDcHjfnvrEqFmeIaDrZ.png"", ""origin_country"": ""US""}]","[{""name"": ""United States of America"", ""iso_3166_1"": ""US""}]","[{""name"": ""English"", ""iso_639_1"": ""en"", ""english_name"": ""English""}, {""name"": ""हिन्दी"", ""iso_639_1"": ""hi"", ""english_name"": ""Hindi""}]",2026-09-27 09:47:05.635683
1284465,The Death of Robin Hood,"Grappling with his past after a life of crime and murder, Robin Hood finds himself gravely injured after a battle he thought would be his last. In the hands of a mysterious woman, he is offered a chance at salvation.",2026-06-18,72.8337,403,6.506,/13MmRwmG5NmaMfU8qNrtgGXisiD.jpg,/lh3BDkmWJh998n4fQcHYcVi7dpm.jpg,en,"[{""id"": 12, ""name"": ""Adventure""}, {""id"": 18, ""name"": ""Drama""}, {""id"": 28, ""name"": ""Action""}]",123,25000000,3200000,https://a24films.com/films/the-death-of-robin-hood,He was no hero.,Released,tt32273171,"[{""id"": 180839, ""name"": ""Lyrical Media"", ""logo_path"": ""/v2A9SsZdaWpmZdXPf3I7Ajxn1Pc.png"", ""origin_country"": ""US""}, {""id"": 172841, ""name"": ""Ryder Picture Company"", ""logo_path"": ""/MKTZVUIIWMjwpF58tGtAx8UXFs.png"", ""origin_country"": ""US""}]","[{""name"": ""United States of America"", ""iso_3166_1"": ""US""}]","[{""name"": ""English"", ""iso_639_1"": ""en"", ""english_name"": ""English""}]",2026-09-27 09:47:05.635683
92060,Michael Jackson's Thriller,"A night at the movies turns terrifying when Michael and his date are attacked by zombies. Released at the height of Thriller’s success, the short film redefined the music video, broke racial barriers, and became the first inducted into the U.S. National Film Registry.",1983-11-21,6.1427,803,8.25,/djv4LM6uanJriwpsOyJzaaSp4gf.jpg,/aVefEnQsfNPUrgsuMszTDt165P0.jpg,en,"[{""id"": 27, ""name"": ""Horror""}, {""id"": 10402, ""name"": ""Music""}, {""id"": 53, ""name"": ""Thriller""}]",14,500000,76000000,"","",Released,tt0088263,"[{""id"": 19222, ""name"": ""Optimum Productions"", ""logo_path"": ""/aQrYO4ziZbm24huYBahFKG4TfrJ.png"", ""origin_country"": ""US""}]","[{""name"": ""United States of America"", ""iso_3166_1"": ""US""}]","[{""name"": ""English"", ""iso_639_1"": ""en"", ""english_name"": ""English""}]",2026-09-27 09:47:05.635683
1302904,Practical Magic 2,The Owens sisters must confront the dark curse that threatens to unravel their family once and for all.,2026-09-09,53.217,87,6.218,/ogwQOLbCfncjvBhFb5l0OmQH8KC.jpg,/wE6syT1vv6W24iLGfhR4kQHnIDN.jpg,en,"[{""id"": 10749, ""name"": ""Romance""}, {""id"": 14, ""name"": ""Fantasy""}, {""id"": 35, ""name"": ""Comedy""}]",130,75000000,46000000,https://www.practicalmagicmovie.com,Everything you've witched for.,Released,tt32588798,"[{""id"": 813, ""name"": ""Di Novi Pictures"", ""logo_path"": ""/xz25F3NFQOQJCH47VscbrcI10Om.png"", ""origin_country"": ""US""}, {""id"": 174, ""name"": ""Warner Bros. Pictures"", ""logo_path"": ""/zhD3hhtKB5qyv7ZeL4uLpNxgMVU.png"", ""origin_country"": ""US""}, {""id"": 32537, ""name"": ""Blossom Films"", ""logo_path"": ""/7fUmRWUJgO4grf61sPMmc4kVYVR.png"", ""origin_country"": ""US""}, {""id"": 4258, ""name"": ""Fortis Films"", ""logo_path"": ""/2AAcFwLxc1yble95qTSi6QfxKRa.png"", ""origin_country"": ""US""}, {""id"": 216687, ""name"": ""Domain Entertainment"", ""logo_path"": ""/kKVYqekveOvLK1IgqdJojLjQvtu.png"", ""origin_country"": ""US""}, {""id"": 1088, ""name"": ""Alcon Entertainment"", ""logo_path"": ""/9WOE5AQUXbOtLU6GTwfjS8OMF0v.png"", ""origin_country"": ""US""}]","[{""name"": ""United States of America"", ""iso_3166_1"": ""US""}]","[{""name"": ""English"", ""iso_639_1"": ""en"", ""english_name"": ""English""}]",2026-09-27 09:47:05.635683
1685882,Modha Rathri,"Two strangers are brought together at an unusual wedding where, in one night, too many surprises unfold and several lies are told, spiraling into chaos that changes everything.",2026-08-21,57.7926,8,7.625,/lZiTSLDLIkW9YS6CWo8uaXZMcO6.jpg,/8Lq3f68f4WZpQrihDooNink8xJ7.jpg,ta,"[{""id"": 10749, ""name"": ""Romance""}, {""id"": 35, ""name"": ""Comedy""}]",141,0,0,"","",Released,tt42262473,"[{""id"": 69125, ""name"": ""Mythri Movie Makers"", ""logo_path"": ""/7kRvsVRhT76VTbhGLgJ2CrTgdpa.png"", ""origin_country"": ""IN""}]","[{""name"": ""India"", ""iso_3166_1"": ""IN""}]","[{""name"": ""தமிழ்"", ""iso_639_1"": ""ta"", ""english_name"": ""Tamil""}]",2026-09-27 09:47:05.635683
1288059,I Want Your Sex,"When a naive young man becomes the sexual muse for a renowned and provocative artist, his dream job quickly turns dangerous as he is drawn into an obsessive world of power, betrayal, and murder.",2026-07-29,39.1828,87,6.1,/pR7SIX3AwqdoD96OI44oLG98e7g.jpg,/gQsjbxdjJUam7buy4U2TpVTiGSO.jpg,en,"[{""id"": 35, ""name"": ""Comedy""}]",90,10000000,2000000,https://www.magpictures.com/iwantyoursex,"Don't worry, you'll like it.",Released,tt32332915,"[{""id"": 22146, ""name"": ""Black Bear Pictures"", ""logo_path"": ""/v37N1mFeXNQfvPankg3feBhVvM7.png"", ""origin_country"": ""US""}, {""id"": 1474, ""name"": ""Desperate Pictures"", ""logo_path"": ""/yF64sClfGa10XBWHqbSHZsMBG8d.png"", ""origin_country"": ""US""}]","[{""name"": ""United States of America"", ""iso_3166_1"": ""US""}]","[{""name"": ""English"", ""iso_639_1"": ""en"", ""english_name"": ""English""}]",2026-09-27 09:47:05.635683
822653,Puella Magi Madoka Magica the Movie -Walpurgisnacht: Rising-,"After the events of Rebellion, the world appears to be in balance—but that peace is fragile. As a new threat connected to Walpurgisnacht emerges, Homura Akemi is forced to face the consequences of her choices and question how far she is willing to go to protect Madoka.",2026-08-28,28.776,2,9,/g4kCd4rMuN7G3VQQDUT6mLbrBqQ.jpg,/xzm3RfWh932rS28WErNC3u8qzVm.jpg,ja,"[{""id"": 16, ""name"": ""Animation""}, {""id"": 18, ""name"": ""Drama""}, {""id"": 9648, ""name"": ""Mystery""}, {""id"": 14, ""name"": ""Fantasy""}]",120,0,11850000,https://madokamagicausa.com/,The world will not exonerate her.,Released,tt14523706,"[{""id"": 6689, ""name"": ""SHAFT"", ""logo_path"": ""/l96PFbGQ8kUs030SrkYdK4LQklE.png"", ""origin_country"": ""JP""}, {""id"": 2883, ""name"": ""Aniplex"", ""logo_path"": ""/rDYExnBV61jGQnkhVVrPN4Yl7O1.png"", ""origin_country"": ""JP""}]","[{""name"": ""Japan"", ""iso_3166_1"": ""JP""}]","[{""name"": ""日本語"", ""iso_639_1"": ""ja"", ""english_name"": ""Japanese""}]",2026-09-27 09:47:05.635683
61823,The Ape Woman,A modest Neapolitan man meets a young woman with excessive hairiness. He exhibits her at fairs and marries her. It is after marriage that he receives a tempting offer from a French manager.,1964-01-31,38.6732,64,7.258,/38avfcyrLqAzWE19jIpTnoQATZD.jpg,/guDyp7hs2Klr31E6A4agyvThAOy.jpg,it,"[{""id"": 18, ""name"": ""Drama""}, {""id"": 35, ""name"": ""Comedy""}]",92,0,0,"","",Released,tt0057006,"[{""id"": 1714, ""name"": ""Les Films Concordia"", ""logo_path"": null, ""origin_country"": ""FR""}, {""id"": 10000, ""name"": ""C. C. Champion"", ""logo_path"": null, ""origin_country"": ""IT""}, {""id"": 512, ""name"": ""Cocinor"", ""logo_path"": null, ""origin_country"": ""FR""}, {""id"": 2260, ""name"": ""Les Films Marceau"", ""logo_path"": null, ""origin_country"": ""FR""}]","[{""name"": ""France"", ""iso_3166_1"": ""FR""}, {""name"": ""Italy"", ""iso_3166_1"": ""IT""}]","[{""name"": ""Italiano"", ""iso_639_1"": ""it"", ""english_name"": ""Italian""}, {""name"": ""Français"", ""iso_639_1"": ""fr"", ""english_name"": ""French""}]",2026-09-27 09:47:05.635683
20352,Despicable Me,"Determined to prove he's the world's greatest supervillain, Gru hatches an audacious plan to steal the Moon. To pull it off, he adopts three orphaned girls—Margo, Edith, and Agnes—intending to use them as pawns in his scheme. But the unexpected bond they form forces him to question the criminal life he's always known.",2010-07-08,60.5365,16413,7.262,/b1BT309QWjtFUlJPLmXmrcHOWEL.jpg,/2XSeKDmIa2KxaiJy4J9e8FrIZhk.jpg,en,"[{""id"": 16, ""name"": ""Animation""}, {""id"": 35, ""name"": ""Comedy""}, {""id"": 80, ""name"": ""Crime""}, {""id"": 878, ""name"": ""Science Fiction""}, {""id"": 10751, ""name"": ""Family""}]",95,69000000,543284256,http://www.despicable.me/,Superbad. Superdad.,Released,tt1323594,"[{""id"": 6704, ""name"": ""Illumination"", ""logo_path"": ""/fOG2oY4m1YuYTQh4bMqqZkmgOAI.png"", ""origin_country"": ""US""}, {""id"": 33, ""name"": ""Universal Pictures"", ""logo_path"": ""/8lvHyhjr8oUKOOy2dKXoALWKdp0.png"", ""origin_country"": ""US""}]","[{""name"": ""United States of America"", ""iso_3166_1"": ""US""}]","[{""name"": ""English"", ""iso_639_1"": ""en"", ""english_name"": ""English""}]",2026-09-27 09:47:05.635683
1058694,Radical,"In a Mexican border town plagued by neglect, corruption, and violence, a frustrated teacher tries an unorthodox new method to break through his students’ apathy and unlock their curiosity, their potential... and perhaps even their genius.",2023-10-19,5.7833,515,8.337,/lOAJYpX608aT0ApIv63ZTnol27Y.jpg,/gutU32BiBxJvJdzLv5RWC9hQhNh.jpg,es,"[{""id"": 18, ""name"": ""Drama""}]",125,10000000,21761164,https://www.radical.movie,Think for yourself.,Released,tt14570440,"[{""id"": 105116, ""name"": ""3Pas Studios"", ""logo_path"": ""/rVDFo9kaSYnMlFjoSz6y4nV5RPH.png"", ""origin_country"": ""US""}, {""id"": 173035, ""name"": ""Epic"", ""logo_path"": ""/rtPDBUBR4mGMTGW94SLGvozwrqV.png"", ""origin_country"": ""US""}, {""id"": 79714, ""name"": ""The Lift"", ""logo_path"": ""/dQfYJjl4wb9RYcD017WPNDbUSnd.png"", ""origin_country"": ""MX""}, {""id"": 210842, ""name"": ""ViX"", ""logo_path"": ""/osAelnShU5bBUCd2Od0L6ExSuv4.png"", ""origin_country"": ""US""}]","[{""name"": ""Mexico"", ""iso_3166_1"": ""MX""}, {""name"": ""United States of America"", ""iso_3166_1"": ""US""}]","[{""name"": ""Español"", ""iso_639_1"": ""es"", ""english_name"": ""Spanish""}]",2026-09-27 09:47:05.635683
644479,Dedicated to my ex,"The film tells the story of Ariel, a 21-year-old who decides to form a rock band to compete for a prize of ten thousand dollars in a musical band contest, this as a last option when trying to get money to save their relationship and reunite with his ex-girlfriend, which breaks due to the trip she must make to Finland for an internship. Ariel with her friend Ortega, decides to make a casting to find the other members of the band, although they do not know nothing about music, thus forming a band with members that have diverse and opposite personalities.",2019-11-01,4.1917,514,8.3,/xc4bTXVwYNXi10jG9dwcaYt5IpU.jpg,/1fOsyhVz5qyX2rl1qqX6KImVhTx.jpg,es,"[{""id"": 18, ""name"": ""Drama""}, {""id"": 35, ""name"": ""Comedy""}]",94,0,1315376,"","",Released,tt5869370,"[{""id"": 78456, ""name"": ""Touché Films"", ""logo_path"": null, ""origin_country"": """"}, {""id"": 7062, ""name"": ""Dynamo"", ""logo_path"": ""/lyjwhVUoPpfBy87TbPpoMTsULHx.png"", ""origin_country"": ""CO""}]","[{""name"": ""Colombia"", ""iso_3166_1"": ""CO""}, {""name"": ""Ecuador"", ""iso_3166_1"": ""EC""}, {""name"": ""United States of America"", ""iso_3166_1"": ""US""}]","[{""name"": ""Español"", ""iso_639_1"": ""es"", ""english_name"": ""Spanish""}]",2026-09-27 09:47:05.635683
447362,Life in a Year,"A 17 year old finds out that his girlfriend is dying, so he sets out to give her an entire life, in the last year she has left.",2020-11-27,8.9743,2010,8.226,/bP7u19opmHXYeTCUwGjlLldmUMc.jpg,/u6aGN71Hx39iX8Uv4ILRRKHmAXc.jpg,en,"[{""id"": 18, ""name"": ""Drama""}, {""id"": 10749, ""name"": ""Romance""}]",107,0,0,"","",Released,tt6598238,"[{""id"": 5, ""name"": ""Columbia Pictures"", ""logo_path"": ""/71BqEFAF4V3qjjMPCpLuyJFB9A.png"", ""origin_country"": ""US""}, {""id"": 907, ""name"": ""Overbrook Entertainment"", ""logo_path"": ""/ca5SWI5uvU985f8Kbb4xc8AmVWH.png"", ""origin_country"": ""US""}]","[{""name"": ""United States of America"", ""iso_3166_1"": ""US""}]","[{""name"": ""English"", ""iso_639_1"": ""en"", ""english_name"": ""English""}]",2026-09-27 09:47:05.635683
1275779,Disclosure Day,"A cybersecurity expert becomes a whistleblower after uncovering secrets about aliens, putting him on the run from a corporation. Meanwhile, a meteorologist experiencing strange phenomena joins forces with him to prove there's life beyond our understanding.",2026-06-10,84.1578,3451,7.5,/AnJ8IQJI23hNpYXVNaythu061Ru.jpg,/flxau5Iu7bChQHsESqvGZ3FQRaI.jpg,en,"[{""id"": 878, ""name"": ""Science Fiction""}, {""id"": 53, ""name"": ""Thriller""}]",146,115000000,241186430,https://www.disclosuredaymovie.com,We deserve to know.,Released,tt15047880,"[{""id"": 33, ""name"": ""Universal Pictures"", ""logo_path"": ""/8lvHyhjr8oUKOOy2dKXoALWKdp0.png"", ""origin_country"": ""US""}, {""id"": 56, ""name"": ""Amblin Entertainment"", ""logo_path"": ""/cEaxANEisCqeEoRvODv2dO1I0iI.png"", ""origin_country"": ""US""}]","[{""name"": ""United States of America"", ""iso_3166_1"": ""US""}]","[{""name"": ""English"", ""iso_639_1"": ""en"", ""english_name"": ""English""}, {""name"": ""Pусский"", ""iso_639_1"": ""ru"", ""english_name"": ""Russian""}, {""name"": ""한국어/조선말"", ""iso_639_1"": ""ko"", ""english_name"": ""Korean""}]",2026-09-27 09:47:05.635683
1481603,Hold the Fort,"A HOA turns out to be more troublesome than usual in this wildly amusing, FX-heavy freak-out about newly minted suburbanites unexpectedly forced to take part in a struggle against monstrous forces.",2025-07-16,58.347,13,6.192,/fnq6itOtvCXRBjwuq96hkYu0pCX.jpg,/2Czzw6qOeYAWhWnFEx8WSmA0E8F.jpg,en,"[{""id"": 27, ""name"": ""Horror""}, {""id"": 35, ""name"": ""Comedy""}]",74,0,0,"",Neighbours from hell... literally.,Released,tt29926644,"[{""id"": 281387, ""name"": ""Blue Finch Films"", ""logo_path"": null, ""origin_country"": """"}]","[{""name"": ""United States of America"", ""iso_3166_1"": ""US""}]","[{""name"": ""English"", ""iso_639_1"": ""en"", ""english_name"": ""English""}]",2026-09-27 09:47:05.635683
1234821,Jurassic World Rebirth,"Five years after the events of Jurassic World Dominion, covert operations expert Zora Bennett is contracted to lead a skilled team on a top-secret mission to secure genetic material from the world's three most massive dinosaurs. When Zora's operation intersects with a civilian family whose boating expedition was capsized, they all find themselves stranded on an island where they come face-to-face with a sinister, shocking discovery that's been hidden from the world for decades.",2025-06-23,52.746,3787,6.258,/1RICxzeoNCAO5NpcRMIgg1XT6fm.jpg,/zNriRTr0kWwyaXPzdg1EIxf0BWk.jpg,en,"[{""id"": 878, ""name"": ""Science Fiction""}, {""id"": 12, ""name"": ""Adventure""}, {""id"": 28, ""name"": ""Action""}]",134,180000000,869146189,https://www.jurassicworld.com,A new era is born.,Released,tt31036941,"[{""id"": 33, ""name"": ""Universal Pictures"", ""logo_path"": ""/8lvHyhjr8oUKOOy2dKXoALWKdp0.png"", ""origin_country"": ""US""}, {""id"": 56, ""name"": ""Amblin Entertainment"", ""logo_path"": ""/cEaxANEisCqeEoRvODv2dO1I0iI.png"", ""origin_country"": ""US""}]","[{""name"": ""United States of America"", ""iso_3166_1"": ""US""}]","[{""name"": ""English"", ""iso_639_1"": ""en"", ""english_name"": ""English""}, {""name"": ""Français"", ""iso_639_1"": ""fr"", ""english_name"": ""French""}]",2026-09-27 09:47:05.635683
1273221,Scary Movie,"Twenty-six years after outrunning a suspiciously familiar masked killer, the Core Four are back in the killer's crosshairs and no horror movie IP is safe.",2026-06-03,52.4836,1945,6.376,/znHT8peERZRWG1ME3r0Db0EV8k8.jpg,/xWBiXclrRmTggQHMRsIn84YHavs.jpg,en,"[{""id"": 35, ""name"": ""Comedy""}]",96,30000000,231886052,https://www.scarymovie.film,Every line will be crossed.,Released,tt32093575,"[{""id"": 1608, ""name"": ""Wayans Bros. Entertainment"", ""logo_path"": null, ""origin_country"": ""US""}, {""id"": 14, ""name"": ""Miramax"", ""logo_path"": ""/m6AHu84oZQxvq7n1rsvMNJIAsMu.png"", ""origin_country"": ""US""}]","[{""name"": ""United States of America"", ""iso_3166_1"": ""US""}]","[{""name"": ""English"", ""iso_639_1"": ""en"", ""english_name"": ""English""}, {""name"": ""한국어/조선말"", ""iso_639_1"": ""ko"", ""english_name"": ""Korean""}, {""name"": ""Português"", ""iso_639_1"": ""pt"", ""english_name"": ""Portuguese""}, {""name"": ""Español"", ""iso_639_1"": ""es"", ""english_name"": ""Spanish""}]",2026-09-27 09:47:05.635683
389,12 Angry Men,"The defense and the prosecution have rested and the jury is filing into the jury room to decide if a young Spanish-American is guilty or innocent of murdering his father. What begins as an open and shut case soon becomes a mini-drama of each of the jurors' prejudices and preconceptions about the trial, the accused, and each other.",1957-04-10,35.295,10405,8.572,/zhG3vKWyDRaZYoaww1UVAi29T9h.jpg,/qqHQsStV6exghCM7zbObuYBiYxw.jpg,en,"[{""id"": 18, ""name"": ""Drama""}]",97,397751,4360000,"",It explodes like 12 sticks of dynamite!,Released,tt0050083,"[{""id"": 10212, ""name"": ""Orion-Nova Productions"", ""logo_path"": null, ""origin_country"": ""US""}]","[{""name"": ""United States of America"", ""iso_3166_1"": ""US""}]","[{""name"": ""English"", ""iso_639_1"": ""en"", ""english_name"": ""English""}]",2026-09-27 09:47:05.635683
8587,The Lion King,"Young lion prince Simba, eager to one day become king of the Pride Lands, grows up under the watchful eye of his father Mufasa; all the while his villainous uncle Scar conspires to take the throne for himself. Amid betrayal and tragedy, Simba must confront his past and find his rightful place in the Circle of Life.",1994-06-15,40.7423,20181,8.251,/sKCr78MXSLixwmZ8DyJLrpMsd15.jpg,/bqFxtuGNsz30HTk5mzgGs8m9Po.jpg,en,"[{""id"": 16, ""name"": ""Animation""}, {""id"": 10751, ""name"": ""Family""}, {""id"": 18, ""name"": ""Drama""}]",89,45000000,763455561,http://movies.disney.com/the-lion-king,The greatest adventure of all is finding our place in the Circle of Life.,Released,tt0110357,"[{""id"": 2, ""name"": ""Walt Disney Pictures"", ""logo_path"": ""/wdrCwmRnLFJhEoH8GSfymY85KHT.png"", ""origin_country"": ""US""}, {""id"": 171656, ""name"": ""Walt Disney Feature Animation"", ""logo_path"": ""/4UBohOtIr9DtxylH48Qsg6aDow6.png"", ""origin_country"": ""US""}]","[{""name"": ""United States of America"", ""iso_3166_1"": ""US""}]","[{""name"": ""English"", ""iso_639_1"": ""en"", ""english_name"": ""English""}]",2026-09-27 09:47:05.635683
693134,Dune: Part Two,"Follow the mythic journey of Paul Atreides as he unites with Chani and the Fremen while on a path of revenge against the conspirators who destroyed his family. Facing a choice between the love of his life and the fate of the known universe, Paul endeavors to prevent a terrible future only he can foresee.",2024-02-27,54.2098,8623,8.137,/6izwz7rsy95ARzTR3poZ8H6c5pp.jpg,/eZ239CUp1d6OryZEBPnO2n87gMG.jpg,en,"[{""id"": 878, ""name"": ""Science Fiction""}, {""id"": 12, ""name"": ""Adventure""}]",167,190000000,714844358,https://www.warnerbros.com/movies/dune-part-two,Long live the fighters.,Released,tt15239678,"[{""id"": 923, ""name"": ""Legendary Pictures"", ""logo_path"": ""/5UQsZrfbfG2dYJbx8DxfoTr2Bvu.png"", ""origin_country"": ""US""}]","[{""name"": ""United States of America"", ""iso_3166_1"": ""US""}]","[{""name"": ""English"", ""iso_639_1"": ""en"", ""english_name"": ""English""}]",2026-09-27 09:47:05.635683
1139087,Once Upon a Studio,"Created for Disney's 100th anniversary, the short features Mickey Mouse corralling a gallery of legendary Disney characters for a group photo.",2023-09-24,8.565,452,8.25,/aiy3G1cYWV3LgKZHY6a3jL8bjYL.jpg,/8KJMOKyl9rpgb9ELEwhfBMIaTHw.jpg,en,"[{""id"": 16, ""name"": ""Animation""}, {""id"": 10751, ""name"": ""Family""}, {""id"": 14, ""name"": ""Fantasy""}, {""id"": 18, ""name"": ""Drama""}, {""id"": 35, ""name"": ""Comedy""}]",9,0,0,https://goojara.day/,100 years of Disney magic comes together.,Released,tt28035641,"[{""id"": 6125, ""name"": ""Walt Disney Animation Studios"", ""logo_path"": ""/8bH86UPmMP8hlITzXV3XgV9eaAc.png"", ""origin_country"": ""US""}, {""id"": 2, ""name"": ""Walt Disney Pictures"", ""logo_path"": ""/wdrCwmRnLFJhEoH8GSfymY85KHT.png"", ""origin_country"": ""US""}]","[{""name"": ""United States of America"", ""iso_3166_1"": ""US""}]","[{""name"": ""English"", ""iso_639_1"": ""en"", ""english_name"": ""English""}]",2026-09-27 09:47:05.635683
914,The Great Dictator,Dictator Adenoid Hynkel tries to expand his empire while a poor Jewish barber tries to avoid persecution from Hynkel's regime.,1940-10-15,11.9207,3815,8.285,/nhMXB8GTdswYMCL9nepDZymJCOr.jpg,/c8Pi8F1FzpNebtgXcSjC9nWCdSW.jpg,en,"[{""id"": 35, ""name"": ""Comedy""}, {""id"": 10752, ""name"": ""War""}]",125,2000000,11000000,"",Once again - the whole world laughs!,Released,tt0032553,"[{""id"": 1315, ""name"": ""Charles Chaplin Productions"", ""logo_path"": null, ""origin_country"": ""US""}]","[{""name"": ""United States of America"", ""iso_3166_1"": ""US""}]","[{""name"": ""English"", ""iso_639_1"": ""en"", ""english_name"": ""English""}, {""name"": ""Esperanto"", ""iso_639_1"": ""eo"", ""english_name"": ""Esperanto""}]",2026-09-27 09:47:05.635683
920,Cars,"Lightning McQueen, a hotshot rookie race car driven to succeed, discovers that life is about the journey, not the finish line, when he finds himself unexpectedly detoured in the sleepy Route 66 town of Radiator Springs. On route across the country to the big Piston Cup Championship in California to compete against two seasoned pros, McQueen gets to know the town's offbeat characters.",2006-06-08,32.5343,15566,7.056,/2Touk3m5gzsqr1VsvxypdyHY5ci.jpg,/sOLgkBKf1gjMRc4yXxM5aciXdfr.jpg,en,"[{""id"": 16, ""name"": ""Animation""}, {""id"": 12, ""name"": ""Adventure""}, {""id"": 35, ""name"": ""Comedy""}, {""id"": 10751, ""name"": ""Family""}]",117,120000000,461983149,http://disney.go.com/disneyvideos/animatedfilms/cars/,Ahhh... it's got that new movie smell.,Released,tt0317219,"[{""id"": 3, ""name"": ""Pixar"", ""logo_path"": ""/1TjvGVDMYsj6JBxOAkUHpPEwLf7.png"", ""origin_country"": ""US""}, {""id"": 2, ""name"": ""Walt Disney Pictures"", ""logo_path"": ""/wdrCwmRnLFJhEoH8GSfymY85KHT.png"", ""origin_country"": ""US""}]","[{""name"": ""United States of America"", ""iso_3166_1"": ""US""}]","[{""name"": ""English"", ""iso_639_1"": ""en"", ""english_name"": ""English""}, {""name"": ""Italiano"", ""iso_639_1"": ""it"", ""english_name"": ""Italian""}, {""name"": ""日本語"", ""iso_639_1"": ""ja"", ""english_name"": ""Japanese""}, {""name"": """", ""iso_639_1"": ""yi"", ""english_name"": ""Yiddish""}]",2026-09-27 09:47:05.635683
10138,Iron Man 2,"With the world now aware of his dual life as the armored superhero Iron Man, billionaire inventor Tony Stark faces pressure from the government, the press and the public to share his technology with the military. Unwilling to let go of his invention, Stark, with Pepper Potts and James 'Rhodey' Rhodes at his side, must forge new alliances – and confront powerful enemies.",2010-04-28,53.7929,22959,6.855,/6WBeq4fCfn7AN0o21W9qNcRF2l9.jpg,/7lmBufEG7P7Y1HClYK3gCxYrkgS.jpg,en,"[{""id"": 12, ""name"": ""Adventure""}, {""id"": 28, ""name"": ""Action""}, {""id"": 878, ""name"": ""Science Fiction""}]",124,200000000,623933331,https://www.marvel.com/movies/iron-man-2,"It's not the armor that makes the hero, but the man inside.",Released,tt1228705,"[{""id"": 420, ""name"": ""Marvel Studios"", ""logo_path"": ""/hUzeosd33nzE5MCNsZxCGEKTXaQ.png"", ""origin_country"": ""US""}, {""id"": 7297, ""name"": ""Fairview Entertainment"", ""logo_path"": ""/l29JYQVZbTcjZXoz4CUYFpKRmM3.png"", ""origin_country"": ""US""}, {""id"": 7505, ""name"": ""Marvel Entertainment"", ""logo_path"": ""/837VMM4wOkODc1idNxGT0KQJlej.png"", ""origin_country"": ""US""}]","[{""name"": ""United States of America"", ""iso_3166_1"": ""US""}]","[{""name"": ""English"", ""iso_639_1"": ""en"", ""english_name"": ""English""}, {""name"": ""Pусский"", ""iso_639_1"": ""ru"", ""english_name"": ""Russian""}, {""name"": ""Français"", ""iso_639_1"": ""fr"", ""english_name"": ""French""}]",2026-09-27 09:47:05.635683
1375646,Colony,"Professor Se-jeong is thrust into a bloody nightmare when a rapidly mutating virus is released during a biotech conference causing authorities to seal the facility. Trapped inside with no escape, Se-jeong along with a small group of survivors must fight to stay alive while the infected undergo horrific transformations.",2026-05-21,220.6362,888,8.057,/tN799oUR0f1gUKDYdMNrDaY7I51.jpg,/hpBGCnzOvdtQoMyE48gvwp2y5yx.jpg,ko,"[{""id"": 28, ""name"": ""Action""}, {""id"": 27, ""name"": ""Horror""}, {""id"": 878, ""name"": ""Science Fiction""}]",123,0,0,https://wellgousa.com/films/colony,Survive the hive.,Released,tt34385135,"[{""id"": 218768, ""name"": ""Wow Point"", ""logo_path"": ""/elTqEtADDWEXpvwvpK6n0d3GiXo.png"", ""origin_country"": ""KR""}, {""id"": 246330, ""name"": ""Smilegate Entertainment"", ""logo_path"": ""/qpCXngTuN5OQmYV4JaWLmJA6sfA.png"", ""origin_country"": ""KR""}, {""id"": 243139, ""name"": ""Midnight Studio"", ""logo_path"": null, ""origin_country"": ""KR""}]","[{""name"": ""South Korea"", ""iso_3166_1"": ""KR""}]","[{""name"": ""한국어/조선말"", ""iso_639_1"": ""ko"", ""english_name"": ""Korean""}]",2026-09-27 09:47:05.635683
475557,Joker,"During the 1980s, a failed stand-up comedian is driven insane and turns to a life of crime and chaos in Gotham City while becoming an infamous psychopathic crime figure.",2019-10-01,58.8385,28380,8.116,/udDclJoHjfjb8Ekgsd4FDteOkCU.jpg,/rlay2M5QYvi6igbGcFjq8jxeusY.jpg,en,"[{""id"": 80, ""name"": ""Crime""}, {""id"": 53, ""name"": ""Thriller""}, {""id"": 18, ""name"": ""Drama""}]",122,55000000,1078958629,http://www.jokermovie.net/,Put on a happy face.,Released,tt7286456,"[{""id"": 174, ""name"": ""Warner Bros. Pictures"", ""logo_path"": ""/zhD3hhtKB5qyv7ZeL4uLpNxgMVU.png"", ""origin_country"": ""US""}, {""id"": 83036, ""name"": ""Joint Effort"", ""logo_path"": null, ""origin_country"": ""US""}, {""id"": 79, ""name"": ""Village Roadshow Pictures"", ""logo_path"": ""/at4uYdwAAgNRKhZuuFX8ShKSybw.png"", ""origin_country"": ""US""}, {""id"": 13240, ""name"": ""Bron Studios"", ""logo_path"": ""/aTc07YaNHo8WNgkQSnvLmG6w4nW.png"", ""origin_country"": ""CA""}, {""id"": 128064, ""name"": ""DC Films"", ""logo_path"": ""/13F3Jf7EFAcREU0xzZqJnVnyGXu.png"", ""origin_country"": ""US""}]","[{""name"": ""Canada"", ""iso_3166_1"": ""CA""}, {""name"": ""United States of America"", ""iso_3166_1"": ""US""}]","[{""name"": ""English"", ""iso_639_1"": ""en"", ""english_name"": ""English""}]",2026-09-27 09:47:05.635683
1228710,The Mandalorian and Grogu,"The evil Empire has fallen, and Imperial warlords remain scattered throughout the galaxy. As the fledgling New Republic works to protect everything the Rebellion fought for, they have enlisted the help of legendary Mandalorian bounty hunter Din Djarin and his young apprentice Grogu.",2026-05-20,80.0038,1729,7.465,/uwMKWjcNID0D9jjplsjkQS2OrB4.jpg,/ysLlsAxwgNSxBWHCgTKJrmjxpRQ.jpg,en,"[{""id"": 28, ""name"": ""Action""}, {""id"": 12, ""name"": ""Adventure""}, {""id"": 878, ""name"": ""Science Fiction""}]",132,165000000,345166617,https://www.starwars.com/films/star-wars-the-mandalorian-and-grogu,"If you're searching for new adventure, ""this is the way.""",Released,tt30825738,"[{""id"": 1, ""name"": ""Lucasfilm Ltd."", ""logo_path"": ""/tlVSws0RvvtPBwViUyOFAO0vcQS.png"", ""origin_country"": ""US""}, {""id"": 7297, ""name"": ""Fairview Entertainment"", ""logo_path"": ""/l29JYQVZbTcjZXoz4CUYFpKRmM3.png"", ""origin_country"": ""US""}]","[{""name"": ""United States of America"", ""iso_3166_1"": ""US""}]","[{""name"": ""English"", ""iso_639_1"": ""en"", ""english_name"": ""English""}, {""name"": ""Aymara"", ""iso_639_1"": ""ay"", ""english_name"": ""Aymara""}]",2026-09-27 09:47:05.635683
423,The Pianist,"The true story of pianist Władysław Szpilman's experiences in Warsaw during the Nazi occupation. When the Jews of the city find themselves forced into a ghetto, Szpilman finds work playing in a café; and when his family is deported in 1942, he stays behind, works for a while as a laborer, and eventually goes into hiding in the ruins of the war-torn city.",2002-09-17,22.6829,10474,8.371,/2hFvxCCWrTmCYwfy7yum0GKRi3Y.jpg,/c0fB9xk7D1aVb3Bg2rk2SVJcGn.jpg,en,"[{""id"": 18, ""name"": ""Drama""}, {""id"": 10752, ""name"": ""War""}]",150,35000000,120098945,"",Music was his passion. Survival was his masterpiece.,Released,tt0253474,"[{""id"": 355, ""name"": ""R.P. Productions"", ""logo_path"": null, ""origin_country"": ""FR""}, {""id"": 260, ""name"": ""Heritage Films"", ""logo_path"": null, ""origin_country"": ""PL""}, {""id"": 264, ""name"": ""Studio Babelsberg"", ""logo_path"": ""/fA90qwUKgPhMONqtwY60GaHRyrW.png"", ""origin_country"": ""DE""}, {""id"": 265, ""name"": ""Runteam"", ""logo_path"": null, ""origin_country"": ""GB""}, {""id"": 694, ""name"": ""StudioCanal"", ""logo_path"": ""/5LEHONGkZBIoWvp1ygHOF8iyi1M.png"", ""origin_country"": ""FR""}]","[{""name"": ""France"", ""iso_3166_1"": ""FR""}, {""name"": ""Germany"", ""iso_3166_1"": ""DE""}, {""name"": ""Poland"", ""iso_3166_1"": ""PL""}, {""name"": ""United Kingdom"", ""iso_3166_1"": ""GB""}]","[{""name"": ""English"", ""iso_639_1"": ""en"", ""english_name"": ""English""}, {""name"": ""Deutsch"", ""iso_639_1"": ""de"", ""english_name"": ""German""}, {""name"": ""Polski"", ""iso_639_1"": ""pl"", ""english_name"": ""Polish""}, {""name"": ""Pусский"", ""iso_639_1"": ""ru"", ""english_name"": ""Russian""}]",2026-09-27 09:47:05.635683
424,Schindler's List,The true story of how businessman Oskar Schindler saved over a thousand Jewish lives from the Nazis while they worked as slaves in his factory during World War II.,1993-12-15,31.1797,17951,8.569,/sF1U4EUQS8YHUYjNl3pMGNIQyr0.jpg,/zb6fM1CX41D9rF9hdgclu0peUmy.jpg,en,"[{""id"": 18, ""name"": ""Drama""}, {""id"": 36, ""name"": ""History""}, {""id"": 10752, ""name"": ""War""}]",195,22000000,321365567,http://www.schindlerslist.com/,"Whoever saves one life, saves the world entire.",Released,tt0108052,"[{""id"": 56, ""name"": ""Amblin Entertainment"", ""logo_path"": ""/cEaxANEisCqeEoRvODv2dO1I0iI.png"", ""origin_country"": ""US""}]","[{""name"": ""United States of America"", ""iso_3166_1"": ""US""}]","[{""name"": ""Deutsch"", ""iso_639_1"": ""de"", ""english_name"": ""German""}, {""name"": ""Polski"", ""iso_639_1"": ""pl"", ""english_name"": ""Polish""}, {""name"": ""עִבְרִית"", ""iso_639_1"": ""he"", ""english_name"": ""Hebrew""}, {""name"": ""English"", ""iso_639_1"": ""en"", ""english_name"": ""English""}]",2026-09-27 09:47:05.635683
126889,Alien: Covenant,"The crew of the colony ship Covenant, bound for a remote planet on the far side of the galaxy, discovers what they think is an uncharted paradise but is actually a dark, dangerous world.",2017-05-09,33.7151,9692,6.189,/zecMELPbU5YMQpC81Z8ImaaXuf9.jpg,/iXXPaQPfQowpQ5UvhsHLj9BgFhe.jpg,en,"[{""id"": 27, ""name"": ""Horror""}, {""id"": 878, ""name"": ""Science Fiction""}]",122,97000000,240891763,https://www.20thcenturystudios.com/movies/alien-covenant,The path to paradise begins in hell.,Released,tt2316204,"[{""id"": 25, ""name"": ""20th Century Fox"", ""logo_path"": ""/nM2MfoMqzJQRiSynsDabOtFKetD.png"", ""origin_country"": ""US""}, {""id"": 401, ""name"": ""Brandywine Productions"", ""logo_path"": ""/t7mM3DvQ9MwDT3YzMCBrkWpWiiz.png"", ""origin_country"": ""US""}, {""id"": 221347, ""name"": ""Scott Free Productions"", ""logo_path"": ""/6Ry6uNBaa0IbbSs1XYIgX5DkA9r.png"", ""origin_country"": ""US""}]","[{""name"": ""United States of America"", ""iso_3166_1"": ""US""}]","[{""name"": ""English"", ""iso_639_1"": ""en"", ""english_name"": ""English""}, {""name"": ""Deutsch"", ""iso_639_1"": ""de"", ""english_name"": ""German""}]",2026-09-27 09:47:05.635683
635302,Demon Slayer -Kimetsu no Yaiba- The Movie: Mugen Train,"Tanjiro Kamado, joined with Inosuke Hashibira, a boy raised by boars who wears a boar's head, and Zenitsu Agatsuma, a scared boy who reveals his true power when he sleeps, boards the Infinity Train on a new mission with the Fire Hashira, Kyojuro Rengoku, to defeat a demon who has been tormenting the people and killing the demon slayers who oppose it!",2020-10-16,16.5858,4691,8.228,/h8Rb9gBr48ODIwYUttZNYeMWeUU.jpg,/qjGrUmKW78MCFG8PTLDBp67S27p.jpg,ja,"[{""id"": 16, ""name"": ""Animation""}, {""id"": 28, ""name"": ""Action""}, {""id"": 14, ""name"": ""Fantasy""}]",117,15700000,523542183,https://demonslayer-anime.com,"With your blade, bring an end to the nightmare.",Released,tt11032374,"[{""id"": 5887, ""name"": ""ufotable"", ""logo_path"": ""/m6FEqz8rQECnmfjEwjNhNAlmhCJ.png"", ""origin_country"": ""JP""}, {""id"": 2883, ""name"": ""Aniplex"", ""logo_path"": ""/rDYExnBV61jGQnkhVVrPN4Yl7O1.png"", ""origin_country"": ""JP""}, {""id"": 2918, ""name"": ""Shueisha"", ""logo_path"": ""/gyEWUBWwqrm3H5T2hkERD9LxpOq.png"", ""origin_country"": ""JP""}, {""id"": 882, ""name"": ""TOHO"", ""logo_path"": ""/fRSWWjquvzcHjACbtF53utZFIll.png"", ""origin_country"": ""JP""}]","[{""name"": ""Japan"", ""iso_3166_1"": ""JP""}]","[{""name"": ""日本語"", ""iso_639_1"": ""ja"", ""english_name"": ""Japanese""}]",2026-09-27 09:47:05.635683
695721,The Hunger Games: The Ballad of Songbirds & Snakes,"64 years before he becomes the tyrannical president of Panem, Coriolanus Snow sees a chance for a change in fortunes when he mentors Lucy Gray Baird, the female tribute from District 12.",2023-11-15,24.4822,3695,6.953,/mBaXZ95R2OxueZhvQbcEWy2DqyO.jpg,/bk1TitfD4YIGrM6AvljonMCtfnl.jpg,en,"[{""id"": 878, ""name"": ""Science Fiction""}, {""id"": 28, ""name"": ""Action""}]",157,100000000,337371917,https://hungergames.movie/,Everyone hungers for something.,Released,tt10545296,"[{""id"": 1632, ""name"": ""Lionsgate"", ""logo_path"": ""/cisLn1YAUuptXVBa0xjq7ST9cH0.png"", ""origin_country"": ""US""}, {""id"": 5420, ""name"": ""Color Force"", ""logo_path"": ""/dlW4Kh5dNieKNURnymsu57y6fMf.png"", ""origin_country"": ""US""}, {""id"": 161357, ""name"": ""about:blank"", ""logo_path"": ""/kQlxsHQKQsDOXmKPZVqEyL827NJ.png"", ""origin_country"": ""US""}, {""id"": 264, ""name"": ""Studio Babelsberg"", ""logo_path"": ""/fA90qwUKgPhMONqtwY60GaHRyrW.png"", ""origin_country"": ""DE""}]","[{""name"": ""Germany"", ""iso_3166_1"": ""DE""}, {""name"": ""United States of America"", ""iso_3166_1"": ""US""}]","[{""name"": ""English"", ""iso_639_1"": ""en"", ""english_name"": ""English""}]",2026-09-27 09:47:05.635683
429,"The Good, the Bad and the Ugly","While the Civil War rages on between the Union and the Confederacy, three men – a quiet loner, a ruthless hitman, and a Mexican bandit – comb the American Southwest in search of a strongbox containing $200,000 in stolen gold.",1966-12-23,28.455,9971,8.468,/bX2xnavhMYjWDoZp1VM6VnU1xwe.jpg,/x4biAVdPVCghBlsVIzB6NmbghIz.jpg,it,"[{""id"": 37, ""name"": ""Western""}]",161,1200000,38900000,"http://www.mgm.com/#/our-titles/766/The-Good,-the-Bad-and-the-Ugly",For three men the Civil War wasn't hell. It was practice.,Released,tt0060196,"[{""id"": 60, ""name"": ""United Artists"", ""logo_path"": ""/4YldLvCWQL9VIAHQ2Fu3Ffkh9Si.png"", ""origin_country"": ""US""}, {""id"": 7508, ""name"": ""PEA"", ""logo_path"": null, ""origin_country"": ""IT""}, {""id"": 42498, ""name"": ""Arturo González PC"", ""logo_path"": null, ""origin_country"": ""ES""}, {""id"": 47, ""name"": ""Constantin Film"", ""logo_path"": ""/i7Z9ot2o3N5Sa3HrF09kniFs2y8.png"", ""origin_country"": ""DE""}]","[{""name"": ""United States of America"", ""iso_3166_1"": ""US""}, {""name"": ""Italy"", ""iso_3166_1"": ""IT""}, {""name"": ""Spain"", ""iso_3166_1"": ""ES""}, {""name"": ""Germany"", ""iso_3166_1"": ""DE""}]","[{""name"": ""Italiano"", ""iso_639_1"": ""it"", ""english_name"": ""Italian""}]",2026-09-27 09:47:05.635683
283566,Evangelion: 3.0+1.0 Thrice Upon a Time,"In the aftermath of the Fourth Impact, stranded without their Evangelions, Shinji, Asuka and Rei find refuge in one of the rare pockets of humanity that still exist on the ruined planet Earth. There, each lives a life far different from their days as an Evangelion pilot. However, the danger to the world is far from over. A new impact is looming on the horizon—one that will prove to be the true end of Evangelion.",2021-03-08,10.4925,999,8.216,/md5wZRRj8biHrGtyitgBZo7674t.jpg,/1EAxNqdkVnp48a7NUuNBHGflowM.jpg,ja,"[{""id"": 16, ""name"": ""Animation""}, {""id"": 28, ""name"": ""Action""}, {""id"": 878, ""name"": ""Science Fiction""}, {""id"": 18, ""name"": ""Drama""}]",155,29700000,93882453,https://www.amazon.com/dp/B098WNZSQ3,"Bye-bye, all of EVANGELION.",Released,tt2458948,"[{""id"": 4145, ""name"": ""khara"", ""logo_path"": ""/aEiJyMKr2CxrAJiIdtN70wXqn.png"", ""origin_country"": ""JP""}]","[{""name"": ""Japan"", ""iso_3166_1"": ""JP""}]","[{""name"": ""日本語"", ""iso_639_1"": ""ja"", ""english_name"": ""Japanese""}]",2026-09-27 09:47:05.635683
101299,The Hunger Games: Catching Fire,"After surviving the Hunger Games, Katniss and Peeta struggle with the consequences of their victory as unrest spreads across Panem. Forced back into the spotlight, they become symbols of hope and resistance while the Capitol prepares a new and deadly challenge that will change the future of the nation forever.",2013-11-15,31.7776,18815,7.424,/vrQHDXjVmbYzadOXQ0UaObunoy2.jpg,/eHaazLxM5LRMh0ySkVy7SK6wUWt.jpg,en,"[{""id"": 12, ""name"": ""Adventure""}, {""id"": 28, ""name"": ""Action""}, {""id"": 878, ""name"": ""Science Fiction""}]",146,130000000,865011746,http://www.thehungergames.movie/,Remember who the enemy is.,Released,tt1951264,"[{""id"": 1632, ""name"": ""Lionsgate"", ""logo_path"": ""/cisLn1YAUuptXVBa0xjq7ST9cH0.png"", ""origin_country"": ""US""}, {""id"": 5420, ""name"": ""Color Force"", ""logo_path"": ""/dlW4Kh5dNieKNURnymsu57y6fMf.png"", ""origin_country"": ""US""}]","[{""name"": ""United States of America"", ""iso_3166_1"": ""US""}]","[{""name"": ""English"", ""iso_639_1"": ""en"", ""english_name"": ""English""}]",2026-09-27 09:47:05.635683
1632181,Accidental Partners,Two women discover they were both scammed by the same man (who also got them pregnant). They form an alliance to take revenge.,2026-03-12,14.9016,389,8.838,/j0CIVzeR7hRAPBPGR54qDZoOQpp.jpg,/iCML6fBe3X0y06P33bM7dyYXPKZ.jpg,es,"[{""id"": 35, ""name"": ""Comedy""}, {""id"": 10749, ""name"": ""Romance""}]",110,0,0,"","",Released,tt40187050,"[{""id"": 7570, ""name"": ""Videocine"", ""logo_path"": ""/gW8dfVtl1JsGIiLnvglea1OHHVr.png"", ""origin_country"": ""MX""}, {""id"": 210842, ""name"": ""ViX"", ""logo_path"": ""/osAelnShU5bBUCd2Od0L6ExSuv4.png"", ""origin_country"": ""US""}, {""id"": 192443, ""name"": ""TelevisaUnivision Mexico"", ""logo_path"": ""/l5JPZK6eFLsrDi41I4Jg5jnnAc4.png"", ""origin_country"": ""MX""}]","[{""name"": ""Mexico"", ""iso_3166_1"": ""MX""}]","[{""name"": ""Español"", ""iso_639_1"": ""es"", ""english_name"": ""Spanish""}]",2026-09-27 09:47:05.635683
1283515,Verity,"Lowen Ashleigh is hired by Jeremy Crawford to ghostwrite novels for his bestselling author wife Verity, who is unable to finish following an accident. Lowen gradually uncovers Verity's disturbing truths while residing at the Crawfords' home to work.",2026-09-30,22.6713,0,0,/e2t7NjahJTgz2PMx2BW4ZRgHR6Z.jpg,/9qxyrJfjk577ym5WD6HCDmunoyO.jpg,en,"[{""id"": 9648, ""name"": ""Mystery""}, {""id"": 53, ""name"": ""Thriller""}]",117,40000000,0,https://www.amazon.com/salp/verity?hhf=,There is no light where we're going.,Released,tt32261958,"[{""id"": 121708, ""name"": ""Eat the Cat"", ""logo_path"": ""/vcryivUnATVk0rpr1TMYSulGt26.png"", ""origin_country"": ""US""}, {""id"": 112037, ""name"": ""Semi-Formal Productions"", ""logo_path"": ""/tEjXfABMQ01K1T6YQienJMe0QRH.png"", ""origin_country"": ""US""}, {""id"": 176196, ""name"": ""Somewhere Pictures"", ""logo_path"": null, ""origin_country"": ""US""}, {""id"": 168415, ""name"": ""Shiny Penny Productions"", ""logo_path"": ""/e4qwqDDcRj93DdglUK1MbdEofqy.png"", ""origin_country"": ""US""}, {""id"": 241073, ""name"": ""Heartbones Entertainment"", ""logo_path"": null, ""origin_country"": ""US""}, {""id"": 210099, ""name"": ""Amazon MGM Studios"", ""logo_path"": ""/g5oRCNCi8kNVb8gEoSoIcqkhjmR.png"", ""origin_country"": ""US""}]","[{""name"": ""United States of America"", ""iso_3166_1"": ""US""}]","[{""name"": ""English"", ""iso_639_1"": ""en"", ""english_name"": ""English""}]",2026-09-27 09:47:05.635683
1315772,Minions & Monsters,"This is the rambunctious, ridiculous and totally true story of how the Minions conquered Hollywood, became movie stars, lost everything, unleashed monsters onto the world and then banded together to try and save the planet from the mayhem they had just created.",2026-06-24,114.7984,1179,7.561,/4LwvU9SZc8QQzW1X1FAPhNbXnEU.jpg,/kkcwhgSFd81QDlXo8ytrpHPQjhy.jpg,en,"[{""id"": 12, ""name"": ""Adventure""}, {""id"": 16, ""name"": ""Animation""}, {""id"": 35, ""name"": ""Comedy""}, {""id"": 10751, ""name"": ""Family""}, {""id"": 14, ""name"": ""Fantasy""}]",90,85000000,519033384,https://www.minionsmovie.com,Hollywood has a monster problem.,Released,tt32890033,"[{""id"": 33, ""name"": ""Universal Pictures"", ""logo_path"": ""/8lvHyhjr8oUKOOy2dKXoALWKdp0.png"", ""origin_country"": ""US""}, {""id"": 6704, ""name"": ""Illumination"", ""logo_path"": ""/fOG2oY4m1YuYTQh4bMqqZkmgOAI.png"", ""origin_country"": ""US""}]","[{""name"": ""United States of America"", ""iso_3166_1"": ""US""}]","[{""name"": ""English"", ""iso_639_1"": ""en"", ""english_name"": ""English""}, {""name"": ""Español"", ""iso_639_1"": ""es"", ""english_name"": ""Spanish""}]",2026-09-27 09:47:05.635683
504253,I Want to Eat Your Pancreas,"After his classmate and crush is diagnosed with a pancreatic disease, an average high schooler sets out to make the most of her final days.",2018-09-01,7.2844,1856,8.243,/qpV8kvRfAntV7D4aOOsLIz7OdPc.jpg,/YLyORLsYIjC0d1TFBSpJKk7piP.jpg,ja,"[{""id"": 16, ""name"": ""Animation""}, {""id"": 18, ""name"": ""Drama""}, {""id"": 10749, ""name"": ""Romance""}]",108,0,33748006,https://kimisui-anime.com/,This is a story about an unforgettable spring...,Released,tt7236034,"[{""id"": 86839, ""name"": ""ABC Animation"", ""logo_path"": ""/cnOJAkVVmKZLIzmgw4fRRZ2dctT.png"", ""origin_country"": ""JP""}, {""id"": 2883, ""name"": ""Aniplex"", ""logo_path"": ""/rDYExnBV61jGQnkhVVrPN4Yl7O1.png"", ""origin_country"": ""JP""}, {""id"": 8157, ""name"": ""jeki"", ""logo_path"": ""/pEqcMX1aG3JvtDgfh2wNZJLCcb4.png"", ""origin_country"": ""JP""}, {""id"": 62866, ""name"": ""Futabasha"", ""logo_path"": ""/uYawQ0Lb8smRXNNCoq8gTHG92Pz.png"", ""origin_country"": ""JP""}, {""id"": 56933, ""name"": ""Studio VOLN"", ""logo_path"": ""/ogbbk2xvszgQwkf4msNbH5lhsM9.png"", ""origin_country"": ""JP""}, {""id"": 145105, ""name"": ""Tohan"", ""logo_path"": ""/oFUDvCLCRmAXlGqjmwO8CN33ygl.png"", ""origin_country"": ""JP""}, {""id"": 3031, ""name"": ""The Asahi Shimbun"", ""logo_path"": ""/2JcgVKZ1gEY5RsLJU1CGj1MaKFj.png"", ""origin_country"": ""JP""}]","[{""name"": ""Japan"", ""iso_3166_1"": ""JP""}]","[{""name"": ""日本語"", ""iso_639_1"": ""ja"", ""english_name"": ""Japanese""}]",2026-09-27 09:47:05.635683
15804,A Brighter Summer Day,"A boy experiences first love, friendships and injustices growing up in 1960s Taiwan.",1991-07-27,5.7221,407,8.233,/3l8fOAwiN3N5n3hHnZ51eog7Zu2.jpg,/hypv7bDxzqdhJfEpjRKf1aQbdc.jpg,zh,"[{""id"": 80, ""name"": ""Crime""}, {""id"": 18, ""name"": ""Drama""}, {""id"": 10749, ""name"": ""Romance""}]",237,0,0,"","",Released,tt0101985,"[{""id"": 70884, ""name"": ""Yang & His Gang Filmmakers"", ""logo_path"": null, ""origin_country"": ""TW""}, {""id"": 238336, ""name"": ""Brighter Summer Productions"", ""logo_path"": null, ""origin_country"": ""TW""}]","[{""name"": ""Taiwan"", ""iso_3166_1"": ""TW""}]","[{""name"": ""English"", ""iso_639_1"": ""en"", ""english_name"": ""English""}, {""name"": ""普通话"", ""iso_639_1"": ""zh"", ""english_name"": ""Mandarin""}]",2026-09-27 09:47:05.635683
1363387,Saccharine,"After succumbing to an obscure weight-loss craze involving the eating of human ashes, lovelorn medical student Hana finds herself haunted by the ghost of the person she's eating.",2026-05-22,16.1361,184,6.878,/bCHPB5WZy4T0Rerh1GTuQLzU0rF.jpg,/7NUx7bQAD4lo9yMDbprvIblhWo2.jpg,en,"[{""id"": 27, ""name"": ""Horror""}]",113,0,456091,"",What's eating you?,Released,tt35050712,"[{""id"": 71767, ""name"": ""Carver Films"", ""logo_path"": null, ""origin_country"": ""AU""}, {""id"": 12142, ""name"": ""XYZ Films"", ""logo_path"": ""/rPnEeMwxjI6rYMGqkWqIWwIJXxi.png"", ""origin_country"": ""US""}, {""id"": 74346, ""name"": ""Stan"", ""logo_path"": ""/1akCJMjyZsiS4v3NTJD5Y0LFZ4R.png"", ""origin_country"": ""AU""}, {""id"": 247616, ""name"": ""Thrum Films"", ""logo_path"": null, ""origin_country"": ""AU""}, {""id"": 7584, ""name"": ""Screen Australia"", ""logo_path"": ""/eGkfvvyf4fJTvBUR1xt1669IPA3.png"", ""origin_country"": ""AU""}, {""id"": 142269, ""name"": ""IPR.VC"", ""logo_path"": ""/ggrWFqk5mPMks0vE3aCy3l9e0dv.png"", ""origin_country"": ""FI""}, {""id"": 204763, ""name"": ""VicScreen"", ""logo_path"": ""/aqWMgtLOf2ClBDnK0f4DvYNTZf6.png"", ""origin_country"": ""AU""}, {""id"": 247617, ""name"": ""Maslow Entertainment"", ""logo_path"": ""/mW6DoAEQuYPtvlbxEylniCstnA5.png"", ""origin_country"": ""AU""}]","[{""name"": ""Australia"", ""iso_3166_1"": ""AU""}, {""name"": ""Finland"", ""iso_3166_1"": ""FI""}, {""name"": ""United States of America"", ""iso_3166_1"": ""US""}]","[{""name"": ""English"", ""iso_639_1"": ""en"", ""english_name"": ""English""}]",2026-09-27 09:47:05.635683
265177,Mommy,"A peculiar neighbor offers hope to a recent widow who is struggling to raise a teenager who is unpredictable and, sometimes, violent.",2014-09-19,10.5243,2900,8.194,/uPDP0cHGOpkr47rdCdHWo4CyiPj.jpg,/dIHezuC3AmylT8mkXQiWSjz2wJR.jpg,fr,"[{""id"": 18, ""name"": ""Drama""}]",138,4900000,3494070,http://mommythemovie.com/,Loving people doesn't save them.,Released,tt3612616,"[{""id"": 13839, ""name"": ""Metafilms"", ""logo_path"": ""/125UdB9wgDkY2RNpjgCiKyk3Dll.png"", ""origin_country"": ""CA""}, {""id"": 50488, ""name"": ""Sons of Manual"", ""logo_path"": null, ""origin_country"": ""CA""}]","[{""name"": ""Canada"", ""iso_3166_1"": ""CA""}]","[{""name"": ""Français"", ""iso_639_1"": ""fr"", ""english_name"": ""French""}, {""name"": ""English"", ""iso_639_1"": ""en"", ""english_name"": ""English""}]",2026-09-27 09:47:05.635683
1130948,Rosebush Pruning,"When an American heir living in a luxurious Spanish villa decides to move in with his girlfriend, his departure triggers a family collapse as his brother uncovers the truth behind their mother's tragic death.",2026-04-23,78.9484,56,6.063,/rsHEVjzxU8cxz1sm3vboj99daNv.jpg,/vcZ3UUVmFNk90DBSrTBlTKCdbbE.jpg,en,"[{""id"": 35, ""name"": ""Comedy""}, {""id"": 18, ""name"": ""Drama""}, {""id"": 53, ""name"": ""Thriller""}]",95,0,85294,"",People are roses. Families are rosebushes. Rosebushes need pruning.,Released,tt27844906,"[{""id"": 117672, ""name"": ""Kavac Film"", ""logo_path"": ""/6Aaw6DnNC7LsgVXCk6pwG0HbUZn.png"", ""origin_country"": ""IT""}, {""id"": 7306, ""name"": ""The Match Factory"", ""logo_path"": ""/iqCkzLmACmrws2tHO2USRLkJqXY.png"", ""origin_country"": ""DE""}, {""id"": 204957, ""name"": ""MUBI"", ""logo_path"": ""/16gclYCHdh6QFQyBRNOo3DuaqDT.png"", ""origin_country"": ""GB""}, {""id"": 223013, ""name"": ""Sur Film"", ""logo_path"": ""/vhbzPCBcm6CAAdtYEmI1ejF44mY.png"", ""origin_country"": ""ES""}, {""id"": 214895, ""name"": ""Crybaby"", ""logo_path"": ""/euhgF8yiid8zRX7bqhD8984GCk9.png"", ""origin_country"": ""GB""}, {""id"": 128344, ""name"": ""The Apartment Pictures"", ""logo_path"": ""/zNBa6RAZ5TKWZUEhxx6sxc9tdrr.png"", ""origin_country"": ""IT""}, {""id"": 251066, ""name"": ""In Bloom"", ""logo_path"": null, ""origin_country"": ""IT""}, {""id"": 187321, ""name"": ""Cinema Inflámavel"", ""logo_path"": ""/zlOjbDfaR9A11QARQAlvIFYZjCh.png"", ""origin_country"": ""BR""}, {""id"": 221028, ""name"": ""Gold Rush Pictures"", ""logo_path"": null, ""origin_country"": ""GB""}, {""id"": 289340, ""name"": ""Rosebushpruning"", ""logo_path"": null, ""origin_country"": ""ES""}, {""id"": 309458, ""name"": ""SCoT(T)"", ""logo_path"": null, ""origin_country"": ""FR""}, {""id"": 13839, ""name"": ""Metafilms"", ""logo_path"": ""/125UdB9wgDkY2RNpjgCiKyk3Dll.png"", ""origin_country"": ""CA""}]","[{""name"": ""Germany"", ""iso_3166_1"": ""DE""}, {""name"": ""Italy"", ""iso_3166_1"": ""IT""}, {""name"": ""United Kingdom"", ""iso_3166_1"": ""GB""}, {""name"": ""Spain"", ""iso_3166_1"": ""ES""}, {""name"": ""Canada"", ""iso_3166_1"": ""CA""}, {""name"": ""Brazil"", ""iso_3166_1"": ""BR""}, {""name"": ""France"", ""iso_3166_1"": ""FR""}]","[{""name"": ""English"", ""iso_639_1"": ""en"", ""english_name"": ""English""}]",2026-09-27 09:47:05.635683
1564614,Leviticus,Two teenage boys must escape a violent entity that takes the form of the person they desire most:  each other.,2026-06-17,24.9111,527,6.764,/gnAsZvBygplNpp8PtjoTEYv3VPB.jpg,/7y8zWGEjs7tresw4Hzkkf4TdkcL.jpg,en,"[{""id"": 27, ""name"": ""Horror""}, {""id"": 10749, ""name"": ""Romance""}]",88,3500000,8493480,https://www.neonrated.com/film/leviticus,It will never stop.,Released,tt39143902,"[{""id"": 32301, ""name"": ""Causeway Films"", ""logo_path"": ""/5VG9QRUCSDez359VNqcTmOLOH3C.png"", ""origin_country"": ""AU""}, {""id"": 150239, ""name"": ""Salmira Productions"", ""logo_path"": ""/i2Gi8eJ8NH1MwpV0OJydTL0Eaui.png"", ""origin_country"": ""US""}, {""id"": 7584, ""name"": ""Screen Australia"", ""logo_path"": ""/eGkfvvyf4fJTvBUR1xt1669IPA3.png"", ""origin_country"": ""AU""}, {""id"": 204763, ""name"": ""VicScreen"", ""logo_path"": ""/aqWMgtLOf2ClBDnK0f4DvYNTZf6.png"", ""origin_country"": ""AU""}, {""id"": 15780, ""name"": ""Arenamedia"", ""logo_path"": ""/bdQFj7E5yNsir5pMgacux2SoLGQ.png"", ""origin_country"": ""AU""}, {""id"": 159883, ""name"": ""Lazy Susan Films"", ""logo_path"": null, ""origin_country"": ""AU""}]","[{""name"": ""Australia"", ""iso_3166_1"": ""AU""}, {""name"": ""United States of America"", ""iso_3166_1"": ""US""}]","[{""name"": ""English"", ""iso_639_1"": ""en"", ""english_name"": ""English""}]",2026-09-27 09:47:05.635683
1204680,Coyote vs. Acme,"After Acme products fail him one too many times in his dogged pursuit of the Roadrunner, Wile E. Coyote decides to hire a billboard lawyer to sue the Acme Corporation.",2026-08-20,341.0559,531,7.558,/kYDCl2y0VPvhT5eYWbMRInPoB03.jpg,/viZqGq9TNvQ5uXSD4ahg2RpRONT.jpg,en,"[{""id"": 35, ""name"": ""Comedy""}, {""id"": 12, ""name"": ""Adventure""}, {""id"": 10751, ""name"": ""Family""}]",103,72000000,79825108,https://coyotevsacme.com,The movie ACME doesn't want you to see.,Released,tt1756855,"[{""id"": 94218, ""name"": ""Troll Court Entertainment"", ""logo_path"": ""/kxuhS8wyKtVprOn5nckdHyNuSg1.png"", ""origin_country"": ""US""}, {""id"": 296158, ""name"": ""Keylight Pictures"", ""logo_path"": null, ""origin_country"": ""US""}, {""id"": 25120, ""name"": ""Warner Animation Group"", ""logo_path"": ""/6RLMWBcGF2COzjjBORPUy705yF7.png"", ""origin_country"": ""US""}, {""id"": 174, ""name"": ""Warner Bros. Pictures"", ""logo_path"": ""/zhD3hhtKB5qyv7ZeL4uLpNxgMVU.png"", ""origin_country"": ""US""}]","[{""name"": ""United States of America"", ""iso_3166_1"": ""US""}]","[{""name"": ""English"", ""iso_639_1"": ""en"", ""english_name"": ""English""}]",2026-09-27 09:47:05.635683
1560520,Batman: Knightfall Part 1: Knightfall,"Arkham Asylum has been destroyed, and all its inmates have been unleashed upon Gotham City. As Batman races to round up some of his greatest enemies, he is pushed to his physical and mental limits and into a final confrontation with a new threat: the man called Bane!",2026-06-23,63.7476,387,9.158,/360qdtu2hLnqMu8SVHMywn420w1.jpg,/caBIySpwuFi2i7ynvHIlnxJLOdN.jpg,en,"[{""id"": 16, ""name"": ""Animation""}, {""id"": 28, ""name"": ""Action""}, {""id"": 12, ""name"": ""Adventure""}, {""id"": 18, ""name"": ""Drama""}]",79,0,0,https://www.warnerbros.com/movies/batman-knightfall-part-1-knightfall,"",Released,tt32333324,"[{""id"": 2785, ""name"": ""Warner Bros. Animation"", ""logo_path"": ""/l5zW8jjmQOCx2dFmvnmbYmqoBmL.png"", ""origin_country"": ""US""}, {""id"": 429, ""name"": ""DC"", ""logo_path"": ""/4Y00XuSMuP1gimd0jP6JT57QbCI.png"", ""origin_country"": ""US""}]","[{""name"": ""United States of America"", ""iso_3166_1"": ""US""}]","[{""name"": ""English"", ""iso_639_1"": ""en"", ""english_name"": ""English""}, {""name"": ""Español"", ""iso_639_1"": ""es"", ""english_name"": ""Spanish""}]",2026-09-27 09:47:05.635683
1523145,Your Heart Will Be Broken,"High school student Polina is saved from bullying at her new school and makes a deal with the main bully Bars: he must pretend to be her boyfriend and protect her, and she must do everything he says. During this game, the couple develops real feelings, but her family and classmates have reasons to separate the lovers.",2026-03-26,50.2305,124,7.089,/7wIBfBl2gejt6xHxNSK0reVIm7E.jpg,/fRjy6zDeNjfzmjpKz8mElA9Aa6l.jpg,ru,"[{""id"": 10749, ""name"": ""Romance""}]",134,3716000,7578000,"","",Released,tt38190257,"[{""id"": 71928, ""name"": ""All Media A Start Company"", ""logo_path"": ""/7M6z2jX570P3HzNQULCTjlZcXkB.png"", ""origin_country"": ""RU""}, {""id"": 114676, ""name"": ""START Studio"", ""logo_path"": ""/aVsos0RDN9Ib7H8nW5Vv5kHKykz.png"", ""origin_country"": ""RU""}, {""id"": 13850, ""name"": ""Sverdlovsk Film Studio"", ""logo_path"": ""/6KsdcnTIpQ47NHad4EtxOCkB94K.png"", ""origin_country"": ""RU""}, {""id"": 42877, ""name"": ""Yellow, Black & White"", ""logo_path"": ""/15THT1W3NROsbDXPbrcmWFVkrSv.png"", ""origin_country"": ""RU""}, {""id"": 119813, ""name"": ""Premier Studios"", ""logo_path"": ""/iyGJzcnWXZoNxYLzZu4jKzxIoFw.png"", ""origin_country"": ""RU""}]","[{""name"": ""Russia"", ""iso_3166_1"": ""RU""}]","[{""name"": ""Pусский"", ""iso_639_1"": ""ru"", ""english_name"": ""Russian""}]",2026-09-27 09:47:05.635683
1108427,Moana,"Teenage Moana answers the Ocean's call and, for the first time, voyages beyond the reef of her island of Motunui with infamous demigod Maui on an unforgettable journey to restore prosperity to her people.",2026-07-08,154.1399,777,7.396,/gaet1xQ2nxrG0V1Ep9T20ZMNEIC.jpg,/c6BPbkO5Npt1OdwttAxCFo06wtH.jpg,en,"[{""id"": 10751, ""name"": ""Family""}, {""id"": 14, ""name"": ""Fantasy""}, {""id"": 35, ""name"": ""Comedy""}, {""id"": 12, ""name"": ""Adventure""}]",115,250000000,308159595,https://movies.disney.com/moana-2026,The ocean chose her for a reason.,Released,tt27419466,"[{""id"": 2, ""name"": ""Walt Disney Pictures"", ""logo_path"": ""/wdrCwmRnLFJhEoH8GSfymY85KHT.png"", ""origin_country"": ""US""}, {""id"": 73669, ""name"": ""Seven Bucks Productions"", ""logo_path"": ""/pZ1sOLrUxvCvW1jODdCFgU6RxUA.png"", ""origin_country"": ""US""}, {""id"": 34081, ""name"": ""Flynn Picture Company"", ""logo_path"": null, ""origin_country"": ""US""}, {""id"": 122645, ""name"": ""5000 Broadway Productions"", ""logo_path"": ""/ujqjqvWtJxP24nAwmRvksaPTDoo.png"", ""origin_country"": ""US""}]","[{""name"": ""United States of America"", ""iso_3166_1"": ""US""}]","[{""name"": ""English"", ""iso_639_1"": ""en"", ""english_name"": ""English""}]",2026-09-27 09:47:05.635683
19404,Dilwale Dulhania Le Jayenge,"Raj is a rich, carefree, happy-go-lucky second generation NRI. Simran is the daughter of Chaudhary Baldev Singh, who in spite of being an NRI is very strict about adherence to Indian values. Simran has left for India to be married to her childhood fiancé. Raj leaves for India with a mission at his hands, to claim his lady love under the noses of her whole family. Thus begins a saga.",1995-10-20,13.6059,4624,8.504,/lfRkUr7DYdHldAqi3PwdQGBRBPM.jpg,/84beTJf26mfhoasUlKSOiNSutyS.jpg,hi,"[{""id"": 35, ""name"": ""Comedy""}, {""id"": 18, ""name"": ""Drama""}, {""id"": 10749, ""name"": ""Romance""}]",190,13200000,100000000,"","Come… fall In love, all over again…",Released,tt0112870,"[{""id"": 1569, ""name"": ""Yash Raj Films"", ""logo_path"": ""/lvzN86o3jrP44DIvn4SMBLOl9PF.png"", ""origin_country"": ""IN""}]","[{""name"": ""India"", ""iso_3166_1"": ""IN""}]","[{""name"": ""हिन्दी"", ""iso_639_1"": ""hi"", ""english_name"": ""Hindi""}]",2026-09-27 09:47:05.635683
1284046,Onslaught,"When a rogue squad of genetically engineered super soldiers break loose in the desert, a badass Army sniper must unleash hell to protect her young daughter.",2026-09-02,26.8869,28,5.768,/cOGtvhc6Ij9KvzM6jZsfQyg0B0O.jpg,/pmPXXniQlb4EdYY0gVZO90rf54F.jpg,en,"[{""id"": 28, ""name"": ""Action""}, {""id"": 53, ""name"": ""Thriller""}]",92,15000000,3097067,https://a24films.com/films/onslaught,They unleashed their deadliest weapon on us.,Released,tt32268691,"[{""id"": 41077, ""name"": ""A24"", ""logo_path"": ""/1ZXsGaFPgrgS6ZZGS37AqD5uU12.png"", ""origin_country"": ""US""}, {""id"": 172841, ""name"": ""Ryder Picture Company"", ""logo_path"": ""/MKTZVUIIWMjwpF58tGtAx8UXFs.png"", ""origin_country"": ""US""}, {""id"": 180839, ""name"": ""Lyrical Media"", ""logo_path"": ""/v2A9SsZdaWpmZdXPf3I7Ajxn1Pc.png"", ""origin_country"": ""US""}, {""id"": 227881, ""name"": ""Breakaway Civilization"", ""logo_path"": null, ""origin_country"": ""US""}, {""id"": 178359, ""name"": ""828 Productions"", ""logo_path"": ""/8Vir3jz2OMrcLFdcpRAg6LQixJp.png"", ""origin_country"": ""US""}]","[{""name"": ""United States of America"", ""iso_3166_1"": ""US""}]","[{""name"": ""English"", ""iso_639_1"": ""en"", ""english_name"": ""English""}]",2026-09-27 09:47:05.635683
980431,Avatar Aang: The Last Airbender,"Avatar Aang, the world's last Airbender, learns of an ancient power that could save his culture from extinction. With the help of his friends, he embarks on a global quest to find it before it falls into the wrong hands and threatens to upend the peace they sacrificed everything to achieve.",2026-07-24,72.7436,1190,9.147,/3sgnSfNT27Bx5O5ukr7B26mhEQq.jpg,/ezbrL1dMymKQZw7mDEWa2ZTzN7d.jpg,en,"[{""id"": 16, ""name"": ""Animation""}, {""id"": 12, ""name"": ""Adventure""}, {""id"": 14, ""name"": ""Fantasy""}, {""id"": 28, ""name"": ""Action""}]",99,0,0,https://www.paramountplus.com/movies/video/ALVE01KRF3YJMCEJB92T78193MJ4HP,The legacy reawakens.,Released,tt18259538,"[{""id"": 2348, ""name"": ""Nickelodeon Movies"", ""logo_path"": ""/m31fQvZJuUvAgxoqTiCGYFBfZYe.png"", ""origin_country"": ""US""}, {""id"": 4, ""name"": ""Paramount Pictures"", ""logo_path"": ""/jay6WcMgagAklUt7i9Euwj1pzTF.png"", ""origin_country"": ""US""}, {""id"": 20187, ""name"": ""Flying Bark Productions"", ""logo_path"": ""/bYdzRm9r74bIWlSRKIWZeZyDBFD.png"", ""origin_country"": ""AU""}, {""id"": 58209, ""name"": ""Studio Mir"", ""logo_path"": ""/bmoAT1OD8AAHpBVj4OGvA5UkM9e.png"", ""origin_country"": ""KR""}, {""id"": 149943, ""name"": ""Avatar Studios"", ""logo_path"": ""/1xacI0DXJAe5YWPP0dTJV48B9na.png"", ""origin_country"": ""US""}]","[{""name"": ""United States of America"", ""iso_3166_1"": ""US""}, {""name"": ""South Korea"", ""iso_3166_1"": ""KR""}, {""name"": ""Australia"", ""iso_3166_1"": ""AU""}]","[{""name"": ""English"", ""iso_639_1"": ""en"", ""english_name"": ""English""}]",2026-09-27 09:47:05.635683
11216,Cinema Paradiso,"A filmmaker recalls his childhood, when he fell in love with the movies at his village's theater and formed a deep friendship with the theater's projectionist.",1988-11-17,15.0648,4990,8.432,/9JhfVOveaY00o8njQu2Xrp4YWud.jpg,/zoVeIgKzGJzpdG6Gwnr7iOYfIMU.jpg,it,"[{""id"": 18, ""name"": ""Drama""}, {""id"": 10749, ""name"": ""Romance""}]",124,5000000,35962062,"",An enchanted village. A wonderful friendship. Star-crossed lovers. And the magic of the movies.,Released,tt0095765,"[{""id"": 45693, ""name"": ""Cristaldifilm"", ""logo_path"": null, ""origin_country"": ""IT""}, {""id"": 7110, ""name"": ""Les Films Ariane"", ""logo_path"": null, ""origin_country"": ""FR""}, {""id"": 155418, ""name"": ""Rai 3"", ""logo_path"": ""/heXoK24E57zJiXZvp76Ous4C5cR.png"", ""origin_country"": ""IT""}, {""id"": 356, ""name"": ""TF1 Films Production"", ""logo_path"": ""/9tW5wZEGotn1Ei5pErA88m47XiD.png"", ""origin_country"": ""FR""}, {""id"": 185850, ""name"": ""Forum Picture"", ""logo_path"": null, ""origin_country"": ""IT""}]","[{""name"": ""Italy"", ""iso_3166_1"": ""IT""}, {""name"": ""France"", ""iso_3166_1"": ""FR""}]","[{""name"": ""Italiano"", ""iso_639_1"": ""it"", ""english_name"": ""Italian""}]",2026-09-27 09:47:05.635683
654299,Out of the Clear Blue Sky,"Returning to Earth as an imitator, the legendary Mexican artist Pedro Infante must prove that he is no longer a womanizer to enter paradise.",2019-12-24,4.5447,393,8.277,/o9cSEHrXzPOO4OIoT9yrdxc216w.jpg,/o33acwn7KliNpJRbjy4FrMSpiQ9.jpg,es,"[{""id"": 35, ""name"": ""Comedy""}, {""id"": 18, ""name"": ""Drama""}, {""id"": 10402, ""name"": ""Music""}]",112,0,0,https://www.netflix.com/title/80244123,"",Released,tt10946934,"[{""id"": 127029, ""name"": ""Esparza Caldera"", ""logo_path"": null, ""origin_country"": """"}, {""id"": 127030, ""name"": ""La Victoria Films"", ""logo_path"": null, ""origin_country"": """"}]","[{""name"": ""Mexico"", ""iso_3166_1"": ""MX""}, {""name"": ""United States of America"", ""iso_3166_1"": ""US""}]","[{""name"": ""Español"", ""iso_639_1"": ""es"", ""english_name"": ""Spanish""}]",2026-09-27 09:47:05.635683
969681,Spider-Man: Brand New Day,Fighting crime full-time as Spider-Man in a world that doesn't remember him—and the pressure of seeing his old friends move on without him—sparks a change in Peter Parker he may not have the power to control. But that transformation might also be the only thing that can stop a shocking new threat to the city and those he loves - a powerful villain no one can even see.,2026-07-29,658.2244,2883,7.9,/bjiS5ipwxb9JFy3XRRN4OAilSeX.jpg,/qeQJx07rK2xm8SD2sJxFKhE7gs0.jpg,en,"[{""id"": 878, ""name"": ""Science Fiction""}, {""id"": 28, ""name"": ""Action""}, {""id"": 12, ""name"": ""Adventure""}]",145,225000000,2478502286,https://spidermanbrandnewday.movie,A brand new day starts now.,Released,tt22084616,"[{""id"": 420, ""name"": ""Marvel Studios"", ""logo_path"": ""/hUzeosd33nzE5MCNsZxCGEKTXaQ.png"", ""origin_country"": ""US""}, {""id"": 5, ""name"": ""Columbia Pictures"", ""logo_path"": ""/71BqEFAF4V3qjjMPCpLuyJFB9A.png"", ""origin_country"": ""US""}, {""id"": 84041, ""name"": ""Pascal Pictures"", ""logo_path"": ""/nw4kyc29QRpNtFbdsBHkRSFavvt.png"", ""origin_country"": ""US""}, {""id"": 22213, ""name"": ""TSG Entertainment"", ""logo_path"": ""/qx9K6bFWJupwde0xQDwOvXkOaL8.png"", ""origin_country"": ""US""}]","[{""name"": ""United States of America"", ""iso_3166_1"": ""US""}]","[{""name"": ""English"", ""iso_639_1"": ""en"", ""english_name"": ""English""}]",2026-09-27 09:47:05.635683
895954,母女汽车中心,"Yeon Ja, a working mother, runs a car center after divorce and is raising her daughter all by herself. Her daughter, Ah Jung, started helping her when she became an adult, however, the customers don't trust weak-looking women to touch machines and the business at the car center is slow. Thanks to Ah Jung's punk boyfriend, Sung Hoon, they came up with an idea to turn the car center into a sexy car center.",2021-01-01,47.3698,1,4,/saca8CL9kk22AS5BfMbwSYgMvdp.jpg,,ko,"[{""id"": 10749, ""name"": ""Romance""}]",87,0,0,"","",Released,,[],[],"[{""name"": ""한국어/조선말"", ""iso_639_1"": ""ko"", ""english_name"": ""Korean""}]",2026-09-27 09:47:05.635683
975,Paths of Glory,A commanding officer defends three scapegoats on trial for a failed offensive that occurred within the French Army in 1916.,1957-10-25,8.7608,3388,8.251,/hGg1UCQSHlXfv2HI9bDHT2OQBam.jpg,/nbMY2UcNnaAr3jrrowzN0NaxQyr.jpg,en,"[{""id"": 10752, ""name"": ""War""}, {""id"": 18, ""name"": ""Drama""}]",88,935000,1200000,"",It explodes in the no-man's land no picture ever dared cross before!,Released,tt0050825,"[{""id"": 611, ""name"": ""Bryna Productions"", ""logo_path"": null, ""origin_country"": ""US""}, {""id"": 60, ""name"": ""United Artists"", ""logo_path"": ""/4YldLvCWQL9VIAHQ2Fu3Ffkh9Si.png"", ""origin_country"": ""US""}, {""id"": 52795, ""name"": ""Harris-Kubrick Productions"", ""logo_path"": null, ""origin_country"": ""US""}]","[{""name"": ""United States of America"", ""iso_3166_1"": ""US""}]","[{""name"": ""English"", ""iso_639_1"": ""en"", ""english_name"": ""English""}, {""name"": ""Latin"", ""iso_639_1"": ""la"", ""english_name"": ""Latin""}, {""name"": ""Deutsch"", ""iso_639_1"": ""de"", ""english_name"": ""German""}]",2026-09-27 09:47:05.635683
1377237,Runner,"A former soldier is thrown into a brutal race against time when a critical medical delivery makes him and his unlikely partner the targets of a ruthless cartel. As the mission spirals into a deadly manhunt, every detour, delay, and bullet pushes them closer to failure. With betrayal closing in from every side, they must survive the chase and deliver their cargo to save the life of a little girl.",2026-09-07,68.9363,37,7.6,/yBKMAIj7clP42UkFejhGDBBoTpb.jpg,/2c9zNZJL0ZdagD6JbmU3hH4hovs.jpg,en,"[{""id"": 28, ""name"": ""Action""}, {""id"": 35, ""name"": ""Comedy""}]",97,0,6432956,https://www.angel.com/movies/runner,Next-day delivery isn't an option.,Released,tt31349844,"[{""id"": 8000, ""name"": ""Broken Road Productions"", ""logo_path"": ""/f8NwLg72BByt3eav7lX1lcJfe60.png"", ""origin_country"": ""US""}, {""id"": 72954, ""name"": ""AllyCat Entertainment"", ""logo_path"": null, ""origin_country"": ""US""}, {""id"": 110723, ""name"": ""Nickel City Pictures"", ""logo_path"": ""/27Od860h9Xc7gDS3Pph6yRlUyBI.png"", ""origin_country"": ""US""}, {""id"": 221397, ""name"": ""A Higher Standard"", ""logo_path"": ""/aj3EiCWM5jKxDJGZh34KV6L9HcE.png"", ""origin_country"": ""US""}, {""id"": 219277, ""name"": ""G2 Dispatch"", ""logo_path"": null, ""origin_country"": ""AU""}, {""id"": 165435, ""name"": ""Angel Studios"", ""logo_path"": ""/pDh2WDdOajWST9jlkFo6TOvETnB.png"", ""origin_country"": ""US""}, {""id"": 309655, ""name"": ""International Media Funds Management"", ""logo_path"": ""/9IYQkwgJlOzBiWANI6krDsE3QvR.png"", ""origin_country"": ""AU""}, {""id"": 209819, ""name"": ""Bright White Light"", ""logo_path"": ""/lvqsgXsWHX4r5jBOuvbNCpZCnBf.png"", ""origin_country"": ""GB""}]","[{""name"": ""United States of America"", ""iso_3166_1"": ""US""}, {""name"": ""Australia"", ""iso_3166_1"": ""AU""}, {""name"": ""United Kingdom"", ""iso_3166_1"": ""GB""}]","[{""name"": ""English"", ""iso_639_1"": ""en"", ""english_name"": ""English""}, {""name"": ""Português"", ""iso_639_1"": ""pt"", ""english_name"": ""Portuguese""}]",2026-09-27 09:47:05.635683
1607127,One Last Shot,"Navy Seal Jake Harris must stop a team of mercenaries, led by his disillusioned former comrade, from disabling the US missile defense network.",2026-09-22,168.2818,53,7.528,/niQ4NBh2jqAf1hDZP5m6ReWFAb7.jpg,/8giIQcHpxgsPVP6c7aQtHl3txuh.jpg,en,"[{""id"": 28, ""name"": ""Action""}, {""id"": 53, ""name"": ""Thriller""}]",98,0,0,https://signature-entertainment.co.uk/production/titles/one-last-shot,One last traitor. One last mission. One last fight.,Released,tt37971717,"[{""id"": 122034, ""name"": ""Signature Films"", ""logo_path"": ""/kmZNR0LSuhSkEAje0v20Tn6WOt9.png"", ""origin_country"": ""GB""}]","[{""name"": ""United Kingdom"", ""iso_3166_1"": ""GB""}]","[{""name"": ""English"", ""iso_639_1"": ""en"", ""english_name"": ""English""}]",2026-09-27 09:47:05.635683
1127384,Deep Water,A group of international passengers on a flight from Los Angeles to Shanghai is forced to make an emergency landing in shark-infested waters. The terrified group is forced to work together and overcome their differences if they hope to escape their sinking plane and the frenzy of sharks drawn to the wreckage.,2026-04-30,65.2053,621,7.386,/ZWHxL2ETItcZzeVsVfs6gv3SZ7.jpg,/szKv713FcUXx6hcfdY369vtkmzr.jpg,en,"[{""id"": 27, ""name"": ""Horror""}, {""id"": 53, ""name"": ""Thriller""}, {""id"": 12, ""name"": ""Adventure""}]",107,40000000,7340233,"",Surviving the crash is just the beginning.,Released,tt29516222,"[{""id"": 231386, ""name"": ""Magenta Light Studios"", ""logo_path"": ""/4WS75ndvhPMm7Rj2RFZnFYwBS2o.png"", ""origin_country"": ""US""}, {""id"": 2520, ""name"": ""Arclight Films"", ""logo_path"": ""/dAfMKKimOSxL147xNghoXM1Tuah.png"", ""origin_country"": ""US""}, {""id"": 200176, ""name"": ""Simmons/Hamilton Productions"", ""logo_path"": null, ""origin_country"": ""US""}, {""id"": 11068, ""name"": ""Nostromo Pictures"", ""logo_path"": ""/jOdUllzDZRFy0tPIFDEwpP4Mpv4.png"", ""origin_country"": ""ES""}, {""id"": 76098, ""name"": ""Aristos Films"", ""logo_path"": ""/1DMLx7ZtpYPu9MvYH8Yswwsx0oH.png"", ""origin_country"": """"}, {""id"": 293380, ""name"": ""DW Film Holdings"", ""logo_path"": null, ""origin_country"": ""AU""}, {""id"": 229487, ""name"": ""Rabbits Black"", ""logo_path"": ""/vF5HUjsJU0jFtlhpUdcodrECXBk.png"", ""origin_country"": ""US""}, {""id"": 2623, ""name"": ""Blue Rider Pictures"", ""logo_path"": ""/7Bkm1yUF0y8x6jw8dHRfzS3B6dq.png"", ""origin_country"": ""US""}]","[{""name"": ""United States of America"", ""iso_3166_1"": ""US""}, {""name"": ""Spain"", ""iso_3166_1"": ""ES""}, {""name"": ""Australia"", ""iso_3166_1"": ""AU""}, {""name"": ""China"", ""iso_3166_1"": ""CN""}, {""name"": ""Ukraine"", ""iso_3166_1"": ""UA""}]","[{""name"": ""English"", ""iso_639_1"": ""en"", ""english_name"": ""English""}, {""name"": ""普通话"", ""iso_639_1"": ""zh"", ""english_name"": ""Mandarin""}]",2026-09-27 09:47:05.635683
637920,Miracle in Cell No. 7,"Separated from his daughter, a father with an intellectual disability must prove his innocence when he is jailed for the death of a commander's child.",2019-10-10,7.7693,4602,8.3,/bOth4QmNyEkalwahfPCfiXjNh1r.jpg,/inEy3A5OPgeYW4rjRiGycfEeQzA.jpg,tr,"[{""id"": 18, ""name"": ""Drama""}]",132,0,28000000,"","",Released,tt10431500,"[{""id"": 137006, ""name"": ""Lanistar Media"", ""logo_path"": ""/3kWHIeqSfjoIVErLYTzJMlHimwn.png"", ""origin_country"": ""TR""}, {""id"": 98733, ""name"": ""Motion Content Group"", ""logo_path"": ""/7V4dUwsU0Op8q7tpGXuzxRYB6O9.png"", ""origin_country"": """"}, {""id"": 126639, ""name"": ""CJ ENM Turkey"", ""logo_path"": null, ""origin_country"": ""TR""}]","[{""name"": ""Turkey"", ""iso_3166_1"": ""TR""}]","[{""name"": ""Türkçe"", ""iso_639_1"": ""tr"", ""english_name"": ""Turkish""}]",2026-09-27 09:47:05.635683
16869,Inglourious Basterds,"In Nazi-occupied France during World War II, a group of Jewish-American soldiers known as ""The Basterds"" are chosen specifically to spread fear throughout the Third Reich by scalping and brutally killing Nazis. The Basterds, lead by Lt. Aldo Raine soon cross paths with a French-Jewish teenage girl who runs a movie theater in Paris which is targeted by the soldiers.",2009-08-02,30.837,24827,8.217,/aupnPtagH9JVBuMrGEanf4iqXEQ.jpg,/hwNtEmmugU5Yd7hpfprNWI0DGIn.jpg,en,"[{""id"": 18, ""name"": ""Drama""}, {""id"": 53, ""name"": ""Thriller""}, {""id"": 10752, ""name"": ""War""}]",153,70000000,321457747,"",Once upon a time in Nazi occupied France...,Released,tt0361748,"[{""id"": 33, ""name"": ""Universal Pictures"", ""logo_path"": ""/8lvHyhjr8oUKOOy2dKXoALWKdp0.png"", ""origin_country"": ""US""}, {""id"": 308, ""name"": ""The Weinstein Company"", ""logo_path"": ""/e8F3mQM7DkJ5SfYYDp8FYzPBOGX.png"", ""origin_country"": ""US""}, {""id"": 59, ""name"": ""A Band Apart"", ""logo_path"": ""/b1tj5EWcFQLYaQrw1D9V4s8kUgN.png"", ""origin_country"": ""US""}, {""id"": 6817, ""name"": ""Zehnte Babelsberg Film"", ""logo_path"": null, ""origin_country"": ""DE""}, {""id"": 6818, ""name"": ""Visiona Romantica"", ""logo_path"": null, ""origin_country"": ""US""}]","[{""name"": ""Germany"", ""iso_3166_1"": ""DE""}, {""name"": ""United States of America"", ""iso_3166_1"": ""US""}]","[{""name"": ""Deutsch"", ""iso_639_1"": ""de"", ""english_name"": ""German""}, {""name"": ""English"", ""iso_639_1"": ""en"", ""english_name"": ""English""}, {""name"": ""Français"", ""iso_639_1"": ""fr"", ""english_name"": ""French""}, {""name"": ""Italiano"", ""iso_639_1"": ""it"", ""english_name"": ""Italian""}]",2026-09-27 09:47:05.635683
9702,Bound by Honor,"Based on the true life experiences of poet Jimmy Santiago Baca, the film focuses on half-brothers Paco and Cruz, and their bi-racial cousin Miklo. It opens in 1972, as the three are members of an East L.A. gang known as the ""Vatos Locos"", and the story focuses on how a violent crime and the influence of narcotics alter their lives. Miklo is incarcerated and sent to San Quentin, where he makes a ""home"" for himself. Cruz becomes an exceptional artist, but a heroin addiction overcomes him with tragic results. Paco becomes a cop and an enemy to his ""carnal"", Miklo.",1993-02-05,12.8908,1645,8.23,/8t9ojZ7fyn5iTqKCVjGvJ6nMacN.jpg,/9xjUZjuYyehv2qnqMH0oR9nSTft.jpg,en,"[{""id"": 80, ""name"": ""Crime""}, {""id"": 18, ""name"": ""Drama""}, {""id"": 53, ""name"": ""Thriller""}]",190,35000000,4500000,"",An epic story of three brothers. Bound by blood. Divided by fate. Driven by destiny.,Released,tt0106469,"[{""id"": 915, ""name"": ""Hollywood Pictures"", ""logo_path"": ""/4neXXpjSJDZPBGBnfWtqysB5htV.png"", ""origin_country"": ""US""}]","[{""name"": ""United States of America"", ""iso_3166_1"": ""US""}]","[{""name"": ""English"", ""iso_639_1"": ""en"", ""english_name"": ""English""}, {""name"": ""Español"", ""iso_639_1"": ""es"", ""english_name"": ""Spanish""}]",2026-09-27 09:47:05.635683
537061,Steven Universe: The Movie,"Two years after bringing peace to the galaxy, Steven Universe sees his past come back to haunt him in the form of a deranged Gem who wants to destroy the Earth.",2019-10-07,8.7001,884,8.204,/8mRgpubxHqnqvENK4Bei30xMDvy.jpg,/re3ZvlKJg04iLpLRf1xTKHS2wLU.jpg,en,"[{""id"": 16, ""name"": ""Animation""}, {""id"": 10751, ""name"": ""Family""}, {""id"": 12, ""name"": ""Adventure""}, {""id"": 14, ""name"": ""Fantasy""}, {""id"": 18, ""name"": ""Drama""}, {""id"": 10770, ""name"": ""TV Movie""}]",83,0,0,https://www.stevenuniversethemovie.com/,The true kinda love.,Released,tt10515852,"[{""id"": 7899, ""name"": ""Cartoon Network Studios"", ""logo_path"": ""/qnhd98hnBxCMMMod58FJqbCZ5O7.png"", ""origin_country"": ""US""}]","[{""name"": ""United States of America"", ""iso_3166_1"": ""US""}]","[{""name"": ""English"", ""iso_639_1"": ""en"", ""english_name"": ""English""}]",2026-09-27 09:47:05.635683
1469930,Project Sacrifice,"While investigating their father’s death inside a major bridge construction company, Yuda and his family attempt to prove that the frequent, deadly workplace accidents are actually human sacrifices.",2026-05-13,92.005,6,3.9,/321rzg1B6RRhcuRgsFHjQ7Xl3XX.jpg,/k3Nc57fdRkzleHjodta45mGJV2C.jpg,id,"[{""id"": 27, ""name"": ""Horror""}, {""id"": 53, ""name"": ""Thriller""}]",106,0,0,"",Kisah nyata perbatasan Surabaya dan Madura.,Released,tt38497679,"[{""id"": 99376, ""name"": ""Dee Company"", ""logo_path"": ""/qHF3T9ib9AiS6lw36fIi4YEuION.png"", ""origin_country"": ""ID""}]","[{""name"": ""Indonesia"", ""iso_3166_1"": ""ID""}]","[{""name"": ""Bahasa indonesia"", ""iso_639_1"": ""id"", ""english_name"": ""Indonesian""}]",2026-09-27 09:47:05.635683
568300,BTS WORLD TOUR [LOVE YOURSELF] in Seoul,Shot at the Olympic Stadium in Seoul during the BTS World Tour ‘Love Yourself’ to celebrate the seven members of the global boyband and their unprecedented international phenomenon.,2019-01-26,2.2701,461,8.2,/1u0rtWPgYfAWmqveXOsQDvMRODD.jpg,/8GXkzHTvuj3ftethkrqW330LJKz.jpg,ko,"[{""id"": 10402, ""name"": ""Music""}]",160,0,10195760,http://loveyourselfinseoul.film/,"",Released,tt9448868,"[{""id"": 86824, ""name"": ""Big Hit Entertainment"", ""logo_path"": ""/aWyhvNXRa7adG65ob8Ln1kAWBKx.png"", ""origin_country"": ""KR""}, {""id"": 7036, ""name"": ""CJ Entertainment"", ""logo_path"": ""/javbyY0ZCvlFJtly3tpZqf2NwLX.png"", ""origin_country"": ""KR""}, {""id"": 128333, ""name"": ""CJ CGV"", ""logo_path"": ""/cIFX3XS0k5UzJwOi5rvCDlpgzib.png"", ""origin_country"": ""KR""}]","[{""name"": ""South Korea"", ""iso_3166_1"": ""KR""}]","[{""name"": ""한국어/조선말"", ""iso_639_1"": ""ko"", ""english_name"": ""Korean""}, {""name"": ""English"", ""iso_639_1"": ""en"", ""english_name"": ""English""}]",2026-09-27 09:47:05.635683
1181678,¿Quieres ser mi hijo?,"Lu, a conformist woman in her forties, learns that her 15-year partner has been having extramarital affairs. Starting from scratch, she gets involved in an unexpected relationship with a young womanizer.",2023-09-21,7.2839,373,8.449,/6PQJsmuvSMZQMmlJfTpjIkrizUh.jpg,/xyWKrni8WrYzqn7ztvI5nIY0h62.jpg,en,"[{""id"": 35, ""name"": ""Comedy""}, {""id"": 10749, ""name"": ""Romance""}]",100,0,0,https://vix.com/detail/video-4442371,"",Released,tt27391124,"[{""id"": 6679, ""name"": ""MarVista Entertainment"", ""logo_path"": ""/r3r7qbHKgo8N0yr7r1TjLmzLXfQ.png"", ""origin_country"": ""US""}]","[{""name"": ""United States of America"", ""iso_3166_1"": ""US""}]","[{""name"": ""Español"", ""iso_639_1"": ""es"", ""english_name"": ""Spanish""}]",2026-09-27 09:47:05.635683
454639,Masters of the Universe,"After being separated for 15 years, the Sword of Power leads Prince Adam back to Eternia, where he discovers his home shattered under the fiendish rule of Skeletor. To save his family and his world, Adam must join forces with his closest allies, Teela and Duncan/Man-At-Arms, and embrace his true destiny as He-Man — the most powerful man in the universe.",2026-06-03,50.7318,2173,7.116,/oRuyGUHdoaQxWP3SDfafGkStxTC.jpg,/5MUMB3aPEPEQPCIAaygXFUTWE9Y.jpg,en,"[{""id"": 28, ""name"": ""Action""}, {""id"": 14, ""name"": ""Fantasy""}, {""id"": 878, ""name"": ""Science Fiction""}]",141,200000000,113763426,https://www.amazon.com/salp/motu?hhf=,"Legends aren't born, they're forged.",Released,tt0427340,"[{""id"": 1423, ""name"": ""Escape Artists"", ""logo_path"": ""/gzvsPHV9WqcQMrvI8pq5hbuvEZ5.png"", ""origin_country"": ""US""}, {""id"": 168848, ""name"": ""Mattel Studios"", ""logo_path"": ""/omEguKifcJixMvKWq85sUp4lFdT.png"", ""origin_country"": ""US""}, {""id"": 210099, ""name"": ""Amazon MGM Studios"", ""logo_path"": ""/g5oRCNCi8kNVb8gEoSoIcqkhjmR.png"", ""origin_country"": ""US""}]","[{""name"": ""United States of America"", ""iso_3166_1"": ""US""}]","[{""name"": ""English"", ""iso_639_1"": ""en"", ""english_name"": ""English""}]",2026-09-27 09:47:05.635683
1433583,The Weight,"When Samuel is torn from his daughter and sent to a brutal prison, Warden Clancy offers him a high-stakes proposition: smuggle gold out of a remote mine with a dangerous crew of prisoners and he’ll win his freedom.",2026-09-16,36.1865,26,6.9,/8i5iZV50CoEtmDCFM7RSxCkpE8h.jpg,/zLeq2fbHU6UdA7mhsYnIULORTgq.jpg,pt,"[{""id"": 18, ""name"": ""Drama""}, {""id"": 53, ""name"": ""Thriller""}, {""id"": 80, ""name"": ""Crime""}]",112,0,0,https://www.vert-ent.com/library/the-weight,A tale of good and evil.,Released,tt10794054,"[{""id"": 25540, ""name"": ""Fields Entertainment"", ""logo_path"": null, ""origin_country"": ""US""}, {""id"": 98506, ""name"": ""Under the Influence Productions"", ""logo_path"": null, ""origin_country"": ""US""}, {""id"": 20037, ""name"": ""Augenschein Filmproduktion"", ""logo_path"": ""/6W92BtQOutAi9KFp0aeb41RBH95.png"", ""origin_country"": ""DE""}, {""id"": 209127, ""name"": ""Logical Content Ventures"", ""logo_path"": ""/6kby8aYYQX7RqPGs0DPIGMtG2Sg.png"", ""origin_country"": ""FR""}, {""id"": 44225, ""name"": ""Construction Film"", ""logo_path"": ""/faD1loVvInTAOnwWpqNPRXe3Itj.png"", ""origin_country"": ""DE""}]","[{""name"": ""United States of America"", ""iso_3166_1"": ""US""}, {""name"": ""Germany"", ""iso_3166_1"": ""DE""}, {""name"": ""France"", ""iso_3166_1"": ""FR""}]","[{""name"": ""English"", ""iso_639_1"": ""en"", ""english_name"": ""English""}]",2026-09-27 09:47:05.635683
497,The Green Mile,"A supernatural tale set on death row in a Southern prison, where gentle giant John Coffey possesses the mysterious power to heal people's ailments. When the cell block's head guard, Paul Edgecomb, recognizes Coffey's miraculous gift, he tries desperately to help stave off the condemned man's execution.",1999-12-10,41.0759,19860,8.506,/8VG8fDNiy50H4FedGwdSVUPoaJe.jpg,/amZavErrjrdgDwhsIdpWxHNenIx.jpg,en,"[{""id"": 14, ""name"": ""Fantasy""}, {""id"": 18, ""name"": ""Drama""}, {""id"": 80, ""name"": ""Crime""}]",189,60000000,286801374,http://thegreenmile.warnerbros.com/,Paul Edgecomb didn't believe in miracles. Until the day he met one.,Released,tt0120689,"[{""id"": 97, ""name"": ""Castle Rock Entertainment"", ""logo_path"": ""/smyTD67uNsdaySnnjVDmh0kyotp.png"", ""origin_country"": ""US""}, {""id"": 3982, ""name"": ""Darkwoods Productions"", ""logo_path"": ""/bli7HkPOXOEWsDwDK0W7XXfeUU2.png"", ""origin_country"": ""US""}]","[{""name"": ""United States of America"", ""iso_3166_1"": ""US""}]","[{""name"": ""Français"", ""iso_639_1"": ""fr"", ""english_name"": ""French""}, {""name"": ""English"", ""iso_639_1"": ""en"", ""english_name"": ""English""}]",2026-09-27 09:47:05.635683
1083381,Backrooms,A strange doorway appears in the basement of a furniture showroom.,2026-05-27,102.3316,3439,7,/rhGx6E3qRNMgj3i5su2oukNHwIQ.jpg,/dqmMWNWfLnExDRpMtIMqI97GQFR.jpg,en,"[{""id"": 27, ""name"": ""Horror""}, {""id"": 9648, ""name"": ""Mystery""}, {""id"": 878, ""name"": ""Science Fiction""}]",111,10000000,400099619,https://app.a24films.com/release/backrooms/522,See how far it goes.,Released,tt26657236,"[{""id"": 76907, ""name"": ""Atomic Monster"", ""logo_path"": ""/ygMQtjsKX7BZkCQhQZY82lgnCUO.png"", ""origin_country"": ""US""}, {""id"": 2575, ""name"": ""21 Laps Entertainment"", ""logo_path"": ""/9YJrHYlcfHtwtulkFMAies3aFEl.png"", ""origin_country"": ""US""}, {""id"": 41077, ""name"": ""A24"", ""logo_path"": ""/1ZXsGaFPgrgS6ZZGS37AqD5uU12.png"", ""origin_country"": ""US""}, {""id"": 262307, ""name"": ""Phobos"", ""logo_path"": ""/Yt9QqQjZzvdZCRLN5vGoi3dc8n.png"", ""origin_country"": ""CA""}, {""id"": 251729, ""name"": ""The North Road Company"", ""logo_path"": ""/lKT1JrDNMwC9M3HvQQCofbiYtRr.png"", ""origin_country"": ""US""}]","[{""name"": ""United States of America"", ""iso_3166_1"": ""US""}, {""name"": ""Canada"", ""iso_3166_1"": ""CA""}]","[{""name"": ""English"", ""iso_639_1"": ""en"", ""english_name"": ""English""}]",2026-09-27 09:47:05.635683
1599993,Animals,"Four couples sail the thin line between desire and search for authenticity, in a world where truth is as fragile as their relationships.",2026-02-05,73.5047,50,6.3,/9fbZdiOI9fRinl44mNm3CYgEtYR.jpg,/3jgATRIFenOrgNKEC9bFv5QqKGf.jpg,es,"[{""id"": 35, ""name"": ""Comedy""}, {""id"": 53, ""name"": ""Thriller""}]",0,0,0,"",Hay puertas que no se deben abrir.,Released,tt34224947,"[{""id"": 143363, ""name"": ""Star Distribution"", ""logo_path"": ""/blNnSzGhVlG2ntchLosmCZobN1W.png"", ""origin_country"": """"}]","[{""name"": ""Dominican Republic"", ""iso_3166_1"": ""DO""}]","[{""name"": ""Español"", ""iso_639_1"": ""es"", ""english_name"": ""Spanish""}]",2026-09-27 09:47:05.635683
510,One Flew Over the Cuckoo's Nest,"A petty criminal fakes insanity to serve his sentence in a mental ward rather than prison. He soon finds himself as a leader to the other patients—and an enemy to the cruel, domineering nurse who runs the ward.",1975-11-19,21.8753,11792,8.405,/kjWsMh72V6d8KRLV4EOoSJLT1H7.jpg,/uA8eSNAUUUyfHNIrG4h0zHxzt9W.jpg,en,"[{""id"": 18, ""name"": ""Drama""}]",135,3000000,108981275,"","In this clean, orderly, disciplined world, who needs guys like McMurphy? Everybody.",Released,tt0073486,"[{""id"": 286, ""name"": ""Fantasy Films"", ""logo_path"": null, ""origin_country"": ""US""}]","[{""name"": ""United States of America"", ""iso_3166_1"": ""US""}]","[{""name"": ""English"", ""iso_639_1"": ""en"", ""english_name"": ""English""}]",2026-09-27 09:47:05.635683
